file,sheet,study_id,row_label,column,replicate,reps_per_col,value
Figures for submission/MTS_Liver_10.prism,[DATE] bx,PT-025,24h,DMSO,1,3,0.658
Figures for submission/MTS_Liver_10.prism,[DATE] bx,PT-025,24h,DMSO,3,3,0.655
Figures for submission/MTS_Liver_10.prism,[DATE] bx,PT-025,24h,FOLFIRINOX,1,3,0.87
Figures for submission/MTS_Liver_10.prism,[DATE] bx,PT-025,24h,FOLFIRINOX,2,3,0.575
Figures for submission/MTS_Liver_10.prism,[DATE] bx,PT-025,24h,FOLFIRINOX,3,3,0.333
Figures for submission/MTS_Liver_10.prism,[DATE] bx,PT-025,24h,Gem/Pac,1,3,0.312
Figures for submission/MTS_Liver_10.prism,[DATE] bx,PT-025,24h,Gem/Pac,2,3,0.58
Figures for submission/MTS_Liver_10.prism,[DATE] bx,PT-025,24h,Gem/Pac,3,3,0.558
Figures for submission/MTS_Liver_10.prism,[DATE] bx,PT-025,24h,RMC-7977,1,3,0.15
Figures for submission/MTS_Liver_10.prism,[DATE] bx,PT-025,24h,RMC-7977,2,3,0.128
Figures for submission/MTS_Liver_10.prism,[DATE] bx,PT-025,24h,RMC-7977,3,3,0.157
Figures for submission/MTS_Liver_10.prism,[DATE] bx,PT-025,24h,Trametinib,1,3,0.571
Figures for submission/MTS_Liver_10.prism,[DATE] bx,PT-025,24h,Trametinib,2,3,0.429
Figures for submission/MTS_Liver_10.prism,[DATE] bx,PT-025,48h,DMSO,1,3,0.483
Figures for submission/MTS_Liver_10.prism,[DATE] bx,PT-025,48h,DMSO,3,3,0.409
Figures for submission/MTS_Liver_10.prism,[DATE] bx,PT-025,48h,FOLFIRINOX,1,3,0.22
Figures for submission/MTS_Liver_10.prism,[DATE] bx,PT-025,48h,FOLFIRINOX,2,3,0.045
Figures for submission/MTS_Liver_10.prism,[DATE] bx,PT-025,48h,FOLFIRINOX,3,3,0.026
Figures for submission/MTS_Liver_10.prism,[DATE] bx,PT-025,48h,Gem/Pac,1,3,-0.012
Figures for submission/MTS_Liver_10.prism,[DATE] bx,PT-025,48h,Gem/Pac,2,3,0.112
Figures for submission/MTS_Liver_10.prism,[DATE] bx,PT-025,48h,Gem/Pac,3,3,0.178
Figures for submission/MTS_Liver_10.prism,[DATE] bx,PT-025,48h,RMC-7977,1,3,0.041
Figures for submission/MTS_Liver_10.prism,[DATE] bx,PT-025,48h,RMC-7977,2,3,-0.009
Figures for submission/MTS_Liver_10.prism,[DATE] bx,PT-025,48h,RMC-7977,3,3,-0.005
Figures for submission/MTS_Liver_10.prism,[DATE] bx,PT-025,48h,Trametinib,1,3,0.058
Figures for submission/MTS_Liver_10.prism,[DATE] bx,PT-025,48h,Trametinib,2,3,0.024
Figures for submission/MTS_Liver_10.prism,[DATE] bx,PT-025,48h,Trametinib,3,3,-0.002
Figures for submission/MTS_Liver_10.prism,[DATE] bx,PT-024,24h,DMSO,1,2,0.803
Figures for submission/MTS_Liver_10.prism,[DATE] bx,PT-024,24h,FOLFIRINOX,1,2,0.595
Figures for submission/MTS_Liver_10.prism,[DATE] bx,PT-024,24h,Gem/Pac,1,2,0.074
Figures for submission/MTS_Liver_10.prism,[DATE] bx,PT-024,24h,RMC-7977,1,2,0.624
Figures for submission/MTS_Liver_10.prism,[DATE] bx,PT-024,24h,Trametinib,1,2,0.528
Figures for submission/MTS_Liver_10.prism,[DATE] bx,PT-024,48h,DMSO,1,2,0.476
Figures for submission/MTS_Liver_10.prism,[DATE] bx,PT-024,48h,FOLFIRINOX,1,2,0.289
Figures for submission/MTS_Liver_10.prism,[DATE] bx,PT-024,48h,Gem/Pac,1,2,0.007
Figures for submission/MTS_Liver_10.prism,[DATE] bx,PT-024,48h,RMC-7977,1,2,0.11
Figures for submission/MTS_Liver_10.prism,[DATE] bx,PT-024,48h,Trametinib,1,2,0.169
Figures for submission/MTS_Liver_bx_KRAS.prism,[DATE] bx - G12R,PT-025,24h,DMSO,1,3,0.658
Figures for submission/MTS_Liver_bx_KRAS.prism,[DATE] bx - G12R,PT-025,24h,DMSO,3,3,0.655
Figures for submission/MTS_Liver_bx_KRAS.prism,[DATE] bx - G12R,PT-025,24h,FOLFIRINOX,1,3,0.87
Figures for submission/MTS_Liver_bx_KRAS.prism,[DATE] bx - G12R,PT-025,24h,FOLFIRINOX,2,3,0.575
Figures for submission/MTS_Liver_bx_KRAS.prism,[DATE] bx - G12R,PT-025,24h,FOLFIRINOX,3,3,0.333
Figures for submission/MTS_Liver_bx_KRAS.prism,[DATE] bx - G12R,PT-025,24h,Gem/Pac,1,3,0.312
Figures for submission/MTS_Liver_bx_KRAS.prism,[DATE] bx - G12R,PT-025,24h,Gem/Pac,2,3,0.58
Figures for submission/MTS_Liver_bx_KRAS.prism,[DATE] bx - G12R,PT-025,24h,Gem/Pac,3,3,0.558
Figures for submission/MTS_Liver_bx_KRAS.prism,[DATE] bx - G12R,PT-025,24h,RMC-7977,1,3,0.15
Figures for submission/MTS_Liver_bx_KRAS.prism,[DATE] bx - G12R,PT-025,24h,RMC-7977,2,3,0.128
Figures for submission/MTS_Liver_bx_KRAS.prism,[DATE] bx - G12R,PT-025,24h,RMC-7977,3,3,0.157
Figures for submission/MTS_Liver_bx_KRAS.prism,[DATE] bx - G12R,PT-025,24h,Trametinib,1,3,0.571
Figures for submission/MTS_Liver_bx_KRAS.prism,[DATE] bx - G12R,PT-025,24h,Trametinib,2,3,0.429
Figures for submission/MTS_Liver_bx_KRAS.prism,[DATE] bx - G12R,PT-025,48h,DMSO,1,3,0.483
Figures for submission/MTS_Liver_bx_KRAS.prism,[DATE] bx - G12R,PT-025,48h,DMSO,3,3,0.409
Figures for submission/MTS_Liver_bx_KRAS.prism,[DATE] bx - G12R,PT-025,48h,FOLFIRINOX,1,3,0.22
Figures for submission/MTS_Liver_bx_KRAS.prism,[DATE] bx - G12R,PT-025,48h,FOLFIRINOX,2,3,0.045
Figures for submission/MTS_Liver_bx_KRAS.prism,[DATE] bx - G12R,PT-025,48h,FOLFIRINOX,3,3,0.026
Figures for submission/MTS_Liver_bx_KRAS.prism,[DATE] bx - G12R,PT-025,48h,Gem/Pac,1,3,-0.012
Figures for submission/MTS_Liver_bx_KRAS.prism,[DATE] bx - G12R,PT-025,48h,Gem/Pac,2,3,0.112
Figures for submission/MTS_Liver_bx_KRAS.prism,[DATE] bx - G12R,PT-025,48h,Gem/Pac,3,3,0.178
Figures for submission/MTS_Liver_bx_KRAS.prism,[DATE] bx - G12R,PT-025,48h,RMC-7977,1,3,0.041
Figures for submission/MTS_Liver_bx_KRAS.prism,[DATE] bx - G12R,PT-025,48h,RMC-7977,2,3,-0.009
Figures for submission/MTS_Liver_bx_KRAS.prism,[DATE] bx - G12R,PT-025,48h,RMC-7977,3,3,-0.005
Figures for submission/MTS_Liver_bx_KRAS.prism,[DATE] bx - G12R,PT-025,48h,Trametinib,1,3,0.058
Figures for submission/MTS_Liver_bx_KRAS.prism,[DATE] bx - G12R,PT-025,48h,Trametinib,2,3,0.024
Figures for submission/MTS_Liver_bx_KRAS.prism,[DATE] bx - G12R,PT-025,48h,Trametinib,3,3,-0.002
Figures for submission/MTS_Liver_bx_KRAS.prism,[DATE] bx - G12R,PT-024,24h,DMSO,1,2,0.803
Figures for submission/MTS_Liver_bx_KRAS.prism,[DATE] bx - G12R,PT-024,24h,FOLFIRINOX,1,2,0.595
Figures for submission/MTS_Liver_bx_KRAS.prism,[DATE] bx - G12R,PT-024,24h,Gem/Pac,1,2,0.074
Figures for submission/MTS_Liver_bx_KRAS.prism,[DATE] bx - G12R,PT-024,24h,RMC-7977,1,2,0.624
Figures for submission/MTS_Liver_bx_KRAS.prism,[DATE] bx - G12R,PT-024,24h,Trametinib,1,2,0.528
Figures for submission/MTS_Liver_bx_KRAS.prism,[DATE] bx - G12R,PT-024,48h,DMSO,1,2,0.476
Figures for submission/MTS_Liver_bx_KRAS.prism,[DATE] bx - G12R,PT-024,48h,FOLFIRINOX,1,2,0.289
Figures for submission/MTS_Liver_bx_KRAS.prism,[DATE] bx - G12R,PT-024,48h,Gem/Pac,1,2,0.007
Figures for submission/MTS_Liver_bx_KRAS.prism,[DATE] bx - G12R,PT-024,48h,RMC-7977,1,2,0.11
Figures for submission/MTS_Liver_bx_KRAS.prism,[DATE] bx - G12R,PT-024,48h,Trametinib,1,2,0.169
Figures for submission/MTS_Liver_bx_KRAS.prism,[DATE] bx - G12V,PT-012,24h,DMSO,1,2,0.2395
Figures for submission/MTS_Liver_bx_KRAS.prism,[DATE] bx - G12V,PT-012,24h,DMSO,2,2,0.2055
Figures for submission/MTS_Liver_bx_KRAS.prism,[DATE] bx - G12V,PT-012,24h,FOLFIRINOX,1,2,0.2425
Figures for submission/MTS_Liver_bx_KRAS.prism,[DATE] bx - G12V,PT-012,24h,FOLFIRINOX,2,2,0.2535
Figures for submission/MTS_Liver_bx_KRAS.prism,[DATE] bx - G12V,PT-012,24h,Gem/Pac,1,2,0.1375
Figures for submission/MTS_Liver_bx_KRAS.prism,[DATE] bx - G12V,PT-012,24h,Gem/Pac,2,2,0.1905
Figures for submission/MTS_Liver_bx_KRAS.prism,[DATE] bx - G12V,PT-012,24h,RMC-7977,1,2,0.0905
Figures for submission/MTS_Liver_bx_KRAS.prism,[DATE] bx - G12V,PT-012,24h,RMC-7977,2,2,0.1465
Figures for submission/MTS_Liver_bx_KRAS.prism,[DATE] bx - G12D,PT-014,24h,DMSO,1,2,0.9115
Figures for submission/MTS_Liver_bx_KRAS.prism,[DATE] bx - G12D,PT-014,24h,DMSO,2,2,0.2365
Figures for submission/MTS_Liver_bx_KRAS.prism,[DATE] bx - G12D,PT-014,24h,FOLFIRINOX,1,2,1.8295
Figures for submission/MTS_Liver_bx_KRAS.prism,[DATE] bx - G12D,PT-014,24h,FOLFIRINOX,2,2,1.3205
Figures for submission/MTS_Liver_bx_KRAS.prism,[DATE] bx - G12D,PT-014,24h,Gem/Pac,1,2,1.0045
Figures for submission/MTS_Liver_bx_KRAS.prism,[DATE] bx - G12D,PT-014,24h,Gem/Pac,2,2,0.8175
Figures for submission/MTS_Liver_bx_KRAS.prism,[DATE] bx - G12D,PT-014,24h,RMC-7977,1,2,1.3055
Figures for submission/MTS_Liver_bx_KRAS.prism,[DATE] bx - G12D,PT-014,24h,RMC-7977,2,2,1.8005
Figures for submission/MTS_Liver_bx_KRAS.prism,[DATE] bx - G12D,PT-014,48h,DMSO,1,2,2.288
Figures for submission/MTS_Liver_bx_KRAS.prism,[DATE] bx - G12D,PT-014,48h,DMSO,2,2,0.738
Figures for submission/MTS_Liver_bx_KRAS.prism,[DATE] bx - G12D,PT-014,48h,FOLFIRINOX,1,2,1.867
Figures for submission/MTS_Liver_bx_KRAS.prism,[DATE] bx - G12D,PT-014,48h,FOLFIRINOX,2,2,1.637
Figures for submission/MTS_Liver_bx_KRAS.prism,[DATE] bx - G12D,PT-014,48h,Gem/Pac,1,2,1.781
Figures for submission/MTS_Liver_bx_KRAS.prism,[DATE] bx - G12D,PT-014,48h,Gem/Pac,2,2,1.038
Figures for submission/MTS_Liver_bx_KRAS.prism,[DATE] bx - G12D,PT-014,48h,RMC-7977,1,2,1.543
Figures for submission/MTS_Liver_bx_KRAS.prism,[DATE] bx - G12D,PT-014,48h,RMC-7977,2,2,1.322
Manuscript Drafts with Results/GraphPad Files/CA 19-9 and imaging files/Graphs for Illustrator.pzfx,PDAC 5,,0.[ID],,1,,38.0
Manuscript Drafts with Results/GraphPad Files/CA 19-9 and imaging files/Graphs for Illustrator.pzfx,PDAC 5,,11.[ID],,1,,12.0
Manuscript Drafts with Results/GraphPad Files/CA 19-9 and imaging files/Graphs for Illustrator.pzfx,PDAC 5,,18.[ID],,1,,16.5
Manuscript Drafts with Results/GraphPad Files/CA 19-9 and imaging files/Graphs for Illustrator.pzfx,PDAC 5,,27.[ID],,1,,8.8
Manuscript Drafts with Results/GraphPad Files/CA 19-9 and imaging files/Graphs for Illustrator.pzfx,PDAC 5,,33.[ID],,1,,6.7
Manuscript Drafts with Results/GraphPad Files/CA 19-9 and imaging files/Graphs for Illustrator.pzfx,PDAC 5,,49.[ID],,1,,7.3
Manuscript Drafts with Results/GraphPad Files/CA 19-9 and imaging files/Graphs for Illustrator.pzfx,PDAC 5,,66.[ID],,1,,6.4
Manuscript Drafts with Results/GraphPad Files/CA 19-9 and imaging files/Graphs for Illustrator.pzfx,Liver Bx7,,4.[ID],,1,,18002.0
Manuscript Drafts with Results/GraphPad Files/CA 19-9 and imaging files/Graphs for Illustrator.pzfx,Liver Bx7,,6.[ID],,1,,18458.0
Manuscript Drafts with Results/GraphPad Files/CA 19-9 and imaging files/Graphs for Illustrator.pzfx,Liver Bx7,,8.[ID],,1,,17564.0
Manuscript Drafts with Results/GraphPad Files/CA 19-9 and imaging files/Graphs for Illustrator.pzfx,Liver Bx7,,10.[ID],,1,,16265.0
Manuscript Drafts with Results/GraphPad Files/CA 19-9 and imaging files/Graphs for Illustrator.pzfx,Liver Bx7,,11.[ID],,1,,18378.0
Manuscript Drafts with Results/GraphPad Files/CA 19-9 and imaging files/Graphs for Illustrator.pzfx,Liver Bx7,,13.[ID],,1,,4380.0
Manuscript Drafts with Results/GraphPad Files/CA 19-9 and imaging files/Graphs for Illustrator.pzfx,Liver Bx7,,14.[ID],,1,,2935.0
Manuscript Drafts with Results/GraphPad Files/CA 19-9 and imaging files/Graphs for Illustrator.pzfx,Liver Bx7,,16.[ID],,1,,1426.0
Manuscript Drafts with Results/GraphPad Files/CA 19-9 and imaging files/Graphs for Illustrator.pzfx,Liver Bx7,,18.[ID],,1,,602.0
Manuscript Drafts with Results/GraphPad Files/CA 19-9 and imaging files/Graphs for Illustrator.pzfx,Liver Bx7,,20.[ID],,1,,262.0
Manuscript Drafts with Results/GraphPad Files/CA 19-9 and imaging files/Graphs for Illustrator.pzfx,Liver Bx7,,22.[ID],,1,,288.0
Manuscript Drafts with Results/GraphPad Files/CA 19-9 and imaging files/Graphs for Illustrator.pzfx,Liver Bx7,,24.[ID],,1,,131.5
Manuscript Drafts with Results/GraphPad Files/CA 19-9 and imaging files/Graphs for Illustrator.pzfx,Liver Bx7,,26.[ID],,1,,118.0
Manuscript Drafts with Results/GraphPad Files/CA 19-9 and imaging files/Graphs for Illustrator.pzfx,Liver Bx7,,28.[ID],,1,,87.0
Manuscript Drafts with Results/GraphPad Files/CA 19-9 and imaging files/Graphs for Illustrator.pzfx,Liver Bx7,,30.[ID],,1,,31.9
Manuscript Drafts with Results/GraphPad Files/CA 19-9 and imaging files/Graphs for Illustrator.pzfx,Liver Bx7,,32.[ID],,1,,27.0
Manuscript Drafts with Results/GraphPad Files/CA 19-9 and imaging files/Graphs for Illustrator.pzfx,Liver Bx7,,35.[ID],,1,,19.6
Manuscript Drafts with Results/GraphPad Files/CA 19-9 and imaging files/Graphs for Illustrator.pzfx,Liver Bx7,,37.[ID],,1,,20.8
Manuscript Drafts with Results/GraphPad Files/CA 19-9 and imaging files/Graphs for Illustrator.pzfx,Liver Bx7,,39.[ID],,1,,20.9
Manuscript Drafts with Results/GraphPad Files/CA 19-9 and imaging files/Graphs for Illustrator.pzfx,Liver Bx7,,41.[ID],,1,,28.0
Manuscript Drafts with Results/GraphPad Files/CA 19-9 and imaging files/Graphs for Illustrator.pzfx,Liver Bx7,,43.[ID],,1,,34.0
Manuscript Drafts with Results/GraphPad Files/CA 19-9 and imaging files/Graphs for Illustrator.pzfx,Liver Bx7,,45.[ID],,1,,52.1
Manuscript Drafts with Results/GraphPad Files/CA 19-9 and imaging files/Graphs for Illustrator.pzfx,Liver Bx7,,47.[ID],,1,,43.6
Manuscript Drafts with Results/GraphPad Files/CA 19-9 and imaging files/Graphs for Illustrator.pzfx,Liver Bx7,,49.[ID],,1,,37.2
Manuscript Drafts with Results/GraphPad Files/CA 19-9 and imaging files/Graphs for Illustrator.pzfx,Liver Bx7,,49.[ID],,1,,65.2
Manuscript Drafts with Results/GraphPad Files/CA 19-9 and imaging files/Graphs for Illustrator.pzfx,Liver Bx7,,51.[ID],,1,,98.8
Manuscript Drafts with Results/GraphPad Files/CA 19-9 and imaging files/Graphs for Illustrator.pzfx,Liver Bx7,,54,,1,,52.9
Manuscript Drafts with Results/GraphPad Files/CA 19-9 and imaging files/Graphs for Illustrator.pzfx,Liver Bx7,,55,,1,,59.7
Manuscript Drafts with Results/GraphPad Files/CA 19-9 and imaging files/Graphs for Illustrator.pzfx,Liver Bx7,,56,,1,,121.2
Manuscript Drafts with Results/GraphPad Files/CA 19-9 and imaging files/Graphs for Illustrator.pzfx,Liver Bx7,,58.[ID],,1,,78.3
Manuscript Drafts with Results/GraphPad Files/CA 19-9 and imaging files/Graphs for Illustrator.pzfx,Liver Bx7,,62,,1,,30.5
Manuscript Drafts with Results/GraphPad Files/CA 19-9 and imaging files/Graphs for Illustrator.pzfx,Liver Bx7,,67,,1,,32.5
Manuscript Drafts with Results/GraphPad Files/CA 19-9 and imaging files/Graphs for Illustrator.pzfx,Liver Bx7,,71.[ID],,1,,30.5
Manuscript Drafts with Results/GraphPad Files/CA 19-9 and imaging files/Graphs for Illustrator.pzfx,Liver Bx7,,76,,1,,28.6
Manuscript Drafts with Results/GraphPad Files/CA 19-9 and imaging files/Graphs for Illustrator.pzfx,Liver Bx7,,81,,1,,21.5
Manuscript Drafts with Results/GraphPad Files/CA 19-9 and imaging files/Graphs for Illustrator.pzfx,Liver Bx [DATE],PT-024,0,,1,,177.0
Manuscript Drafts with Results/GraphPad Files/CA 19-9 and imaging files/Graphs for Illustrator.pzfx,Liver Bx [DATE],PT-024,0.[ID],,1,,216.0
Manuscript Drafts with Results/GraphPad Files/CA 19-9 and imaging files/Graphs for Illustrator.pzfx,Liver Bx [DATE],PT-024,0.[ID],,1,,193.0
Manuscript Drafts with Results/GraphPad Files/CA 19-9 and imaging files/Graphs for Illustrator.pzfx,Liver Bx [DATE],PT-024,0.[ID],,1,,98.0
Manuscript Drafts with Results/GraphPad Files/CA 19-9 and imaging files/Graphs for Illustrator.pzfx,Liver Bx [DATE],PT-024,0.[ID],,1,,92.8
Manuscript Drafts with Results/GraphPad Files/CA 19-9 and imaging files/Graphs for Illustrator.pzfx,Liver Bx [DATE],PT-024,0.[ID],,1,,83.0
Manuscript Drafts with Results/GraphPad Files/CA 19-9 and imaging files/Graphs for Illustrator.pzfx,Liver Bx [DATE],PT-024,0.[ID],,1,,39.0
Manuscript Drafts with Results/GraphPad Files/CA 19-9 and imaging files/Graphs for Illustrator.pzfx,Liver Bx [DATE],PT-024,0.[ID],,1,,23.0
Manuscript Drafts with Results/GraphPad Files/CA 19-9 and imaging files/Graphs for Illustrator.pzfx,Liver Bx [DATE],PT-024,0.[ID],,1,,20.1
Manuscript Drafts with Results/GraphPad Files/CA 19-9 and imaging files/Graphs for Illustrator.pzfx,Liver Bx [DATE],PT-024,1.[ID],,1,,66.1
Manuscript Drafts with Results/GraphPad Files/CA 19-9 and imaging files/Graphs for Illustrator.pzfx,Liver Bx [DATE],PT-024,1.[ID],,1,,183.0
Manuscript Drafts with Results/GraphPad Files/CA 19-9 and imaging files/Graphs for Illustrator.pzfx,Liver Bx [DATE],PT-024,1.[ID],,1,,292.0
Manuscript Drafts with Results/GraphPad Files/CA 19-9 and imaging files/Graphs for Illustrator.pzfx,Liver Bx [DATE],PT-024,1.[ID],,1,,574.0
Manuscript Drafts with Results/GraphPad Files/CA 19-9 and imaging files/Graphs for Illustrator.pzfx,Liver Bx [DATE],PT-024,1.[ID],,1,,463.0
Manuscript Drafts with Results/GraphPad Files/CA 19-9 and imaging files/Graphs for Illustrator.pzfx,Liver Bx [DATE],PT-024,1.[ID],,1,,295.0
Manuscript Drafts with Results/GraphPad Files/CA 19-9 and imaging files/Graphs for Illustrator.pzfx,Liver Bx [DATE],PT-024,1.[ID],,1,,263.0
Manuscript Drafts with Results/GraphPad Files/CA 19-9 and imaging files/Graphs for Illustrator.pzfx,Liver Bx [DATE],PT-024,1.[ID],,1,,165.0
Manuscript Drafts with Results/GraphPad Files/CA 19-9 and imaging files/Graphs for Illustrator.pzfx,Liver Bx [DATE],PT-024,1.[ID],,1,,115.0
Manuscript Drafts with Results/GraphPad Files/CA 19-9 and imaging files/Graphs for Illustrator.pzfx,Liver Bx [DATE],PT-024,1.[ID],,1,,97.0
Manuscript Drafts with Results/GraphPad Files/CA 19-9 and imaging files/Graphs for Illustrator.pzfx,Liver Bx [DATE],PT-024,2.[ID],,1,,73.0
Manuscript Drafts with Results/GraphPad Files/Core Biopsy Nuclear Density.pzfx,PDAC 1,,row1,Day 1,1,,0.001015876
Manuscript Drafts with Results/GraphPad Files/Core Biopsy Nuclear Density.pzfx,PDAC 1,,row2,Day 1,1,,0.001100775
Manuscript Drafts with Results/GraphPad Files/Core Biopsy Nuclear Density.pzfx,PDAC 1,,row3,Day 1,1,,0.000977587
Manuscript Drafts with Results/GraphPad Files/Core Biopsy Nuclear Density.pzfx,PDAC 1,,row4,Day 1,1,,0.000754813
Manuscript Drafts with Results/GraphPad Files/Core Biopsy Nuclear Density.pzfx,PDAC 1,,row5,Day 1,1,,0.001993188
Manuscript Drafts with Results/GraphPad Files/Core Biopsy Nuclear Density.pzfx,PDAC 1,,row6,Day 1,1,,0.00166286
Manuscript Drafts with Results/GraphPad Files/Core Biopsy Nuclear Density.pzfx,PDAC 1,,row1,Day 7,1,,0.000424397
Manuscript Drafts with Results/GraphPad Files/Core Biopsy Nuclear Density.pzfx,PDAC 1,,row2,Day 7,1,,0.000608462
Manuscript Drafts with Results/GraphPad Files/Core Biopsy Nuclear Density.pzfx,PDAC 1,,row3,Day 7,1,,0.000754352
Manuscript Drafts with Results/GraphPad Files/Core Biopsy Nuclear Density.pzfx,PDAC 1,,row4,Day 7,1,,0.000811453
Manuscript Drafts with Results/GraphPad Files/Core Biopsy Nuclear Density.pzfx,PDAC 1,,row5,Day 7,1,,0.000855486
Manuscript Drafts with Results/GraphPad Files/Core Biopsy Nuclear Density.pzfx,PDAC 1,,row6,Day 7,1,,0.001399624
Manuscript Drafts with Results/GraphPad Files/Core Biopsy Nuclear Density.pzfx,PDAC 1,,row1,Day 7 DMSO,1,,0.000580431
Manuscript Drafts with Results/GraphPad Files/Core Biopsy Nuclear Density.pzfx,PDAC 1,,row2,Day 7 DMSO,1,,0.000589262
Manuscript Drafts with Results/GraphPad Files/Core Biopsy Nuclear Density.pzfx,PDAC 1,,row3,Day 7 DMSO,1,,0.000660653
Manuscript Drafts with Results/GraphPad Files/Core Biopsy Nuclear Density.pzfx,PDAC 1,,row4,Day 7 DMSO,1,,0.000716296
Manuscript Drafts with Results/GraphPad Files/Core Biopsy Nuclear Density.pzfx,PDAC 1,,row5,Day 7 DMSO,1,,0.001247034
Manuscript Drafts with Results/GraphPad Files/Core Biopsy Nuclear Density.pzfx,PDAC 1,,row6,Day 7 DMSO,1,,0.000765049
Manuscript Drafts with Results/GraphPad Files/Core Biopsy Nuclear Density.pzfx,PDAC 1,,row1,Day 7 STS,1,,0.000442687
Manuscript Drafts with Results/GraphPad Files/Core Biopsy Nuclear Density.pzfx,PDAC 1,,row2,Day 7 STS,1,,0.000376543
Manuscript Drafts with Results/GraphPad Files/Core Biopsy Nuclear Density.pzfx,PDAC 1,,row3,Day 7 STS,1,,0.00059249
Manuscript Drafts with Results/GraphPad Files/Core Biopsy Nuclear Density.pzfx,PDAC 1,,row4,Day 7 STS,1,,0.000470111
Manuscript Drafts with Results/GraphPad Files/Core Biopsy Nuclear Density.pzfx,PDAC 1,,row5,Day 7 STS,1,,0.000668082
Manuscript Drafts with Results/GraphPad Files/Core Biopsy Nuclear Density.pzfx,PDAC 1,,row6,Day 7 STS,1,,0.000577848
Manuscript Drafts with Results/GraphPad Files/Core Biopsy Nuclear Density.pzfx,PDAC 2 Viability,,row1,Day 0,1,,0.001572216
Manuscript Drafts with Results/GraphPad Files/Core Biopsy Nuclear Density.pzfx,PDAC 2 Viability,,row2,Day 0,1,,0.001477797
Manuscript Drafts with Results/GraphPad Files/Core Biopsy Nuclear Density.pzfx,PDAC 2 Viability,,row3,Day 0,1,,0.001126516
Manuscript Drafts with Results/GraphPad Files/Core Biopsy Nuclear Density.pzfx,PDAC 2 Viability,,row4,Day 0,1,,0.001008806
Manuscript Drafts with Results/GraphPad Files/Core Biopsy Nuclear Density.pzfx,PDAC 2 Viability,,row5,Day 0,1,,0.001253723
Manuscript Drafts with Results/GraphPad Files/Core Biopsy Nuclear Density.pzfx,PDAC 2 Viability,,row6,Day 0,1,,0.001292489
Manuscript Drafts with Results/GraphPad Files/Core Biopsy Nuclear Density.pzfx,PDAC 2 Viability,,row1,Day 2,1,,0.000905924
Manuscript Drafts with Results/GraphPad Files/Core Biopsy Nuclear Density.pzfx,PDAC 2 Viability,,row2,Day 2,1,,0.001554576
Manuscript Drafts with Results/GraphPad Files/Core Biopsy Nuclear Density.pzfx,PDAC 2 Viability,,row3,Day 2,1,,0.000724065
Manuscript Drafts with Results/GraphPad Files/Core Biopsy Nuclear Density.pzfx,PDAC 2 Viability,,row4,Day 2,1,,0.00177092
Manuscript Drafts with Results/GraphPad Files/Core Biopsy Nuclear Density.pzfx,PDAC 2 Viability,,row5,Day 2,1,,0.002376291
Manuscript Drafts with Results/GraphPad Files/Core Biopsy Nuclear Density.pzfx,PDAC 2 Viability,,row6,Day 2,1,,0.001145747
Manuscript Drafts with Results/GraphPad Files/Core Biopsy Nuclear Density.pzfx,PDAC 2 Viability,,row1,Day 3,1,,0.001132312
Manuscript Drafts with Results/GraphPad Files/Core Biopsy Nuclear Density.pzfx,PDAC 2 Viability,,row2,Day 3,1,,0.001745092
Manuscript Drafts with Results/GraphPad Files/Core Biopsy Nuclear Density.pzfx,PDAC 2 Viability,,row3,Day 3,1,,0.001298845
Manuscript Drafts with Results/GraphPad Files/Core Biopsy Nuclear Density.pzfx,PDAC 2 Viability,,row4,Day 3,1,,0.001766956
Manuscript Drafts with Results/GraphPad Files/Core Biopsy Nuclear Density.pzfx,PDAC 2 Viability,,row5,Day 3,1,,0.001464475
Manuscript Drafts with Results/GraphPad Files/Core Biopsy Nuclear Density.pzfx,PDAC 2 Viability,,row6,Day 3,1,,0.001346391
Manuscript Drafts with Results/GraphPad Files/Core Biopsy Nuclear Density.pzfx,PDAC 2 Viability,,row1,Day 5,1,,0.001021305
Manuscript Drafts with Results/GraphPad Files/Core Biopsy Nuclear Density.pzfx,PDAC 2 Viability,,row2,Day 5,1,,0.000729222
Manuscript Drafts with Results/GraphPad Files/Core Biopsy Nuclear Density.pzfx,PDAC 2 Viability,,row3,Day 5,1,,0.001582657
Manuscript Drafts with Results/GraphPad Files/Core Biopsy Nuclear Density.pzfx,PDAC 2 Viability,,row4,Day 5,1,,0.000957562
Manuscript Drafts with Results/GraphPad Files/Core Biopsy Nuclear Density.pzfx,PDAC 2 Viability,,row5,Day 5,1,,0.001373401
Manuscript Drafts with Results/GraphPad Files/Core Biopsy Nuclear Density.pzfx,PDAC 2 Viability,,row6,Day 5,1,,0.001187913
Manuscript Drafts with Results/GraphPad Files/Core Biopsy Nuclear Density.pzfx,PDAC 2 Viability,,row1,Day 7,1,,0.001374917
Manuscript Drafts with Results/GraphPad Files/Core Biopsy Nuclear Density.pzfx,PDAC 2 Viability,,row2,Day 7,1,,0.001555762
Manuscript Drafts with Results/GraphPad Files/Core Biopsy Nuclear Density.pzfx,PDAC 2 Viability,,row3,Day 7,1,,0.001308216
Manuscript Drafts with Results/GraphPad Files/Core Biopsy Nuclear Density.pzfx,PDAC 2 Viability,,row4,Day 7,1,,0.001570146
Manuscript Drafts with Results/GraphPad Files/Core Biopsy Nuclear Density.pzfx,PDAC 2 Viability,,row5,Day 7,1,,0.001544146
Manuscript Drafts with Results/GraphPad Files/Core Biopsy Nuclear Density.pzfx,PDAC 2 Viability,,row6,Day 7,1,,0.002012214
Manuscript Drafts with Results/GraphPad Files/Core Biopsy Nuclear Density.pzfx,PDAC 2 IC50,,row1,DMSO,1,,0.001398331
Manuscript Drafts with Results/GraphPad Files/Core Biopsy Nuclear Density.pzfx,PDAC 2 IC50,,row2,DMSO,1,,0.002492216
Manuscript Drafts with Results/GraphPad Files/Core Biopsy Nuclear Density.pzfx,PDAC 2 IC50,,row3,DMSO,1,,0.002056888
Manuscript Drafts with Results/GraphPad Files/Core Biopsy Nuclear Density.pzfx,PDAC 2 IC50,,row4,DMSO,1,,0.00140176
Manuscript Drafts with Results/GraphPad Files/Core Biopsy Nuclear Density.pzfx,PDAC 2 IC50,,row5,DMSO,1,,0.001417536
Manuscript Drafts with Results/GraphPad Files/Core Biopsy Nuclear Density.pzfx,PDAC 2 IC50,,row6,DMSO,1,,0.001819638
Manuscript Drafts with Results/GraphPad Files/Core Biopsy Nuclear Density.pzfx,PDAC 2 IC50,,row1,STS 3.3uM,1,,0.001617007
Manuscript Drafts with Results/GraphPad Files/Core Biopsy Nuclear Density.pzfx,PDAC 2 IC50,,row2,STS 3.3uM,1,,0.001054577
Manuscript Drafts with Results/GraphPad Files/Core Biopsy Nuclear Density.pzfx,PDAC 2 IC50,,row3,STS 3.3uM,1,,0.000571425
Manuscript Drafts with Results/GraphPad Files/Core Biopsy Nuclear Density.pzfx,PDAC 2 IC50,,row4,STS 3.3uM,1,,0.000349129
Manuscript Drafts with Results/GraphPad Files/Core Biopsy Nuclear Density.pzfx,PDAC 2 IC50,,row5,STS 3.3uM,1,,0.000491942
Manuscript Drafts with Results/GraphPad Files/Core Biopsy Nuclear Density.pzfx,PDAC 2 IC50,,row6,STS 3.3uM,1,,0.000362409
Manuscript Drafts with Results/GraphPad Files/Core Biopsy Nuclear Density.pzfx,PDAC 4 [TB] [DATE],PT-007|PT-008,row1,DMSO,1,,0.002904876
Manuscript Drafts with Results/GraphPad Files/Core Biopsy Nuclear Density.pzfx,PDAC 4 [TB] [DATE],PT-007|PT-008,row2,DMSO,1,,0.00194868
Manuscript Drafts with Results/GraphPad Files/Core Biopsy Nuclear Density.pzfx,PDAC 4 [TB] [DATE],PT-007|PT-008,row3,DMSO,1,,0.00304087
Manuscript Drafts with Results/GraphPad Files/Core Biopsy Nuclear Density.pzfx,PDAC 4 [TB] [DATE],PT-007|PT-008,row4,DMSO,1,,0.002621936
Manuscript Drafts with Results/GraphPad Files/Core Biopsy Nuclear Density.pzfx,PDAC 4 [TB] [DATE],PT-007|PT-008,row5,DMSO,1,,0.001640897
Manuscript Drafts with Results/GraphPad Files/Core Biopsy Nuclear Density.pzfx,PDAC 4 [TB] [DATE],PT-007|PT-008,row6,DMSO,1,,0.002746599
Manuscript Drafts with Results/GraphPad Files/Core Biopsy Nuclear Density.pzfx,PDAC 4 [TB] [DATE],PT-007|PT-008,row1,Folfirinox,1,,0.000751563
Manuscript Drafts with Results/GraphPad Files/Core Biopsy Nuclear Density.pzfx,PDAC 4 [TB] [DATE],PT-007|PT-008,row2,Folfirinox,1,,0.000739458
Manuscript Drafts with Results/GraphPad Files/Core Biopsy Nuclear Density.pzfx,PDAC 4 [TB] [DATE],PT-007|PT-008,row3,Folfirinox,1,,0.000670733
Manuscript Drafts with Results/GraphPad Files/Core Biopsy Nuclear Density.pzfx,PDAC 4 [TB] [DATE],PT-007|PT-008,row4,Folfirinox,1,,0.000647086
Manuscript Drafts with Results/GraphPad Files/Core Biopsy Nuclear Density.pzfx,PDAC 4 [TB] [DATE],PT-007|PT-008,row5,Folfirinox,1,,0.000904762
Manuscript Drafts with Results/GraphPad Files/Core Biopsy Nuclear Density.pzfx,PDAC 4 [TB] [DATE],PT-007|PT-008,row6,Folfirinox,1,,0.000840708
Manuscript Drafts with Results/GraphPad Files/Core Biopsy Nuclear Density.pzfx,PDAC 5 [TB] [DATE],PT-011,row1,Control,1,,0.001356149
Manuscript Drafts with Results/GraphPad Files/Core Biopsy Nuclear Density.pzfx,PDAC 5 [TB] [DATE],PT-011,row2,Control,1,,0.001409244
Manuscript Drafts with Results/GraphPad Files/Core Biopsy Nuclear Density.pzfx,PDAC 5 [TB] [DATE],PT-011,row3,Control,1,,0.001694017
Manuscript Drafts with Results/GraphPad Files/Core Biopsy Nuclear Density.pzfx,PDAC 5 [TB] [DATE],PT-011,row4,Control,1,,0.001907789
Manuscript Drafts with Results/GraphPad Files/Core Biopsy Nuclear Density.pzfx,PDAC 5 [TB] [DATE],PT-011,row1,DMSO,1,,0.001248277
Manuscript Drafts with Results/GraphPad Files/Core Biopsy Nuclear Density.pzfx,PDAC 5 [TB] [DATE],PT-011,row2,DMSO,1,,0.000994379
Manuscript Drafts with Results/GraphPad Files/Core Biopsy Nuclear Density.pzfx,PDAC 5 [TB] [DATE],PT-011,row3,DMSO,1,,0.001133663
Manuscript Drafts with Results/GraphPad Files/Core Biopsy Nuclear Density.pzfx,PDAC 5 [TB] [DATE],PT-011,row4,DMSO,1,,0.00090884
Manuscript Drafts with Results/GraphPad Files/Core Biopsy Nuclear Density.pzfx,PDAC 5 [TB] [DATE],PT-011,row1,Folfirinox,1,,0.0012131
Manuscript Drafts with Results/GraphPad Files/Core Biopsy Nuclear Density.pzfx,PDAC 5 [TB] [DATE],PT-011,row2,Folfirinox,1,,0.001248196
Manuscript Drafts with Results/GraphPad Files/Core Biopsy Nuclear Density.pzfx,PDAC 5 [TB] [DATE],PT-011,row3,Folfirinox,1,,0.001841359
Manuscript Drafts with Results/GraphPad Files/Core Biopsy Nuclear Density.pzfx,PDAC 5 [TB] [DATE],PT-011,row4,Folfirinox,1,,0.001046116
Manuscript Drafts with Results/GraphPad Files/Core Biopsy Nuclear Density.pzfx,PDAC 5 [TB] [DATE],PT-011,row1,Gem/nab,1,,0.001281809
Manuscript Drafts with Results/GraphPad Files/Core Biopsy Nuclear Density.pzfx,PDAC 5 [TB] [DATE],PT-011,row2,Gem/nab,1,,0.001281805
Manuscript Drafts with Results/GraphPad Files/Core Biopsy Nuclear Density.pzfx,PDAC 5 [TB] [DATE],PT-011,row3,Gem/nab,1,,0.00141018
Manuscript Drafts with Results/GraphPad Files/Core Biopsy Nuclear Density.pzfx,PDAC 5 [TB] [DATE],PT-011,row4,Gem/nab,1,,0.000900392
Manuscript Drafts with Results/GraphPad Files/Core Biopsy Nuclear Density.pzfx,PDAC 5 [TB] [DATE],PT-011,row1,RMC7977,1,,0.000339317
Manuscript Drafts with Results/GraphPad Files/Core Biopsy Nuclear Density.pzfx,PDAC 5 [TB] [DATE],PT-011,row2,RMC7977,1,,0.000466826
Manuscript Drafts with Results/GraphPad Files/Core Biopsy Nuclear Density.pzfx,PDAC 5 [TB] [DATE],PT-011,row3,RMC7977,1,,0.000254849
Manuscript Drafts with Results/GraphPad Files/Core Biopsy Nuclear Density.pzfx,PDAC 5 [TB] [DATE],PT-011,row4,RMC7977,1,,0.000222443
Manuscript Drafts with Results/GraphPad Files/Core Biopsy Nuclear Density.pzfx,PDAC 5 [TB] [DATE],PT-011,row1,5uM STS,1,,0.000773261
Manuscript Drafts with Results/GraphPad Files/Core Biopsy Nuclear Density.pzfx,PDAC 5 [TB] [DATE],PT-011,row2,5uM STS,1,,0.00084404
Manuscript Drafts with Results/GraphPad Files/Core Biopsy Nuclear Density.pzfx,PDAC 5 [TB] [DATE],PT-011,row3,5uM STS,1,,0.000772344
Manuscript Drafts with Results/GraphPad Files/Core Biopsy Nuclear Density.pzfx,PDAC 5 [TB] [DATE],PT-011,row4,5uM STS,1,,0.00080465
Manuscript Drafts with Results/GraphPad Files/Core Biopsy Nuclear Density.pzfx,Liver Bx.1,,row1,Day 1,1,,0.001159204
Manuscript Drafts with Results/GraphPad Files/Core Biopsy Nuclear Density.pzfx,Liver Bx.1,,row2,Day 1,1,,0.000868336
Manuscript Drafts with Results/GraphPad Files/Core Biopsy Nuclear Density.pzfx,Liver Bx.1,,row3,Day 1,1,,0.001031308
Manuscript Drafts with Results/GraphPad Files/Core Biopsy Nuclear Density.pzfx,Liver Bx.1,,row4,Day 1,1,,0.00094508
Manuscript Drafts with Results/GraphPad Files/Core Biopsy Nuclear Density.pzfx,Liver Bx.1,,row1,Day 3,1,,0.000839073
Manuscript Drafts with Results/GraphPad Files/Core Biopsy Nuclear Density.pzfx,Liver Bx.1,,row2,Day 3,1,,0.000856296
Manuscript Drafts with Results/GraphPad Files/Core Biopsy Nuclear Density.pzfx,Liver Bx.1,,row3,Day 3,1,,0.001590646
Manuscript Drafts with Results/GraphPad Files/Core Biopsy Nuclear Density.pzfx,Liver Bx.1,,row4,Day 3,1,,0.000918632
Manuscript Drafts with Results/GraphPad Files/Core Biopsy Nuclear Density.pzfx,Liver Bx.1,,row1,3 Day DMSO,1,,0.000877107
Manuscript Drafts with Results/GraphPad Files/Core Biopsy Nuclear Density.pzfx,Liver Bx.1,,row2,3 Day DMSO,1,,0.00088767
Manuscript Drafts with Results/GraphPad Files/Core Biopsy Nuclear Density.pzfx,Liver Bx.1,,row3,3 Day DMSO,1,,0.001194481
Manuscript Drafts with Results/GraphPad Files/Core Biopsy Nuclear Density.pzfx,Liver Bx.1,,row4,3 Day DMSO,1,,0.001317437
Manuscript Drafts with Results/GraphPad Files/Core Biopsy Nuclear Density.pzfx,Liver Bx.1,,row1,3 Day STS,1,,0.000541022
Manuscript Drafts with Results/GraphPad Files/Core Biopsy Nuclear Density.pzfx,Liver Bx.1,,row2,3 Day STS,1,,0.000451301
Manuscript Drafts with Results/GraphPad Files/Core Biopsy Nuclear Density.pzfx,Liver Bx.1,,row3,3 Day STS,1,,0.000369919
Manuscript Drafts with Results/GraphPad Files/Core Biopsy Nuclear Density.pzfx,Liver Bx.1,,row4,3 Day STS,1,,0.000461659
Manuscript Drafts with Results/GraphPad Files/Core Biopsy Nuclear Density.pzfx,Liver Bx.2,,row1,Day 1,1,,0.002242879
Manuscript Drafts with Results/GraphPad Files/Core Biopsy Nuclear Density.pzfx,Liver Bx.2,,row2,Day 1,1,,0.001893327
Manuscript Drafts with Results/GraphPad Files/Core Biopsy Nuclear Density.pzfx,Liver Bx.2,,row3,Day 1,1,,0.00161634
Manuscript Drafts with Results/GraphPad Files/Core Biopsy Nuclear Density.pzfx,Liver Bx.2,,row4,Day 1,1,,0.001682035
Manuscript Drafts with Results/GraphPad Files/Core Biopsy Nuclear Density.pzfx,Liver Bx.2,,row1,Day 2,1,,0.001978411
Manuscript Drafts with Results/GraphPad Files/Core Biopsy Nuclear Density.pzfx,Liver Bx.2,,row2,Day 2,1,,0.002010875
Manuscript Drafts with Results/GraphPad Files/Core Biopsy Nuclear Density.pzfx,Liver Bx.2,,row3,Day 2,1,,0.001827934
Manuscript Drafts with Results/GraphPad Files/Core Biopsy Nuclear Density.pzfx,Liver Bx.2,,row4,Day 2,1,,0.00130754
Manuscript Drafts with Results/GraphPad Files/Core Biopsy Nuclear Density.pzfx,Liver Bx.2,,row1,Day 3,1,,0.00203896
Manuscript Drafts with Results/GraphPad Files/Core Biopsy Nuclear Density.pzfx,Liver Bx.2,,row2,Day 3,1,,0.001759144
Manuscript Drafts with Results/GraphPad Files/Core Biopsy Nuclear Density.pzfx,Liver Bx.2,,row3,Day 3,1,,0.00178109
Manuscript Drafts with Results/GraphPad Files/Core Biopsy Nuclear Density.pzfx,Liver Bx.2,,row4,Day 3,1,,0.001623023
Manuscript Drafts with Results/GraphPad Files/Core Biopsy Nuclear Density.pzfx,Liver Bx.2,,row1,Day 5,1,,0.001269523
Manuscript Drafts with Results/GraphPad Files/Core Biopsy Nuclear Density.pzfx,Liver Bx.2,,row2,Day 5,1,,0.001344482
Manuscript Drafts with Results/GraphPad Files/Core Biopsy Nuclear Density.pzfx,Liver Bx.2,,row3,Day 5,1,,0.001641884
Manuscript Drafts with Results/GraphPad Files/Core Biopsy Nuclear Density.pzfx,Liver Bx.2,,row4,Day 5,1,,0.00107661
Manuscript Drafts with Results/GraphPad Files/Core Biopsy Nuclear Density.pzfx,Liver Bx.3 STS [DATE],PT-005,row1,DMSO,1,,0.001066144
Manuscript Drafts with Results/GraphPad Files/Core Biopsy Nuclear Density.pzfx,Liver Bx.3 STS [DATE],PT-005,row2,DMSO,1,,0.000960871
Manuscript Drafts with Results/GraphPad Files/Core Biopsy Nuclear Density.pzfx,Liver Bx.3 STS [DATE],PT-005,row3,DMSO,1,,0.000704773
Manuscript Drafts with Results/GraphPad Files/Core Biopsy Nuclear Density.pzfx,Liver Bx.3 STS [DATE],PT-005,row4,DMSO,1,,0.00052418
Manuscript Drafts with Results/GraphPad Files/Core Biopsy Nuclear Density.pzfx,Liver Bx.3 STS [DATE],PT-005,row5,DMSO,1,,0.001138103
Manuscript Drafts with Results/GraphPad Files/Core Biopsy Nuclear Density.pzfx,Liver Bx.3 STS [DATE],PT-005,row6,DMSO,1,,0.000619266
Manuscript Drafts with Results/GraphPad Files/Core Biopsy Nuclear Density.pzfx,Liver Bx.3 STS [DATE],PT-005,row1,STS 3.3uM,1,,0.000157342
Manuscript Drafts with Results/GraphPad Files/Core Biopsy Nuclear Density.pzfx,Liver Bx.3 STS [DATE],PT-005,row2,STS 3.3uM,1,,9.54301e-05
Manuscript Drafts with Results/GraphPad Files/Core Biopsy Nuclear Density.pzfx,Liver Bx.3 STS [DATE],PT-005,row3,STS 3.3uM,1,,0.000141016
Manuscript Drafts with Results/GraphPad Files/Core Biopsy Nuclear Density.pzfx,Liver Bx.3 STS [DATE],PT-005,row4,STS 3.3uM,1,,0.000178596
Manuscript Drafts with Results/GraphPad Files/Core Biopsy Nuclear Density.pzfx,Liver Bx.3 STS [DATE],PT-005,row5,STS 3.3uM,1,,0.000109536
Manuscript Drafts with Results/GraphPad Files/Core Biopsy Nuclear Density.pzfx,Liver Bx.3 STS [DATE],PT-005,row6,STS 3.3uM,1,,0.000345926
Manuscript Drafts with Results/GraphPad Files/Core Biopsy Nuclear Density.pzfx,Liver Bx.4 Met 1 [DATE],PT-007|PT-008,row1,DMSO,1,,0.000978116
Manuscript Drafts with Results/GraphPad Files/Core Biopsy Nuclear Density.pzfx,Liver Bx.4 Met 1 [DATE],PT-007|PT-008,row2,DMSO,1,,0.000995612
Manuscript Drafts with Results/GraphPad Files/Core Biopsy Nuclear Density.pzfx,Liver Bx.4 Met 1 [DATE],PT-007|PT-008,row3,DMSO,1,,0.001127969
Manuscript Drafts with Results/GraphPad Files/Core Biopsy Nuclear Density.pzfx,Liver Bx.4 Met 1 [DATE],PT-007|PT-008,row4,DMSO,1,,0.000858153
Manuscript Drafts with Results/GraphPad Files/Core Biopsy Nuclear Density.pzfx,Liver Bx.4 Met 1 [DATE],PT-007|PT-008,row1,Folfirinox,1,,0.001393464
Manuscript Drafts with Results/GraphPad Files/Core Biopsy Nuclear Density.pzfx,Liver Bx.4 Met 1 [DATE],PT-007|PT-008,row2,Folfirinox,1,,0.001081481
Manuscript Drafts with Results/GraphPad Files/Core Biopsy Nuclear Density.pzfx,Liver Bx.4 Met 1 [DATE],PT-007|PT-008,row3,Folfirinox,1,,0.001089258
Manuscript Drafts with Results/GraphPad Files/Core Biopsy Nuclear Density.pzfx,Liver Bx.4 Met 1 [DATE],PT-007|PT-008,row4,Folfirinox,1,,0.000941223
Manuscript Drafts with Results/GraphPad Files/Core Biopsy Nuclear Density.pzfx,Liver Bx.5 [DATE],,row1,DMSO,1,,0.001446938
Manuscript Drafts with Results/GraphPad Files/Core Biopsy Nuclear Density.pzfx,Liver Bx.5 [DATE],,row2,DMSO,1,,0.001496098
Manuscript Drafts with Results/GraphPad Files/Core Biopsy Nuclear Density.pzfx,Liver Bx.5 [DATE],,row3,DMSO,1,,0.001936948
Manuscript Drafts with Results/GraphPad Files/Core Biopsy Nuclear Density.pzfx,Liver Bx.5 [DATE],,row4,DMSO,1,,0.001286877
Manuscript Drafts with Results/GraphPad Files/Core Biopsy Nuclear Density.pzfx,Liver Bx.5 [DATE],,row1,Folfirinox,1,,0.001301103
Manuscript Drafts with Results/GraphPad Files/Core Biopsy Nuclear Density.pzfx,Liver Bx.5 [DATE],,row2,Folfirinox,1,,0.001137901
Manuscript Drafts with Results/GraphPad Files/Core Biopsy Nuclear Density.pzfx,Liver Bx.5 [DATE],,row3,Folfirinox,1,,0.001586727
Manuscript Drafts with Results/GraphPad Files/Core Biopsy Nuclear Density.pzfx,Liver Bx.5 [DATE],,row4,Folfirinox,1,,0.0015082
Manuscript Drafts with Results/GraphPad Files/Core Biopsy Nuclear Density.pzfx,Liver Bx.5 [DATE],,row1,RMC7977,1,,0.000895677
Manuscript Drafts with Results/GraphPad Files/Core Biopsy Nuclear Density.pzfx,Liver Bx.5 [DATE],,row2,RMC7977,1,,0.000864448
Manuscript Drafts with Results/GraphPad Files/Core Biopsy Nuclear Density.pzfx,Liver Bx.5 [DATE],,row3,RMC7977,1,,0.000833742
Manuscript Drafts with Results/GraphPad Files/Core Biopsy Nuclear Density.pzfx,Liver Bx.5 [DATE],,row1,Gem/nab,1,,0.001182291
Manuscript Drafts with Results/GraphPad Files/Core Biopsy Nuclear Density.pzfx,Liver Bx.5 [DATE],,row2,Gem/nab,1,,0.000928193
Manuscript Drafts with Results/GraphPad Files/Core Biopsy Nuclear Density.pzfx,Liver Bx.5 [DATE],,row3,Gem/nab,1,,0.000919026
Manuscript Drafts with Results/GraphPad Files/Core Biopsy Nuclear Density.pzfx,Liver Bx.5 [DATE],,row4,Gem/nab,1,,0.000685998
Manuscript Drafts with Results/GraphPad Files/Core Biopsy Nuclear Density.pzfx,Liver Bx.6 Met 2 [DATE],PT-014,row1,No DMSO,1,,0.000723344
Manuscript Drafts with Results/GraphPad Files/Core Biopsy Nuclear Density.pzfx,Liver Bx.6 Met 2 [DATE],PT-014,row2,No DMSO,1,,0.001160327
Manuscript Drafts with Results/GraphPad Files/Core Biopsy Nuclear Density.pzfx,Liver Bx.6 Met 2 [DATE],PT-014,row3,No DMSO,1,,0.001347843
Manuscript Drafts with Results/GraphPad Files/Core Biopsy Nuclear Density.pzfx,Liver Bx.6 Met 2 [DATE],PT-014,row4,No DMSO,1,,0.000830189
Manuscript Drafts with Results/GraphPad Files/Core Biopsy Nuclear Density.pzfx,Liver Bx.6 Met 2 [DATE],PT-014,row5,No DMSO,1,,0.000661317
Manuscript Drafts with Results/GraphPad Files/Core Biopsy Nuclear Density.pzfx,Liver Bx.6 Met 2 [DATE],PT-014,row6,No DMSO,1,,0.000830698
Manuscript Drafts with Results/GraphPad Files/Core Biopsy Nuclear Density.pzfx,Liver Bx.6 Met 2 [DATE],PT-014,row1,DMSO,1,,0.001781551
Manuscript Drafts with Results/GraphPad Files/Core Biopsy Nuclear Density.pzfx,Liver Bx.6 Met 2 [DATE],PT-014,row2,DMSO,1,,0.0011011
Manuscript Drafts with Results/GraphPad Files/Core Biopsy Nuclear Density.pzfx,Liver Bx.6 Met 2 [DATE],PT-014,row3,DMSO,1,,0.001202342
Manuscript Drafts with Results/GraphPad Files/Core Biopsy Nuclear Density.pzfx,Liver Bx.6 Met 2 [DATE],PT-014,row4,DMSO,1,,0.001696966
Manuscript Drafts with Results/GraphPad Files/Core Biopsy Nuclear Density.pzfx,Liver Bx.6 Met 2 [DATE],PT-014,row5,DMSO,1,,0.00179821
Manuscript Drafts with Results/GraphPad Files/Core Biopsy Nuclear Density.pzfx,Liver Bx.6 Met 2 [DATE],PT-014,row6,DMSO,1,,0.001868679
Manuscript Drafts with Results/GraphPad Files/Core Biopsy Nuclear Density.pzfx,Liver Bx.6 Met 2 [DATE],PT-014,row1,Folfirinox,1,,0.002508564
Manuscript Drafts with Results/GraphPad Files/Core Biopsy Nuclear Density.pzfx,Liver Bx.6 Met 2 [DATE],PT-014,row2,Folfirinox,1,,0.002510517
Manuscript Drafts with Results/GraphPad Files/Core Biopsy Nuclear Density.pzfx,Liver Bx.6 Met 2 [DATE],PT-014,row3,Folfirinox,1,,0.002535863
Manuscript Drafts with Results/GraphPad Files/Core Biopsy Nuclear Density.pzfx,Liver Bx.6 Met 2 [DATE],PT-014,row4,Folfirinox,1,,0.002754197
Manuscript Drafts with Results/GraphPad Files/Core Biopsy Nuclear Density.pzfx,Liver Bx.6 Met 2 [DATE],PT-014,row5,Folfirinox,1,,0.002790339
Manuscript Drafts with Results/GraphPad Files/Core Biopsy Nuclear Density.pzfx,Liver Bx.6 Met 2 [DATE],PT-014,row6,Folfirinox,1,,0.00259938
Manuscript Drafts with Results/GraphPad Files/Core Biopsy Nuclear Density.pzfx,Liver Bx.6 Met 2 [DATE],PT-014,row1,Gem/nab,1,,0.001811714
Manuscript Drafts with Results/GraphPad Files/Core Biopsy Nuclear Density.pzfx,Liver Bx.6 Met 2 [DATE],PT-014,row2,Gem/nab,1,,0.001716141
Manuscript Drafts with Results/GraphPad Files/Core Biopsy Nuclear Density.pzfx,Liver Bx.6 Met 2 [DATE],PT-014,row3,Gem/nab,1,,0.001164348
Manuscript Drafts with Results/GraphPad Files/Core Biopsy Nuclear Density.pzfx,Liver Bx.6 Met 2 [DATE],PT-014,row4,Gem/nab,1,,0.001178878
Manuscript Drafts with Results/GraphPad Files/Core Biopsy Nuclear Density.pzfx,Liver Bx.6 Met 2 [DATE],PT-014,row5,Gem/nab,1,,0.001746399
Manuscript Drafts with Results/GraphPad Files/Core Biopsy Nuclear Density.pzfx,Liver Bx.6 Met 2 [DATE],PT-014,row6,Gem/nab,1,,0.001955651
Manuscript Drafts with Results/GraphPad Files/Core Biopsy Nuclear Density.pzfx,Liver Bx.6 Met 2 [DATE],PT-014,row1,RMC7977,1,,0.001836827
Manuscript Drafts with Results/GraphPad Files/Core Biopsy Nuclear Density.pzfx,Liver Bx.6 Met 2 [DATE],PT-014,row2,RMC7977,1,,0.001870164
Manuscript Drafts with Results/GraphPad Files/Core Biopsy Nuclear Density.pzfx,Liver Bx.6 Met 2 [DATE],PT-014,row3,RMC7977,1,,0.002283882
Manuscript Drafts with Results/GraphPad Files/Core Biopsy Nuclear Density.pzfx,Liver Bx.6 Met 2 [DATE],PT-014,row4,RMC7977,1,,0.002173158
Manuscript Drafts with Results/GraphPad Files/Core Biopsy Nuclear Density.pzfx,Liver Bx.6 Met 2 [DATE],PT-014,row5,RMC7977,1,,0.002492919
Manuscript Drafts with Results/GraphPad Files/Core Biopsy Nuclear Density.pzfx,Liver Bx.6 Met 2 [DATE],PT-014,row6,RMC7977,1,,0.002044438
Manuscript Drafts with Results/GraphPad Files/Core Biopsy Nuclear Density.pzfx,Liver Bx.7 [DATE],PT-015,row1,DMSO,1,,0.001581502
Manuscript Drafts with Results/GraphPad Files/Core Biopsy Nuclear Density.pzfx,Liver Bx.7 [DATE],PT-015,row2,DMSO,1,,0.0014623
Manuscript Drafts with Results/GraphPad Files/Core Biopsy Nuclear Density.pzfx,Liver Bx.7 [DATE],PT-015,row3,DMSO,1,,0.001509535
Manuscript Drafts with Results/GraphPad Files/Core Biopsy Nuclear Density.pzfx,Liver Bx.7 [DATE],PT-015,row4,DMSO,1,,0.001520968
Manuscript Drafts with Results/GraphPad Files/Core Biopsy Nuclear Density.pzfx,Liver Bx.7 [DATE],PT-015,row1,Folfirinox,1,,0.000876877
Manuscript Drafts with Results/GraphPad Files/Core Biopsy Nuclear Density.pzfx,Liver Bx.7 [DATE],PT-015,row2,Folfirinox,1,,0.000730672
Manuscript Drafts with Results/GraphPad Files/Core Biopsy Nuclear Density.pzfx,Liver Bx.7 [DATE],PT-015,row3,Folfirinox,1,,0.000645135
Manuscript Drafts with Results/GraphPad Files/Core Biopsy Nuclear Density.pzfx,Liver Bx.7 [DATE],PT-015,row4,Folfirinox,1,,0.000862656
Manuscript Drafts with Results/GraphPad Files/Core Biopsy Nuclear Density.pzfx,Liver Bx.7 [DATE],PT-015,row1,Trametinib,1,,0.001290738
Manuscript Drafts with Results/GraphPad Files/Core Biopsy Nuclear Density.pzfx,Liver Bx.7 [DATE],PT-015,row2,Trametinib,1,,0.000882092
Manuscript Drafts with Results/GraphPad Files/Core Biopsy Nuclear Density.pzfx,Liver Bx.7 [DATE],PT-015,row3,Trametinib,1,,0.000905722
Manuscript Drafts with Results/GraphPad Files/Core Biopsy Nuclear Density.pzfx,Liver Bx.7 [DATE],PT-015,row4,Trametinib,1,,0.000957673
Manuscript Drafts with Results/GraphPad Files/Core Biopsy Nuclear Density.pzfx,Liver Bx.7 [DATE],PT-015,row1,Vemurafenib,1,,0.001498431
Manuscript Drafts with Results/GraphPad Files/Core Biopsy Nuclear Density.pzfx,Liver Bx.7 [DATE],PT-015,row2,Vemurafenib,1,,0.001815062
Manuscript Drafts with Results/GraphPad Files/Core Biopsy Nuclear Density.pzfx,Liver Bx.7 [DATE],PT-015,row3,Vemurafenib,1,,0.001624228
Manuscript Drafts with Results/GraphPad Files/Core Biopsy Nuclear Density.pzfx,Liver Bx.7 [DATE],PT-015,row4,Vemurafenib,1,,0.001484581
Manuscript Drafts with Results/GraphPad Files/Core Biopsy Nuclear Density.pzfx,"Liver Bx,9 [DATE]",PT-023,row1,DMSO,1,,0.002252424
Manuscript Drafts with Results/GraphPad Files/Core Biopsy Nuclear Density.pzfx,"Liver Bx,9 [DATE]",PT-023,row2,DMSO,1,,0.001531315
Manuscript Drafts with Results/GraphPad Files/Core Biopsy Nuclear Density.pzfx,"Liver Bx,9 [DATE]",PT-023,row3,DMSO,1,,0.002076498
Manuscript Drafts with Results/GraphPad Files/Core Biopsy Nuclear Density.pzfx,"Liver Bx,9 [DATE]",PT-023,row4,DMSO,1,,0.001855443
Manuscript Drafts with Results/GraphPad Files/Core Biopsy Nuclear Density.pzfx,"Liver Bx,9 [DATE]",PT-023,row5,DMSO,1,,0.002140584
Manuscript Drafts with Results/GraphPad Files/Core Biopsy Nuclear Density.pzfx,"Liver Bx,9 [DATE]",PT-023,row6,DMSO,1,,0.001739714
Manuscript Drafts with Results/GraphPad Files/Core Biopsy Nuclear Density.pzfx,"Liver Bx,9 [DATE]",PT-023,row1,Folfirinox,1,,0.002770347
Manuscript Drafts with Results/GraphPad Files/Core Biopsy Nuclear Density.pzfx,"Liver Bx,9 [DATE]",PT-023,row2,Folfirinox,1,,0.002571904
Manuscript Drafts with Results/GraphPad Files/Core Biopsy Nuclear Density.pzfx,"Liver Bx,9 [DATE]",PT-023,row3,Folfirinox,1,,0.003073544
Manuscript Drafts with Results/GraphPad Files/Core Biopsy Nuclear Density.pzfx,"Liver Bx,9 [DATE]",PT-023,row4,Folfirinox,1,,0.002875459
Manuscript Drafts with Results/GraphPad Files/Core Biopsy Nuclear Density.pzfx,"Liver Bx,9 [DATE]",PT-023,row5,Folfirinox,1,,0.00265499
Manuscript Drafts with Results/GraphPad Files/Core Biopsy Nuclear Density.pzfx,"Liver Bx,9 [DATE]",PT-023,row6,Folfirinox,1,,0.002798572
Manuscript Drafts with Results/GraphPad Files/Core Biopsy Nuclear Density.pzfx,"Liver Bx,9 [DATE]",PT-023,row1,Gem/nab,1,,0.002624384
Manuscript Drafts with Results/GraphPad Files/Core Biopsy Nuclear Density.pzfx,"Liver Bx,9 [DATE]",PT-023,row2,Gem/nab,1,,0.002494044
Manuscript Drafts with Results/GraphPad Files/Core Biopsy Nuclear Density.pzfx,"Liver Bx,9 [DATE]",PT-023,row3,Gem/nab,1,,0.002838505
Manuscript Drafts with Results/GraphPad Files/Core Biopsy Nuclear Density.pzfx,"Liver Bx,9 [DATE]",PT-023,row4,Gem/nab,1,,0.002431308
Manuscript Drafts with Results/GraphPad Files/Core Biopsy Nuclear Density.pzfx,"Liver Bx,9 [DATE]",PT-023,row5,Gem/nab,1,,0.002818437
Manuscript Drafts with Results/GraphPad Files/Core Biopsy Nuclear Density.pzfx,"Liver Bx,9 [DATE]",PT-023,row6,Gem/nab,1,,0.00223637
Manuscript Drafts with Results/GraphPad Files/Core Biopsy Nuclear Density.pzfx,"Liver Bx,9 [DATE]",PT-023,row1,Trametinib,1,,0.001576437
Manuscript Drafts with Results/GraphPad Files/Core Biopsy Nuclear Density.pzfx,"Liver Bx,9 [DATE]",PT-023,row2,Trametinib,1,,0.000359785
Manuscript Drafts with Results/GraphPad Files/Core Biopsy Nuclear Density.pzfx,"Liver Bx,9 [DATE]",PT-023,row3,Trametinib,1,,0.00036222
Manuscript Drafts with Results/GraphPad Files/Core Biopsy Nuclear Density.pzfx,"Liver Bx,9 [DATE]",PT-023,row4,Trametinib,1,,0.001760619
Manuscript Drafts with Results/GraphPad Files/Core Biopsy Nuclear Density.pzfx,"Liver Bx,9 [DATE]",PT-023,row5,Trametinib,1,,0.001030388
Manuscript Drafts with Results/GraphPad Files/Core Biopsy Nuclear Density.pzfx,"Liver Bx,9 [DATE]",PT-023,row6,Trametinib,1,,0.000362384
Manuscript Drafts with Results/GraphPad Files/Core Biopsy Nuclear Density.pzfx,Liver Bx. [DATE],PT-024,row1,DMSO,1,,0.000414857
Manuscript Drafts with Results/GraphPad Files/Core Biopsy Nuclear Density.pzfx,Liver Bx. [DATE],PT-024,row2,DMSO,1,,0.000514188
Manuscript Drafts with Results/GraphPad Files/Core Biopsy Nuclear Density.pzfx,Liver Bx. [DATE],PT-024,row3,DMSO,1,,0.000860977
Manuscript Drafts with Results/GraphPad Files/Core Biopsy Nuclear Density.pzfx,Liver Bx. [DATE],PT-024,row4,DMSO,1,,0.000525757
Manuscript Drafts with Results/GraphPad Files/Core Biopsy Nuclear Density.pzfx,Liver Bx. [DATE],PT-024,row5,DMSO,1,,0.00087544
Manuscript Drafts with Results/GraphPad Files/Core Biopsy Nuclear Density.pzfx,Liver Bx. [DATE],PT-024,row6,DMSO,1,,0.000631166
Manuscript Drafts with Results/GraphPad Files/Core Biopsy Nuclear Density.pzfx,Liver Bx. [DATE],PT-024,row1,Folfirinox,1,,0.000484181
Manuscript Drafts with Results/GraphPad Files/Core Biopsy Nuclear Density.pzfx,Liver Bx. [DATE],PT-024,row2,Folfirinox,1,,0.000482298
Manuscript Drafts with Results/GraphPad Files/Core Biopsy Nuclear Density.pzfx,Liver Bx. [DATE],PT-024,row3,Folfirinox,1,,0.000814102
Manuscript Drafts with Results/GraphPad Files/Core Biopsy Nuclear Density.pzfx,Liver Bx. [DATE],PT-024,row4,Folfirinox,1,,0.000451331
Manuscript Drafts with Results/GraphPad Files/Core Biopsy Nuclear Density.pzfx,Liver Bx. [DATE],PT-024,row5,Folfirinox,1,,0.000767742
Manuscript Drafts with Results/GraphPad Files/Core Biopsy Nuclear Density.pzfx,Liver Bx. [DATE],PT-024,row6,Folfirinox,1,,0.000534516
Manuscript Drafts with Results/GraphPad Files/Core Biopsy Nuclear Density.pzfx,Liver Bx. [DATE],PT-024,row1,Gem/nab,1,,0.00012546
Manuscript Drafts with Results/GraphPad Files/Core Biopsy Nuclear Density.pzfx,Liver Bx. [DATE],PT-024,row2,Gem/nab,1,,6.83228e-05
Manuscript Drafts with Results/GraphPad Files/Core Biopsy Nuclear Density.pzfx,Liver Bx. [DATE],PT-024,row3,Gem/nab,1,,0.000281463
Manuscript Drafts with Results/GraphPad Files/Core Biopsy Nuclear Density.pzfx,Liver Bx. [DATE],PT-024,row4,Gem/nab,1,,0.000138117
Manuscript Drafts with Results/GraphPad Files/Core Biopsy Nuclear Density.pzfx,Liver Bx. [DATE],PT-024,row5,Gem/nab,1,,0.000306372
Manuscript Drafts with Results/GraphPad Files/Core Biopsy Nuclear Density.pzfx,Liver Bx. [DATE],PT-024,row6,Gem/nab,1,,0.000654199
Manuscript Drafts with Results/GraphPad Files/Core Biopsy Nuclear Density.pzfx,Liver Bx. [DATE],PT-024,row1,RMC7977,1,,0.000179993
Manuscript Drafts with Results/GraphPad Files/Core Biopsy Nuclear Density.pzfx,Liver Bx. [DATE],PT-024,row2,RMC7977,1,,0.000192934
Manuscript Drafts with Results/GraphPad Files/Core Biopsy Nuclear Density.pzfx,Liver Bx. [DATE],PT-024,row3,RMC7977,1,,9.59719e-05
Manuscript Drafts with Results/GraphPad Files/Core Biopsy Nuclear Density.pzfx,Liver Bx. [DATE],PT-024,row4,RMC7977,1,,5.41709e-05
Manuscript Drafts with Results/GraphPad Files/Core Biopsy Nuclear Density.pzfx,Liver Bx. [DATE],PT-024,row5,RMC7977,1,,0.000244955
Manuscript Drafts with Results/GraphPad Files/Core Biopsy Nuclear Density.pzfx,Liver Bx. [DATE],PT-024,row6,RMC7977,1,,0.000139792
Manuscript Drafts with Results/GraphPad Files/Core Biopsy Nuclear Density.pzfx,Liver Bx. [DATE],PT-024,row7,RMC7977,1,,0.000579509
Manuscript Drafts with Results/GraphPad Files/Core Biopsy Nuclear Density.pzfx,Liver Bx. [DATE],PT-024,row8,RMC7977,1,,0.000425081
Manuscript Drafts with Results/GraphPad Files/Core Biopsy Nuclear Density.pzfx,Liver Bx. [DATE],PT-024,row1,Trametinib,1,,0.000394786
Manuscript Drafts with Results/GraphPad Files/Core Biopsy Nuclear Density.pzfx,Liver Bx. [DATE],PT-024,row2,Trametinib,1,,0.000389921
Manuscript Drafts with Results/GraphPad Files/Core Biopsy Nuclear Density.pzfx,Liver Bx. [DATE],PT-024,row3,Trametinib,1,,0.000288063
Manuscript Drafts with Results/GraphPad Files/Core Biopsy Nuclear Density.pzfx,Liver Bx. [DATE],PT-024,row4,Trametinib,1,,0.000318114
Manuscript Drafts with Results/GraphPad Files/Core Biopsy Nuclear Density.pzfx,Liver Bx. [DATE],PT-024,row5,Trametinib,1,,0.000294977
Manuscript Drafts with Results/GraphPad Files/Core Biopsy Nuclear Density.pzfx,Liver Bx. [DATE],PT-024,row6,Trametinib,1,,0.000408903
Manuscript Drafts with Results/GraphPad Files/Core Biopsy Nuclear Density.pzfx,Liver Bx. [DATE],PT-025,row1,DMSO,1,,0.00151777
Manuscript Drafts with Results/GraphPad Files/Core Biopsy Nuclear Density.pzfx,Liver Bx. [DATE],PT-025,row2,DMSO,1,,0.001370334
Manuscript Drafts with Results/GraphPad Files/Core Biopsy Nuclear Density.pzfx,Liver Bx. [DATE],PT-025,row3,DMSO,1,,0.00134758
Manuscript Drafts with Results/GraphPad Files/Core Biopsy Nuclear Density.pzfx,Liver Bx. [DATE],PT-025,row4,DMSO,1,,0.001334608
Manuscript Drafts with Results/GraphPad Files/Core Biopsy Nuclear Density.pzfx,Liver Bx. [DATE],PT-025,row5,DMSO,1,,0.00140555
Manuscript Drafts with Results/GraphPad Files/Core Biopsy Nuclear Density.pzfx,Liver Bx. [DATE],PT-025,row6,DMSO,1,,0.001209198
Manuscript Drafts with Results/GraphPad Files/Core Biopsy Nuclear Density.pzfx,Liver Bx. [DATE],PT-025,row1,Folfirinox,1,,0.000503568
Manuscript Drafts with Results/GraphPad Files/Core Biopsy Nuclear Density.pzfx,Liver Bx. [DATE],PT-025,row2,Folfirinox,1,,0.000708608
Manuscript Drafts with Results/GraphPad Files/Core Biopsy Nuclear Density.pzfx,Liver Bx. [DATE],PT-025,row3,Folfirinox,1,,0.001115228
Manuscript Drafts with Results/GraphPad Files/Core Biopsy Nuclear Density.pzfx,Liver Bx. [DATE],PT-025,row4,Folfirinox,1,,0.000744154
Manuscript Drafts with Results/GraphPad Files/Core Biopsy Nuclear Density.pzfx,Liver Bx. [DATE],PT-025,row5,Folfirinox,1,,0.000566773
Manuscript Drafts with Results/GraphPad Files/Core Biopsy Nuclear Density.pzfx,Liver Bx. [DATE],PT-025,row6,Folfirinox,1,,0.000699669
Manuscript Drafts with Results/GraphPad Files/Core Biopsy Nuclear Density.pzfx,Liver Bx. [DATE],PT-025,row1,Gem/nab,1,,0.000547317
Manuscript Drafts with Results/GraphPad Files/Core Biopsy Nuclear Density.pzfx,Liver Bx. [DATE],PT-025,row2,Gem/nab,1,,5.6985e-05
Manuscript Drafts with Results/GraphPad Files/Core Biopsy Nuclear Density.pzfx,Liver Bx. [DATE],PT-025,row3,Gem/nab,1,,0.000573276
Manuscript Drafts with Results/GraphPad Files/Core Biopsy Nuclear Density.pzfx,Liver Bx. [DATE],PT-025,row4,Gem/nab,1,,0.001071476
Manuscript Drafts with Results/GraphPad Files/Core Biopsy Nuclear Density.pzfx,Liver Bx. [DATE],PT-025,row5,Gem/nab,1,,0.000467254
Manuscript Drafts with Results/GraphPad Files/Core Biopsy Nuclear Density.pzfx,Liver Bx. [DATE],PT-025,row6,Gem/nab,1,,0.000552844
Manuscript Drafts with Results/GraphPad Files/Core Biopsy Nuclear Density.pzfx,Liver Bx. [DATE],PT-025,row1,RMC7977,1,,0.000113855
Manuscript Drafts with Results/GraphPad Files/Core Biopsy Nuclear Density.pzfx,Liver Bx. [DATE],PT-025,row2,RMC7977,1,,0.00023757
Manuscript Drafts with Results/GraphPad Files/Core Biopsy Nuclear Density.pzfx,Liver Bx. [DATE],PT-025,row3,RMC7977,1,,0.000167961
Manuscript Drafts with Results/GraphPad Files/Core Biopsy Nuclear Density.pzfx,Liver Bx. [DATE],PT-025,row4,RMC7977,1,,0.000154841
Manuscript Drafts with Results/GraphPad Files/Core Biopsy Nuclear Density.pzfx,Liver Bx. [DATE],PT-025,row5,RMC7977,1,,0.00017465
Manuscript Drafts with Results/GraphPad Files/Core Biopsy Nuclear Density.pzfx,Liver Bx. [DATE],PT-025,row6,RMC7977,1,,0.000145794
Manuscript Drafts with Results/GraphPad Files/Core Biopsy Nuclear Density.pzfx,Liver Bx. [DATE],PT-025,row1,Trametinib,1,,0.000657176
Manuscript Drafts with Results/GraphPad Files/Core Biopsy Nuclear Density.pzfx,Liver Bx. [DATE],PT-025,row2,Trametinib,1,,8.34703e-05
Manuscript Drafts with Results/GraphPad Files/Core Biopsy Nuclear Density.pzfx,Liver Bx. [DATE],PT-025,row3,Trametinib,1,,0.000460092
Manuscript Drafts with Results/GraphPad Files/Core Biopsy Nuclear Density.pzfx,Liver Bx. [DATE],PT-025,row4,Trametinib,1,,0.00071065
Manuscript Drafts with Results/GraphPad Files/Core Biopsy Nuclear Density.pzfx,Liver Bx. [DATE],PT-025,row5,Trametinib,1,,0.000178759
Manuscript Drafts with Results/GraphPad Files/Core Biopsy Nuclear Density.pzfx,Liver Bx. [DATE],PT-025,row6,Trametinib,1,,0.000728179
Manuscript Drafts with Results/GraphPad Files/Core Biopsy Nuclear Density.pzfx,umbilicus [DATE],PT-013,row1,DMSO,1,,0.001613246
Manuscript Drafts with Results/GraphPad Files/Core Biopsy Nuclear Density.pzfx,umbilicus [DATE],PT-013,row2,DMSO,1,,0.002024368
Manuscript Drafts with Results/GraphPad Files/Core Biopsy Nuclear Density.pzfx,umbilicus [DATE],PT-013,row3,DMSO,1,,0.001409028
Manuscript Drafts with Results/GraphPad Files/Core Biopsy Nuclear Density.pzfx,umbilicus [DATE],PT-013,row4,DMSO,1,,0.002107645
Manuscript Drafts with Results/GraphPad Files/Core Biopsy Nuclear Density.pzfx,umbilicus [DATE],PT-013,row5,DMSO,1,,0.001795144
Manuscript Drafts with Results/GraphPad Files/Core Biopsy Nuclear Density.pzfx,umbilicus [DATE],PT-013,row6,DMSO,1,,0.002542697
Manuscript Drafts with Results/GraphPad Files/Core Biopsy Nuclear Density.pzfx,umbilicus [DATE],PT-013,row1,Folfirinox,1,,0.001748739
Manuscript Drafts with Results/GraphPad Files/Core Biopsy Nuclear Density.pzfx,umbilicus [DATE],PT-013,row2,Folfirinox,1,,0.001659524
Manuscript Drafts with Results/GraphPad Files/Core Biopsy Nuclear Density.pzfx,umbilicus [DATE],PT-013,row3,Folfirinox,1,,0.002146483
Manuscript Drafts with Results/GraphPad Files/Core Biopsy Nuclear Density.pzfx,umbilicus [DATE],PT-013,row4,Folfirinox,1,,0.001390363
Manuscript Drafts with Results/GraphPad Files/Core Biopsy Nuclear Density.pzfx,umbilicus [DATE],PT-013,row5,Folfirinox,1,,0.001434417
Manuscript Drafts with Results/GraphPad Files/Core Biopsy Nuclear Density.pzfx,umbilicus [DATE],PT-013,row6,Folfirinox,1,,0.001625185
Manuscript Drafts with Results/GraphPad Files/Core Biopsy Nuclear Density.pzfx,umbilicus [DATE],PT-013,row1,Gem/nab,1,,0.002502479
Manuscript Drafts with Results/GraphPad Files/Core Biopsy Nuclear Density.pzfx,umbilicus [DATE],PT-013,row2,Gem/nab,1,,0.002606983
Manuscript Drafts with Results/GraphPad Files/Core Biopsy Nuclear Density.pzfx,umbilicus [DATE],PT-013,row3,Gem/nab,1,,0.002219056
Manuscript Drafts with Results/GraphPad Files/Core Biopsy Nuclear Density.pzfx,umbilicus [DATE],PT-013,row4,Gem/nab,1,,0.001335981
Manuscript Drafts with Results/GraphPad Files/Core Biopsy Nuclear Density.pzfx,umbilicus [DATE],PT-013,row5,Gem/nab,1,,0.00159088
Manuscript Drafts with Results/GraphPad Files/Core Biopsy Nuclear Density.pzfx,umbilicus [DATE],PT-013,row6,Gem/nab,1,,0.001336005
Manuscript Drafts with Results/GraphPad Files/Core Biopsy Nuclear Density.pzfx,umbilicus [DATE],PT-013,row1,RMC7977,1,,0.001650805
Manuscript Drafts with Results/GraphPad Files/Core Biopsy Nuclear Density.pzfx,umbilicus [DATE],PT-013,row2,RMC7977,1,,0.00171737
Manuscript Drafts with Results/GraphPad Files/Core Biopsy Nuclear Density.pzfx,umbilicus [DATE],PT-013,row3,RMC7977,1,,0.001343397
Manuscript Drafts with Results/GraphPad Files/Core Biopsy Nuclear Density.pzfx,umbilicus [DATE],PT-013,row4,RMC7977,1,,0.001177764
Manuscript Drafts with Results/GraphPad Files/Core Biopsy Nuclear Density.pzfx,umbilicus [DATE],PT-013,row5,RMC7977,1,,0.001695757
Manuscript Drafts with Results/GraphPad Files/Core Biopsy Nuclear Density.pzfx,umbilicus [DATE],PT-013,row6,RMC7977,1,,0.001580217
Manuscript Drafts with Results/GraphPad Files/Core Biopsy Nuclear Density.pzfx,umbilicus [DATE],PT-013,row1,STS,1,,0.001999008
Manuscript Drafts with Results/GraphPad Files/Core Biopsy Nuclear Density.pzfx,umbilicus [DATE],PT-013,row2,STS,1,,0.001831746
Manuscript Drafts with Results/GraphPad Files/Core Biopsy Nuclear Density.pzfx,umbilicus [DATE],PT-013,row3,STS,1,,0.002051915
Manuscript Drafts with Results/GraphPad Files/Core Biopsy Nuclear Density.pzfx,umbilicus [DATE],PT-013,row4,STS,1,,0.001910873
Manuscript Drafts with Results/GraphPad Files/Core Biopsy Nuclear Density.pzfx,umbilicus [DATE],PT-013,row5,STS,1,,0.000960231
Manuscript Drafts with Results/GraphPad Files/Core Biopsy Nuclear Density.pzfx,umbilicus [DATE],PT-013,row6,STS,1,,0.001155713
Manuscript Drafts with Results/GraphPad Files/Correlation analysis.pzfx,MTS % vs. Nuclear Density %,,1.74,Pancreas,1,,68.61
Manuscript Drafts with Results/GraphPad Files/Correlation analysis.pzfx,MTS % vs. Nuclear Density %,,6.49,Pancreas,1,,42.0
Manuscript Drafts with Results/GraphPad Files/Correlation analysis.pzfx,MTS % vs. Nuclear Density %,,72.92,Pancreas,1,,30.56
Manuscript Drafts with Results/GraphPad Files/Correlation analysis.pzfx,MTS % vs. Nuclear Density %,,72.32,Pancreas,1,,124.82
Manuscript Drafts with Results/GraphPad Files/Correlation analysis.pzfx,MTS % vs. Nuclear Density %,,55.63,Pancreas,1,,113.75
Manuscript Drafts with Results/GraphPad Files/Correlation analysis.pzfx,MTS % vs. Nuclear Density %,,60.3,Pancreas,1,,29.95
Manuscript Drafts with Results/GraphPad Files/Correlation analysis.pzfx,MTS % vs. Nuclear Density %,,12.24,Pancreas,1,,74.54
Manuscript Drafts with Results/GraphPad Files/Correlation analysis.pzfx,MTS % vs. Nuclear Density %,,89.46,Peritoneum,1,,87.06
Manuscript Drafts with Results/GraphPad Files/Correlation analysis.pzfx,MTS % vs. Nuclear Density %,,99.21,Peritoneum,1,,100.86
Manuscript Drafts with Results/GraphPad Files/Correlation analysis.pzfx,MTS % vs. Nuclear Density %,,120.16,Peritoneum,1,,79.75
Manuscript Drafts with Results/GraphPad Files/Correlation analysis.pzfx,MTS % vs. Nuclear Density %,,77.68,Peritoneum,1,,86.23
Manuscript Drafts with Results/GraphPad Files/Correlation analysis.pzfx,MTS % vs. Nuclear Density %,,3.1,Liver,1,,20.5
Manuscript Drafts with Results/GraphPad Files/Correlation analysis.pzfx,MTS % vs. Nuclear Density %,,97.5,Liver,1,,113.78
Manuscript Drafts with Results/GraphPad Files/Correlation analysis.pzfx,MTS % vs. Nuclear Density %,,111.46,Liver,1,,89.74
Manuscript Drafts with Results/GraphPad Files/Correlation analysis.pzfx,MTS % vs. Nuclear Density %,,73.71,Liver,1,,60.25
Manuscript Drafts with Results/GraphPad Files/Correlation analysis.pzfx,MTS % vs. Nuclear Density %,,53.26,Liver,1,,56.08
Manuscript Drafts with Results/GraphPad Files/Correlation analysis.pzfx,MTS % vs. Nuclear Density %,,115.8,Liver,1,,166.15
Manuscript Drafts with Results/GraphPad Files/Correlation analysis.pzfx,MTS % vs. Nuclear Density %,,93.16,Liver,1,,101.32
Manuscript Drafts with Results/GraphPad Files/Correlation analysis.pzfx,MTS % vs. Nuclear Density %,,94.68,Liver,1,,134.42
Manuscript Drafts with Results/GraphPad Files/Correlation analysis.pzfx,MTS % vs. Nuclear Density %,,5.2,Liver,1,,51.29
Manuscript Drafts with Results/GraphPad Files/Correlation analysis.pzfx,MTS % vs. Nuclear Density %,,19.42,Liver,1,,66.45
Manuscript Drafts with Results/GraphPad Files/Correlation analysis.pzfx,MTS % vs. Nuclear Density %,,91.33,Liver,1,,105.73
Manuscript Drafts with Results/GraphPad Files/Correlation analysis.pzfx,MTS % vs. Nuclear Density %,,138.66,Liver,1,,144.4
Manuscript Drafts with Results/GraphPad Files/Correlation analysis.pzfx,MTS % vs. Nuclear Density %,,130.19,Liver,1,,133.18
Manuscript Drafts with Results/GraphPad Files/Correlation analysis.pzfx,MTS % vs. Nuclear Density %,,51.04,Liver,1,,47.01
Manuscript Drafts with Results/GraphPad Files/Correlation analysis.pzfx,MTS % vs. Nuclear Density %,,60.71,Liver,1,,92.46
Manuscript Drafts with Results/GraphPad Files/Correlation analysis.pzfx,MTS % vs. Nuclear Density %,,1.47,Liver,1,,41.18
Manuscript Drafts with Results/GraphPad Files/Correlation analysis.pzfx,MTS % vs. Nuclear Density %,,29.52,Liver,1,,37.52
Manuscript Drafts with Results/GraphPad Files/Correlation analysis.pzfx,MTS % vs. Nuclear Density %,,35.5,Liver,1,,54.8
Manuscript Drafts with Results/GraphPad Files/Correlation analysis.pzfx,MTS % vs. Nuclear Density %,,21.75,Liver,1,,53.0
Manuscript Drafts with Results/GraphPad Files/Correlation analysis.pzfx,MTS % vs. Nuclear Density %,,20.78,Liver,1,,39.94
Manuscript Drafts with Results/GraphPad Files/Correlation analysis.pzfx,MTS % vs. Nuclear Density %,,2.02,Liver,1,,12.15
Manuscript Drafts with Results/GraphPad Files/Correlation analysis.pzfx,MTS % vs. Nuclear Density %,,9.19,Liver,1,,34.43
Manuscript Drafts with Results/GraphPad Files/Correlation analysis.pzfx,MTS % vs. Nuclear Density %,,1.74,all samples (fit only),1,,68.61
Manuscript Drafts with Results/GraphPad Files/Correlation analysis.pzfx,MTS % vs. Nuclear Density %,,6.49,all samples (fit only),1,,42.0
Manuscript Drafts with Results/GraphPad Files/Correlation analysis.pzfx,MTS % vs. Nuclear Density %,,72.92,all samples (fit only),1,,30.56
Manuscript Drafts with Results/GraphPad Files/Correlation analysis.pzfx,MTS % vs. Nuclear Density %,,72.32,all samples (fit only),1,,124.82
Manuscript Drafts with Results/GraphPad Files/Correlation analysis.pzfx,MTS % vs. Nuclear Density %,,55.63,all samples (fit only),1,,113.75
Manuscript Drafts with Results/GraphPad Files/Correlation analysis.pzfx,MTS % vs. Nuclear Density %,,60.3,all samples (fit only),1,,29.95
Manuscript Drafts with Results/GraphPad Files/Correlation analysis.pzfx,MTS % vs. Nuclear Density %,,12.24,all samples (fit only),1,,74.54
Manuscript Drafts with Results/GraphPad Files/Correlation analysis.pzfx,MTS % vs. Nuclear Density %,,89.46,all samples (fit only),1,,87.06
Manuscript Drafts with Results/GraphPad Files/Correlation analysis.pzfx,MTS % vs. Nuclear Density %,,99.21,all samples (fit only),1,,100.86
Manuscript Drafts with Results/GraphPad Files/Correlation analysis.pzfx,MTS % vs. Nuclear Density %,,120.16,all samples (fit only),1,,79.75
Manuscript Drafts with Results/GraphPad Files/Correlation analysis.pzfx,MTS % vs. Nuclear Density %,,77.68,all samples (fit only),1,,86.23
Manuscript Drafts with Results/GraphPad Files/Correlation analysis.pzfx,MTS % vs. Nuclear Density %,,3.1,all samples (fit only),1,,20.5
Manuscript Drafts with Results/GraphPad Files/Correlation analysis.pzfx,MTS % vs. Nuclear Density %,,97.5,all samples (fit only),1,,113.78
Manuscript Drafts with Results/GraphPad Files/Correlation analysis.pzfx,MTS % vs. Nuclear Density %,,111.46,all samples (fit only),1,,89.74
Manuscript Drafts with Results/GraphPad Files/Correlation analysis.pzfx,MTS % vs. Nuclear Density %,,73.71,all samples (fit only),1,,60.25
Manuscript Drafts with Results/GraphPad Files/Correlation analysis.pzfx,MTS % vs. Nuclear Density %,,53.26,all samples (fit only),1,,56.08
Manuscript Drafts with Results/GraphPad Files/Correlation analysis.pzfx,MTS % vs. Nuclear Density %,,115.8,all samples (fit only),1,,166.15
Manuscript Drafts with Results/GraphPad Files/Correlation analysis.pzfx,MTS % vs. Nuclear Density %,,93.16,all samples (fit only),1,,101.32
Manuscript Drafts with Results/GraphPad Files/Correlation analysis.pzfx,MTS % vs. Nuclear Density %,,94.68,all samples (fit only),1,,134.42
Manuscript Drafts with Results/GraphPad Files/Correlation analysis.pzfx,MTS % vs. Nuclear Density %,,5.2,all samples (fit only),1,,51.29
Manuscript Drafts with Results/GraphPad Files/Correlation analysis.pzfx,MTS % vs. Nuclear Density %,,19.42,all samples (fit only),1,,66.45
Manuscript Drafts with Results/GraphPad Files/Correlation analysis.pzfx,MTS % vs. Nuclear Density %,,91.33,all samples (fit only),1,,105.73
Manuscript Drafts with Results/GraphPad Files/Correlation analysis.pzfx,MTS % vs. Nuclear Density %,,138.66,all samples (fit only),1,,144.4
Manuscript Drafts with Results/GraphPad Files/Correlation analysis.pzfx,MTS % vs. Nuclear Density %,,130.19,all samples (fit only),1,,133.18
Manuscript Drafts with Results/GraphPad Files/Correlation analysis.pzfx,MTS % vs. Nuclear Density %,,51.04,all samples (fit only),1,,47.01
Manuscript Drafts with Results/GraphPad Files/Correlation analysis.pzfx,MTS % vs. Nuclear Density %,,60.71,all samples (fit only),1,,92.46
Manuscript Drafts with Results/GraphPad Files/Correlation analysis.pzfx,MTS % vs. Nuclear Density %,,1.47,all samples (fit only),1,,41.18
Manuscript Drafts with Results/GraphPad Files/Correlation analysis.pzfx,MTS % vs. Nuclear Density %,,29.52,all samples (fit only),1,,37.52
Manuscript Drafts with Results/GraphPad Files/Correlation analysis.pzfx,MTS % vs. Nuclear Density %,,35.5,all samples (fit only),1,,54.8
Manuscript Drafts with Results/GraphPad Files/Correlation analysis.pzfx,MTS % vs. Nuclear Density %,,21.75,all samples (fit only),1,,53.0
Manuscript Drafts with Results/GraphPad Files/Correlation analysis.pzfx,MTS % vs. Nuclear Density %,,20.78,all samples (fit only),1,,39.94
Manuscript Drafts with Results/GraphPad Files/Correlation analysis.pzfx,MTS % vs. Nuclear Density %,,2.02,all samples (fit only),1,,12.15
Manuscript Drafts with Results/GraphPad Files/Correlation analysis.pzfx,MTS % vs. Nuclear Density %,,9.19,all samples (fit only),1,,34.43
Manuscript Drafts with Results/GraphPad Files/Correlation analysis.pzfx,MTS % vs. Cleaved Caspase %,,1.74,Pancreas,1,,28.43
Manuscript Drafts with Results/GraphPad Files/Correlation analysis.pzfx,MTS % vs. Cleaved Caspase %,,6.49,Pancreas,1,,5.52
Manuscript Drafts with Results/GraphPad Files/Correlation analysis.pzfx,MTS % vs. Cleaved Caspase %,,72.92,Pancreas,1,,25.98
Manuscript Drafts with Results/GraphPad Files/Correlation analysis.pzfx,MTS % vs. Cleaved Caspase %,,72.32,Pancreas,1,,2.76
Manuscript Drafts with Results/GraphPad Files/Correlation analysis.pzfx,MTS % vs. Cleaved Caspase %,,55.63,Pancreas,1,,2.9
Manuscript Drafts with Results/GraphPad Files/Correlation analysis.pzfx,MTS % vs. Cleaved Caspase %,,60.3,Pancreas,1,,11.03
Manuscript Drafts with Results/GraphPad Files/Correlation analysis.pzfx,MTS % vs. Cleaved Caspase %,,12.24,Pancreas,1,,5.7
Manuscript Drafts with Results/GraphPad Files/Correlation analysis.pzfx,MTS % vs. Cleaved Caspase %,,89.46,Peritoneum,1,,5.48
Manuscript Drafts with Results/GraphPad Files/Correlation analysis.pzfx,MTS % vs. Cleaved Caspase %,,99.21,Peritoneum,1,,4.15
Manuscript Drafts with Results/GraphPad Files/Correlation analysis.pzfx,MTS % vs. Cleaved Caspase %,,120.16,Peritoneum,1,,7.45
Manuscript Drafts with Results/GraphPad Files/Correlation analysis.pzfx,MTS % vs. Cleaved Caspase %,,77.68,Peritoneum,1,,6.0
Manuscript Drafts with Results/GraphPad Files/Correlation analysis.pzfx,MTS % vs. Cleaved Caspase %,,3.1,Liver,1,,9.79
Manuscript Drafts with Results/GraphPad Files/Correlation analysis.pzfx,MTS % vs. Cleaved Caspase %,,97.5,Liver,1,,5.09
Manuscript Drafts with Results/GraphPad Files/Correlation analysis.pzfx,MTS % vs. Cleaved Caspase %,,111.46,Liver,1,,4.39
Manuscript Drafts with Results/GraphPad Files/Correlation analysis.pzfx,MTS % vs. Cleaved Caspase %,,73.71,Liver,1,,11.23
Manuscript Drafts with Results/GraphPad Files/Correlation analysis.pzfx,MTS % vs. Cleaved Caspase %,,53.26,Liver,1,,8.3
Manuscript Drafts with Results/GraphPad Files/Correlation analysis.pzfx,MTS % vs. Cleaved Caspase %,,115.8,Liver,1,,2.92
Manuscript Drafts with Results/GraphPad Files/Correlation analysis.pzfx,MTS % vs. Cleaved Caspase %,,93.16,Liver,1,,2.96
Manuscript Drafts with Results/GraphPad Files/Correlation analysis.pzfx,MTS % vs. Cleaved Caspase %,,94.68,Liver,1,,5.62
Manuscript Drafts with Results/GraphPad Files/Correlation analysis.pzfx,MTS % vs. Cleaved Caspase %,,5.2,Liver,1,,2.16
Manuscript Drafts with Results/GraphPad Files/Correlation analysis.pzfx,MTS % vs. Cleaved Caspase %,,19.42,Liver,1,,11.66
Manuscript Drafts with Results/GraphPad Files/Correlation analysis.pzfx,MTS % vs. Cleaved Caspase %,,91.33,Liver,1,,0.62
Manuscript Drafts with Results/GraphPad Files/Correlation analysis.pzfx,MTS % vs. Cleaved Caspase %,,60.71,Liver,1,,10.83
Manuscript Drafts with Results/GraphPad Files/Correlation analysis.pzfx,MTS % vs. Cleaved Caspase %,,1.47,Liver,1,,37.73
Manuscript Drafts with Results/GraphPad Files/Correlation analysis.pzfx,MTS % vs. Cleaved Caspase %,,29.52,Liver,1,,34.1
Manuscript Drafts with Results/GraphPad Files/Correlation analysis.pzfx,MTS % vs. Cleaved Caspase %,,35.5,Liver,1,,20.15
Manuscript Drafts with Results/GraphPad Files/Correlation analysis.pzfx,MTS % vs. Cleaved Caspase %,,21.75,Liver,1,,42.38
Manuscript Drafts with Results/GraphPad Files/Correlation analysis.pzfx,MTS % vs. Cleaved Caspase %,,20.78,Liver,1,,32.55
Manuscript Drafts with Results/GraphPad Files/Correlation analysis.pzfx,MTS % vs. Cleaved Caspase %,,2.02,Liver,1,,46.8
Manuscript Drafts with Results/GraphPad Files/Correlation analysis.pzfx,MTS % vs. Cleaved Caspase %,,9.19,Liver,1,,29.0
Manuscript Drafts with Results/GraphPad Files/Correlation analysis.pzfx,MTS % vs. Cleaved Caspase %,,1.74,all samples (fit only),1,,28.43
Manuscript Drafts with Results/GraphPad Files/Correlation analysis.pzfx,MTS % vs. Cleaved Caspase %,,6.49,all samples (fit only),1,,5.52
Manuscript Drafts with Results/GraphPad Files/Correlation analysis.pzfx,MTS % vs. Cleaved Caspase %,,72.92,all samples (fit only),1,,25.98
Manuscript Drafts with Results/GraphPad Files/Correlation analysis.pzfx,MTS % vs. Cleaved Caspase %,,72.32,all samples (fit only),1,,2.76
Manuscript Drafts with Results/GraphPad Files/Correlation analysis.pzfx,MTS % vs. Cleaved Caspase %,,55.63,all samples (fit only),1,,2.9
Manuscript Drafts with Results/GraphPad Files/Correlation analysis.pzfx,MTS % vs. Cleaved Caspase %,,60.3,all samples (fit only),1,,11.03
Manuscript Drafts with Results/GraphPad Files/Correlation analysis.pzfx,MTS % vs. Cleaved Caspase %,,12.24,all samples (fit only),1,,5.7
Manuscript Drafts with Results/GraphPad Files/Correlation analysis.pzfx,MTS % vs. Cleaved Caspase %,,89.46,all samples (fit only),1,,5.48
Manuscript Drafts with Results/GraphPad Files/Correlation analysis.pzfx,MTS % vs. Cleaved Caspase %,,99.21,all samples (fit only),1,,4.15
Manuscript Drafts with Results/GraphPad Files/Correlation analysis.pzfx,MTS % vs. Cleaved Caspase %,,120.16,all samples (fit only),1,,7.45
Manuscript Drafts with Results/GraphPad Files/Correlation analysis.pzfx,MTS % vs. Cleaved Caspase %,,77.68,all samples (fit only),1,,6.0
Manuscript Drafts with Results/GraphPad Files/Correlation analysis.pzfx,MTS % vs. Cleaved Caspase %,,3.1,all samples (fit only),1,,9.79
Manuscript Drafts with Results/GraphPad Files/Correlation analysis.pzfx,MTS % vs. Cleaved Caspase %,,97.5,all samples (fit only),1,,5.09
Manuscript Drafts with Results/GraphPad Files/Correlation analysis.pzfx,MTS % vs. Cleaved Caspase %,,111.46,all samples (fit only),1,,4.39
Manuscript Drafts with Results/GraphPad Files/Correlation analysis.pzfx,MTS % vs. Cleaved Caspase %,,73.71,all samples (fit only),1,,11.23
Manuscript Drafts with Results/GraphPad Files/Correlation analysis.pzfx,MTS % vs. Cleaved Caspase %,,53.26,all samples (fit only),1,,8.3
Manuscript Drafts with Results/GraphPad Files/Correlation analysis.pzfx,MTS % vs. Cleaved Caspase %,,115.8,all samples (fit only),1,,2.92
Manuscript Drafts with Results/GraphPad Files/Correlation analysis.pzfx,MTS % vs. Cleaved Caspase %,,93.16,all samples (fit only),1,,2.96
Manuscript Drafts with Results/GraphPad Files/Correlation analysis.pzfx,MTS % vs. Cleaved Caspase %,,94.68,all samples (fit only),1,,5.62
Manuscript Drafts with Results/GraphPad Files/Correlation analysis.pzfx,MTS % vs. Cleaved Caspase %,,5.2,all samples (fit only),1,,2.16
Manuscript Drafts with Results/GraphPad Files/Correlation analysis.pzfx,MTS % vs. Cleaved Caspase %,,19.42,all samples (fit only),1,,11.66
Manuscript Drafts with Results/GraphPad Files/Correlation analysis.pzfx,MTS % vs. Cleaved Caspase %,,91.33,all samples (fit only),1,,0.62
Manuscript Drafts with Results/GraphPad Files/Correlation analysis.pzfx,MTS % vs. Cleaved Caspase %,,60.71,all samples (fit only),1,,10.83
Manuscript Drafts with Results/GraphPad Files/Correlation analysis.pzfx,MTS % vs. Cleaved Caspase %,,1.47,all samples (fit only),1,,37.73
Manuscript Drafts with Results/GraphPad Files/Correlation analysis.pzfx,MTS % vs. Cleaved Caspase %,,29.52,all samples (fit only),1,,34.1
Manuscript Drafts with Results/GraphPad Files/Correlation analysis.pzfx,MTS % vs. Cleaved Caspase %,,35.5,all samples (fit only),1,,20.15
Manuscript Drafts with Results/GraphPad Files/Correlation analysis.pzfx,MTS % vs. Cleaved Caspase %,,21.75,all samples (fit only),1,,42.38
Manuscript Drafts with Results/GraphPad Files/Correlation analysis.pzfx,MTS % vs. Cleaved Caspase %,,20.78,all samples (fit only),1,,32.55
Manuscript Drafts with Results/GraphPad Files/Correlation analysis.pzfx,MTS % vs. Cleaved Caspase %,,2.02,all samples (fit only),1,,46.8
Manuscript Drafts with Results/GraphPad Files/Correlation analysis.pzfx,MTS % vs. Cleaved Caspase %,,9.19,all samples (fit only),1,,29.0
Manuscript Drafts with Results/GraphPad Files/Correlation analysis.pzfx,MTS % vs. Ki67 %,,6.49,Pancreas,1,,1.63
Manuscript Drafts with Results/GraphPad Files/Correlation analysis.pzfx,MTS % vs. Ki67 %,,72.92,Pancreas,1,,4.92
Manuscript Drafts with Results/GraphPad Files/Correlation analysis.pzfx,MTS % vs. Ki67 %,,72.32,Pancreas,1,,0.2
Manuscript Drafts with Results/GraphPad Files/Correlation analysis.pzfx,MTS % vs. Ki67 %,,55.63,Pancreas,1,,4.33
Manuscript Drafts with Results/GraphPad Files/Correlation analysis.pzfx,MTS % vs. Ki67 %,,60.3,Pancreas,1,,0.0
Manuscript Drafts with Results/GraphPad Files/Correlation analysis.pzfx,MTS % vs. Ki67 %,,12.24,Pancreas,1,,0.33
Manuscript Drafts with Results/GraphPad Files/Correlation analysis.pzfx,MTS % vs. Ki67 %,,89.46,Peritoneum,1,,13.28
Manuscript Drafts with Results/GraphPad Files/Correlation analysis.pzfx,MTS % vs. Ki67 %,,99.21,Peritoneum,1,,13.35
Manuscript Drafts with Results/GraphPad Files/Correlation analysis.pzfx,MTS % vs. Ki67 %,,120.16,Peritoneum,1,,18.4
Manuscript Drafts with Results/GraphPad Files/Correlation analysis.pzfx,MTS % vs. Ki67 %,,77.68,Peritoneum,1,,8.03
Manuscript Drafts with Results/GraphPad Files/Correlation analysis.pzfx,MTS % vs. Ki67 %,,3.1,Liver,1,,0.4
Manuscript Drafts with Results/GraphPad Files/Correlation analysis.pzfx,MTS % vs. Ki67 %,,97.5,Liver,1,,3.89
Manuscript Drafts with Results/GraphPad Files/Correlation analysis.pzfx,MTS % vs. Ki67 %,,111.46,Liver,1,,13.99
Manuscript Drafts with Results/GraphPad Files/Correlation analysis.pzfx,MTS % vs. Ki67 %,,73.71,Liver,1,,3.36
Manuscript Drafts with Results/GraphPad Files/Correlation analysis.pzfx,MTS % vs. Ki67 %,,53.26,Liver,1,,3.44
Manuscript Drafts with Results/GraphPad Files/Correlation analysis.pzfx,MTS % vs. Ki67 %,,115.8,Liver,1,,11.18
Manuscript Drafts with Results/GraphPad Files/Correlation analysis.pzfx,MTS % vs. Ki67 %,,93.16,Liver,1,,11.81
Manuscript Drafts with Results/GraphPad Files/Correlation analysis.pzfx,MTS % vs. Ki67 %,,94.68,Liver,1,,8.88
Manuscript Drafts with Results/GraphPad Files/Correlation analysis.pzfx,MTS % vs. Ki67 %,,5.2,Liver,1,,0.61
Manuscript Drafts with Results/GraphPad Files/Correlation analysis.pzfx,MTS % vs. Ki67 %,,19.42,Liver,1,,6.68
Manuscript Drafts with Results/GraphPad Files/Correlation analysis.pzfx,MTS % vs. Ki67 %,,91.33,Liver,1,,12.45
Manuscript Drafts with Results/GraphPad Files/Correlation analysis.pzfx,MTS % vs. Ki67 %,,60.71,Liver,1,,12.13
Manuscript Drafts with Results/GraphPad Files/Correlation analysis.pzfx,MTS % vs. Ki67 %,,1.47,Liver,1,,1.67
Manuscript Drafts with Results/GraphPad Files/Correlation analysis.pzfx,MTS % vs. Ki67 %,,29.52,Liver,1,,14.68
Manuscript Drafts with Results/GraphPad Files/Correlation analysis.pzfx,MTS % vs. Ki67 %,,35.5,Liver,1,,4.52
Manuscript Drafts with Results/GraphPad Files/Correlation analysis.pzfx,MTS % vs. Ki67 %,,21.75,Liver,1,,10.57
Manuscript Drafts with Results/GraphPad Files/Correlation analysis.pzfx,MTS % vs. Ki67 %,,20.78,Liver,1,,3.96
Manuscript Drafts with Results/GraphPad Files/Correlation analysis.pzfx,MTS % vs. Ki67 %,,2.02,Liver,1,,1.01
Manuscript Drafts with Results/GraphPad Files/Correlation analysis.pzfx,MTS % vs. Ki67 %,,9.19,Liver,1,,1.8
Manuscript Drafts with Results/GraphPad Files/Correlation analysis.pzfx,MTS % vs. Ki67 %,,6.49,all samples (fit only),1,,1.63
Manuscript Drafts with Results/GraphPad Files/Correlation analysis.pzfx,MTS % vs. Ki67 %,,72.92,all samples (fit only),1,,4.92
Manuscript Drafts with Results/GraphPad Files/Correlation analysis.pzfx,MTS % vs. Ki67 %,,72.32,all samples (fit only),1,,0.2
Manuscript Drafts with Results/GraphPad Files/Correlation analysis.pzfx,MTS % vs. Ki67 %,,55.63,all samples (fit only),1,,4.33
Manuscript Drafts with Results/GraphPad Files/Correlation analysis.pzfx,MTS % vs. Ki67 %,,60.3,all samples (fit only),1,,0.0
Manuscript Drafts with Results/GraphPad Files/Correlation analysis.pzfx,MTS % vs. Ki67 %,,12.24,all samples (fit only),1,,0.33
Manuscript Drafts with Results/GraphPad Files/Correlation analysis.pzfx,MTS % vs. Ki67 %,,89.46,all samples (fit only),1,,13.28
Manuscript Drafts with Results/GraphPad Files/Correlation analysis.pzfx,MTS % vs. Ki67 %,,99.21,all samples (fit only),1,,13.35
Manuscript Drafts with Results/GraphPad Files/Correlation analysis.pzfx,MTS % vs. Ki67 %,,120.16,all samples (fit only),1,,18.4
Manuscript Drafts with Results/GraphPad Files/Correlation analysis.pzfx,MTS % vs. Ki67 %,,77.68,all samples (fit only),1,,8.03
Manuscript Drafts with Results/GraphPad Files/Correlation analysis.pzfx,MTS % vs. Ki67 %,,3.1,all samples (fit only),1,,0.4
Manuscript Drafts with Results/GraphPad Files/Correlation analysis.pzfx,MTS % vs. Ki67 %,,97.5,all samples (fit only),1,,3.89
Manuscript Drafts with Results/GraphPad Files/Correlation analysis.pzfx,MTS % vs. Ki67 %,,111.46,all samples (fit only),1,,13.99
Manuscript Drafts with Results/GraphPad Files/Correlation analysis.pzfx,MTS % vs. Ki67 %,,73.71,all samples (fit only),1,,3.36
Manuscript Drafts with Results/GraphPad Files/Correlation analysis.pzfx,MTS % vs. Ki67 %,,53.26,all samples (fit only),1,,3.44
Manuscript Drafts with Results/GraphPad Files/Correlation analysis.pzfx,MTS % vs. Ki67 %,,115.8,all samples (fit only),1,,11.18
Manuscript Drafts with Results/GraphPad Files/Correlation analysis.pzfx,MTS % vs. Ki67 %,,93.16,all samples (fit only),1,,11.81
Manuscript Drafts with Results/GraphPad Files/Correlation analysis.pzfx,MTS % vs. Ki67 %,,94.68,all samples (fit only),1,,8.88
Manuscript Drafts with Results/GraphPad Files/Correlation analysis.pzfx,MTS % vs. Ki67 %,,5.2,all samples (fit only),1,,0.61
Manuscript Drafts with Results/GraphPad Files/Correlation analysis.pzfx,MTS % vs. Ki67 %,,19.42,all samples (fit only),1,,6.68
Manuscript Drafts with Results/GraphPad Files/Correlation analysis.pzfx,MTS % vs. Ki67 %,,91.33,all samples (fit only),1,,12.45
Manuscript Drafts with Results/GraphPad Files/Correlation analysis.pzfx,MTS % vs. Ki67 %,,60.71,all samples (fit only),1,,12.13
Manuscript Drafts with Results/GraphPad Files/Correlation analysis.pzfx,MTS % vs. Ki67 %,,1.47,all samples (fit only),1,,1.67
Manuscript Drafts with Results/GraphPad Files/Correlation analysis.pzfx,MTS % vs. Ki67 %,,29.52,all samples (fit only),1,,14.68
Manuscript Drafts with Results/GraphPad Files/Correlation analysis.pzfx,MTS % vs. Ki67 %,,35.5,all samples (fit only),1,,4.52
Manuscript Drafts with Results/GraphPad Files/Correlation analysis.pzfx,MTS % vs. Ki67 %,,21.75,all samples (fit only),1,,10.57
Manuscript Drafts with Results/GraphPad Files/Correlation analysis.pzfx,MTS % vs. Ki67 %,,20.78,all samples (fit only),1,,3.96
Manuscript Drafts with Results/GraphPad Files/Correlation analysis.pzfx,MTS % vs. Ki67 %,,2.02,all samples (fit only),1,,1.01
Manuscript Drafts with Results/GraphPad Files/Correlation analysis.pzfx,MTS % vs. Ki67 %,,9.19,all samples (fit only),1,,1.8
Manuscript Drafts with Results/GraphPad Files/Liver Bx. [DATE] IHC.pzfx,Liver bx. [DATE] Cleaved Caspase,PT-024,row1,DMSO,1,,17.9
Manuscript Drafts with Results/GraphPad Files/Liver Bx. [DATE] IHC.pzfx,Liver bx. [DATE] Cleaved Caspase,PT-024,row2,DMSO,1,,18.6
Manuscript Drafts with Results/GraphPad Files/Liver Bx. [DATE] IHC.pzfx,Liver bx. [DATE] Cleaved Caspase,PT-024,row3,DMSO,1,,29.2
Manuscript Drafts with Results/GraphPad Files/Liver Bx. [DATE] IHC.pzfx,Liver bx. [DATE] Cleaved Caspase,PT-024,row4,DMSO,1,,17.8
Manuscript Drafts with Results/GraphPad Files/Liver Bx. [DATE] IHC.pzfx,Liver bx. [DATE] Cleaved Caspase,PT-024,row1,Folfirinox,1,,9.3
Manuscript Drafts with Results/GraphPad Files/Liver Bx. [DATE] IHC.pzfx,Liver bx. [DATE] Cleaved Caspase,PT-024,row2,Folfirinox,1,,10.1
Manuscript Drafts with Results/GraphPad Files/Liver Bx. [DATE] IHC.pzfx,Liver bx. [DATE] Cleaved Caspase,PT-024,row3,Folfirinox,1,,11.4
Manuscript Drafts with Results/GraphPad Files/Liver Bx. [DATE] IHC.pzfx,Liver bx. [DATE] Cleaved Caspase,PT-024,row4,Folfirinox,1,,12.5
Manuscript Drafts with Results/GraphPad Files/Liver Bx. [DATE] IHC.pzfx,Liver bx. [DATE] Cleaved Caspase,PT-024,row1,Gem/nab,1,,25.8
Manuscript Drafts with Results/GraphPad Files/Liver Bx. [DATE] IHC.pzfx,Liver bx. [DATE] Cleaved Caspase,PT-024,row2,Gem/nab,1,,45.1
Manuscript Drafts with Results/GraphPad Files/Liver Bx. [DATE] IHC.pzfx,Liver bx. [DATE] Cleaved Caspase,PT-024,row3,Gem/nab,1,,34.5
Manuscript Drafts with Results/GraphPad Files/Liver Bx. [DATE] IHC.pzfx,Liver bx. [DATE] Cleaved Caspase,PT-024,row4,Gem/nab,1,,45.5
Manuscript Drafts with Results/GraphPad Files/Liver Bx. [DATE] IHC.pzfx,Liver bx. [DATE] Cleaved Caspase,PT-024,row1,RMC7977,1,,42.1
Manuscript Drafts with Results/GraphPad Files/Liver Bx. [DATE] IHC.pzfx,Liver bx. [DATE] Cleaved Caspase,PT-024,row2,RMC7977,1,,25.9
Manuscript Drafts with Results/GraphPad Files/Liver Bx. [DATE] IHC.pzfx,Liver bx. [DATE] Cleaved Caspase,PT-024,row3,RMC7977,1,,31.0
Manuscript Drafts with Results/GraphPad Files/Liver Bx. [DATE] IHC.pzfx,Liver bx. [DATE] Cleaved Caspase,PT-024,row4,RMC7977,1,,37.4
Manuscript Drafts with Results/GraphPad Files/Liver Bx. [DATE] IHC.pzfx,Liver bx. [DATE] Cleaved Caspase,PT-024,row1,Trametinib,1,,19.0
Manuscript Drafts with Results/GraphPad Files/Liver Bx. [DATE] IHC.pzfx,Liver bx. [DATE] Cleaved Caspase,PT-024,row2,Trametinib,1,,23.0
Manuscript Drafts with Results/GraphPad Files/Liver Bx. [DATE] IHC.pzfx,Liver bx. [DATE] Cleaved Caspase,PT-024,row3,Trametinib,1,,16.5
Manuscript Drafts with Results/GraphPad Files/Liver Bx. [DATE] IHC.pzfx,Liver bx. [DATE] Cleaved Caspase,PT-024,row4,Trametinib,1,,22.1
Manuscript Drafts with Results/GraphPad Files/Liver Bx. [DATE] IHC.pzfx,Liver bx. [DATE] Ki67,PT-024,row1,DMSO,1,,28.56
Manuscript Drafts with Results/GraphPad Files/Liver Bx. [DATE] IHC.pzfx,Liver bx. [DATE] Ki67,PT-024,row2,DMSO,1,,38.3
Manuscript Drafts with Results/GraphPad Files/Liver Bx. [DATE] IHC.pzfx,Liver bx. [DATE] Ki67,PT-024,row3,DMSO,1,,45.8503
Manuscript Drafts with Results/GraphPad Files/Liver Bx. [DATE] IHC.pzfx,Liver bx. [DATE] Ki67,PT-024,row4,DMSO,1,,33.2377
Manuscript Drafts with Results/GraphPad Files/Liver Bx. [DATE] IHC.pzfx,Liver bx. [DATE] Ki67,PT-024,row1,Folfirinox,1,,12.8
Manuscript Drafts with Results/GraphPad Files/Liver Bx. [DATE] IHC.pzfx,Liver bx. [DATE] Ki67,PT-024,row2,Folfirinox,1,,13.43
Manuscript Drafts with Results/GraphPad Files/Liver Bx. [DATE] IHC.pzfx,Liver bx. [DATE] Ki67,PT-024,row3,Folfirinox,1,,9.704
Manuscript Drafts with Results/GraphPad Files/Liver Bx. [DATE] IHC.pzfx,Liver bx. [DATE] Ki67,PT-024,row4,Folfirinox,1,,12.6
Manuscript Drafts with Results/GraphPad Files/Liver Bx. [DATE] IHC.pzfx,Liver bx. [DATE] Ki67,PT-024,row1,Gem/nab,1,,1.445
Manuscript Drafts with Results/GraphPad Files/Liver Bx. [DATE] IHC.pzfx,Liver bx. [DATE] Ki67,PT-024,row2,Gem/nab,1,,1.15
Manuscript Drafts with Results/GraphPad Files/Liver Bx. [DATE] IHC.pzfx,Liver bx. [DATE] Ki67,PT-024,row3,Gem/nab,1,,1.8704
Manuscript Drafts with Results/GraphPad Files/Liver Bx. [DATE] IHC.pzfx,Liver bx. [DATE] Ki67,PT-024,row4,Gem/nab,1,,2.2193
Manuscript Drafts with Results/GraphPad Files/Liver Bx. [DATE] IHC.pzfx,Liver bx. [DATE] Ki67,PT-024,row1,RMC7977,1,,9.992
Manuscript Drafts with Results/GraphPad Files/Liver Bx. [DATE] IHC.pzfx,Liver bx. [DATE] Ki67,PT-024,row2,RMC7977,1,,19.88
Manuscript Drafts with Results/GraphPad Files/Liver Bx. [DATE] IHC.pzfx,Liver bx. [DATE] Ki67,PT-024,row3,RMC7977,1,,7.5461
Manuscript Drafts with Results/GraphPad Files/Liver Bx. [DATE] IHC.pzfx,Liver bx. [DATE] Ki67,PT-024,row4,RMC7977,1,,21.3029
Manuscript Drafts with Results/GraphPad Files/Liver Bx. [DATE] IHC.pzfx,Liver bx. [DATE] Ki67,PT-024,row1,Trametinib,1,,4.196
Manuscript Drafts with Results/GraphPad Files/Liver Bx. [DATE] IHC.pzfx,Liver bx. [DATE] Ki67,PT-024,row2,Trametinib,1,,6.478
Manuscript Drafts with Results/GraphPad Files/Liver Bx. [DATE] IHC.pzfx,Liver bx. [DATE] Ki67,PT-024,row3,Trametinib,1,,5.951
Manuscript Drafts with Results/GraphPad Files/Liver Bx. [DATE] IHC.pzfx,Liver bx. [DATE] Ki67,PT-024,row4,Trametinib,1,,1.443
Manuscript Drafts with Results/GraphPad Files/Liver Bx. [DATE] IHC.pzfx,Liver bx. [DATE] CD45,PT-024,row1,DMSO,1,,14.15
Manuscript Drafts with Results/GraphPad Files/Liver Bx. [DATE] IHC.pzfx,Liver bx. [DATE] CD45,PT-024,row2,DMSO,1,,11.87
Manuscript Drafts with Results/GraphPad Files/Liver Bx. [DATE] IHC.pzfx,Liver bx. [DATE] CD45,PT-024,row3,DMSO,1,,32.63
Manuscript Drafts with Results/GraphPad Files/Liver Bx. [DATE] IHC.pzfx,Liver bx. [DATE] CD45,PT-024,row4,DMSO,1,,18.99
Manuscript Drafts with Results/GraphPad Files/Liver Bx. [DATE] IHC.pzfx,Liver bx. [DATE] CD45,PT-024,row1,Folfirinox,1,,20.18
Manuscript Drafts with Results/GraphPad Files/Liver Bx. [DATE] IHC.pzfx,Liver bx. [DATE] CD45,PT-024,row2,Folfirinox,1,,18.59
Manuscript Drafts with Results/GraphPad Files/Liver Bx. [DATE] IHC.pzfx,Liver bx. [DATE] CD45,PT-024,row3,Folfirinox,1,,23.04
Manuscript Drafts with Results/GraphPad Files/Liver Bx. [DATE] IHC.pzfx,Liver bx. [DATE] CD45,PT-024,row4,Folfirinox,1,,24.22
Manuscript Drafts with Results/GraphPad Files/Liver Bx. [DATE] IHC.pzfx,Liver bx. [DATE] CD45,PT-024,row1,Gem/nab,1,,25.44
Manuscript Drafts with Results/GraphPad Files/Liver Bx. [DATE] IHC.pzfx,Liver bx. [DATE] CD45,PT-024,row2,Gem/nab,1,,27.46
Manuscript Drafts with Results/GraphPad Files/Liver Bx. [DATE] IHC.pzfx,Liver bx. [DATE] CD45,PT-024,row3,Gem/nab,1,,23.56
Manuscript Drafts with Results/GraphPad Files/Liver Bx. [DATE] IHC.pzfx,Liver bx. [DATE] CD45,PT-024,row4,Gem/nab,1,,27.92
Manuscript Drafts with Results/GraphPad Files/Liver Bx. [DATE] IHC.pzfx,Liver bx. [DATE] CD45,PT-024,row1,RMC7977,1,,9.214
Manuscript Drafts with Results/GraphPad Files/Liver Bx. [DATE] IHC.pzfx,Liver bx. [DATE] CD45,PT-024,row2,RMC7977,1,,11.14
Manuscript Drafts with Results/GraphPad Files/Liver Bx. [DATE] IHC.pzfx,Liver bx. [DATE] CD45,PT-024,row3,RMC7977,1,,18.98
Manuscript Drafts with Results/GraphPad Files/Liver Bx. [DATE] IHC.pzfx,Liver bx. [DATE] CD45,PT-024,row4,RMC7977,1,,8.4969
Manuscript Drafts with Results/GraphPad Files/Liver Bx. [DATE] IHC.pzfx,Liver bx. [DATE] CD45,PT-024,row1,Trametinib,1,,28.05
Manuscript Drafts with Results/GraphPad Files/Liver Bx. [DATE] IHC.pzfx,Liver bx. [DATE] CD45,PT-024,row2,Trametinib,1,,39.79
Manuscript Drafts with Results/GraphPad Files/Liver Bx. [DATE] IHC.pzfx,Liver bx. [DATE] CD45,PT-024,row3,Trametinib,1,,29.45
Manuscript Drafts with Results/GraphPad Files/Liver Bx. [DATE] IHC.pzfx,Liver bx. [DATE] CD45,PT-024,row4,Trametinib,1,,26.33
Manuscript Drafts with Results/GraphPad Files/Liver Bx. [DATE] IHC.pzfx,Liver bx. [DATE] EpCam,PT-024,row1,DMSO,1,,61.84
Manuscript Drafts with Results/GraphPad Files/Liver Bx. [DATE] IHC.pzfx,Liver bx. [DATE] EpCam,PT-024,row2,DMSO,1,,64.95
Manuscript Drafts with Results/GraphPad Files/Liver Bx. [DATE] IHC.pzfx,Liver bx. [DATE] EpCam,PT-024,row3,DMSO,1,,68.3836
Manuscript Drafts with Results/GraphPad Files/Liver Bx. [DATE] IHC.pzfx,Liver bx. [DATE] EpCam,PT-024,row4,DMSO,1,,73.408
Manuscript Drafts with Results/GraphPad Files/Liver Bx. [DATE] IHC.pzfx,Liver bx. [DATE] EpCam,PT-024,row1,Folfirinox,1,,55.61
Manuscript Drafts with Results/GraphPad Files/Liver Bx. [DATE] IHC.pzfx,Liver bx. [DATE] EpCam,PT-024,row2,Folfirinox,1,,63.93
Manuscript Drafts with Results/GraphPad Files/Liver Bx. [DATE] IHC.pzfx,Liver bx. [DATE] EpCam,PT-024,row3,Folfirinox,1,,54.77
Manuscript Drafts with Results/GraphPad Files/Liver Bx. [DATE] IHC.pzfx,Liver bx. [DATE] EpCam,PT-024,row4,Folfirinox,1,,47.69
Manuscript Drafts with Results/GraphPad Files/Liver Bx. [DATE] IHC.pzfx,Liver bx. [DATE] EpCam,PT-024,row1,Gem/nab,1,,46.31
Manuscript Drafts with Results/GraphPad Files/Liver Bx. [DATE] IHC.pzfx,Liver bx. [DATE] EpCam,PT-024,row2,Gem/nab,1,,54.3
Manuscript Drafts with Results/GraphPad Files/Liver Bx. [DATE] IHC.pzfx,Liver bx. [DATE] EpCam,PT-024,row3,Gem/nab,1,,38.83
Manuscript Drafts with Results/GraphPad Files/Liver Bx. [DATE] IHC.pzfx,Liver bx. [DATE] EpCam,PT-024,row4,Gem/nab,1,,60.43
Manuscript Drafts with Results/GraphPad Files/Liver Bx. [DATE] IHC.pzfx,Liver bx. [DATE] EpCam,PT-024,row1,RMC7977,1,,50.94
Manuscript Drafts with Results/GraphPad Files/Liver Bx. [DATE] IHC.pzfx,Liver bx. [DATE] EpCam,PT-024,row2,RMC7977,1,,53.37
Manuscript Drafts with Results/GraphPad Files/Liver Bx. [DATE] IHC.pzfx,Liver bx. [DATE] EpCam,PT-024,row3,RMC7977,1,,50.38
Manuscript Drafts with Results/GraphPad Files/Liver Bx. [DATE] IHC.pzfx,Liver bx. [DATE] EpCam,PT-024,row4,RMC7977,1,,63.9512
Manuscript Drafts with Results/GraphPad Files/Liver Bx. [DATE] IHC.pzfx,Liver bx. [DATE] EpCam,PT-024,row1,Trametinib,1,,56.46
Manuscript Drafts with Results/GraphPad Files/Liver Bx. [DATE] IHC.pzfx,Liver bx. [DATE] EpCam,PT-024,row2,Trametinib,1,,51.23
Manuscript Drafts with Results/GraphPad Files/Liver Bx. [DATE] IHC.pzfx,Liver bx. [DATE] EpCam,PT-024,row3,Trametinib,1,,55.3
Manuscript Drafts with Results/GraphPad Files/Liver Bx. [DATE] IHC.pzfx,Liver bx. [DATE] EpCam,PT-024,row4,Trametinib,1,,43.8751
Manuscript Drafts with Results/GraphPad Files/Liver Bx. [DATE] IHC.pzfx,Liver Bx. [DATE] Cleaved Caspase,PT-025,row1,DMSO,1,,8.4
Manuscript Drafts with Results/GraphPad Files/Liver Bx. [DATE] IHC.pzfx,Liver Bx. [DATE] Cleaved Caspase,PT-025,row2,DMSO,1,,11.4
Manuscript Drafts with Results/GraphPad Files/Liver Bx. [DATE] IHC.pzfx,Liver Bx. [DATE] Cleaved Caspase,PT-025,row3,DMSO,1,,13.6
Manuscript Drafts with Results/GraphPad Files/Liver Bx. [DATE] IHC.pzfx,Liver Bx. [DATE] Cleaved Caspase,PT-025,row4,DMSO,1,,19.8
Manuscript Drafts with Results/GraphPad Files/Liver Bx. [DATE] IHC.pzfx,Liver Bx. [DATE] Cleaved Caspase,PT-025,row1,Folfirinox,1,,44.1
Manuscript Drafts with Results/GraphPad Files/Liver Bx. [DATE] IHC.pzfx,Liver Bx. [DATE] Cleaved Caspase,PT-025,row2,Folfirinox,1,,32.7
Manuscript Drafts with Results/GraphPad Files/Liver Bx. [DATE] IHC.pzfx,Liver Bx. [DATE] Cleaved Caspase,PT-025,row3,Folfirinox,1,,51.8
Manuscript Drafts with Results/GraphPad Files/Liver Bx. [DATE] IHC.pzfx,Liver Bx. [DATE] Cleaved Caspase,PT-025,row4,Folfirinox,1,,40.9
Manuscript Drafts with Results/GraphPad Files/Liver Bx. [DATE] IHC.pzfx,Liver Bx. [DATE] Cleaved Caspase,PT-025,row1,Gem/nab,1,,27.7
Manuscript Drafts with Results/GraphPad Files/Liver Bx. [DATE] IHC.pzfx,Liver Bx. [DATE] Cleaved Caspase,PT-025,row2,Gem/nab,1,,23.4
Manuscript Drafts with Results/GraphPad Files/Liver Bx. [DATE] IHC.pzfx,Liver Bx. [DATE] Cleaved Caspase,PT-025,row3,Gem/nab,1,,58.8
Manuscript Drafts with Results/GraphPad Files/Liver Bx. [DATE] IHC.pzfx,Liver Bx. [DATE] Cleaved Caspase,PT-025,row4,Gem/nab,1,,20.3
Manuscript Drafts with Results/GraphPad Files/Liver Bx. [DATE] IHC.pzfx,Liver Bx. [DATE] Cleaved Caspase,PT-025,row1,RMC7977,1,,66.5
Manuscript Drafts with Results/GraphPad Files/Liver Bx. [DATE] IHC.pzfx,Liver Bx. [DATE] Cleaved Caspase,PT-025,row2,RMC7977,1,,47.4
Manuscript Drafts with Results/GraphPad Files/Liver Bx. [DATE] IHC.pzfx,Liver Bx. [DATE] Cleaved Caspase,PT-025,row3,RMC7977,1,,26.9
Manuscript Drafts with Results/GraphPad Files/Liver Bx. [DATE] IHC.pzfx,Liver Bx. [DATE] Cleaved Caspase,PT-025,row4,RMC7977,1,,46.4
Manuscript Drafts with Results/GraphPad Files/Liver Bx. [DATE] IHC.pzfx,Liver Bx. [DATE] Cleaved Caspase,PT-025,row1,Trametinib,1,,32.1
Manuscript Drafts with Results/GraphPad Files/Liver Bx. [DATE] IHC.pzfx,Liver Bx. [DATE] Cleaved Caspase,PT-025,row2,Trametinib,1,,29.8
Manuscript Drafts with Results/GraphPad Files/Liver Bx. [DATE] IHC.pzfx,Liver Bx. [DATE] Cleaved Caspase,PT-025,row3,Trametinib,1,,24.4
Manuscript Drafts with Results/GraphPad Files/Liver Bx. [DATE] IHC.pzfx,Liver Bx. [DATE] Cleaved Caspase,PT-025,row4,Trametinib,1,,29.7
Manuscript Drafts with Results/GraphPad Files/Liver Bx. [DATE] IHC.pzfx,Liver Bx. [DATE] Ki67,PT-025,row1,DMSO,1,,1.037
Manuscript Drafts with Results/GraphPad Files/Liver Bx. [DATE] IHC.pzfx,Liver Bx. [DATE] Ki67,PT-025,row2,DMSO,1,,3.625
Manuscript Drafts with Results/GraphPad Files/Liver Bx. [DATE] IHC.pzfx,Liver Bx. [DATE] Ki67,PT-025,row3,DMSO,1,,6.152
Manuscript Drafts with Results/GraphPad Files/Liver Bx. [DATE] IHC.pzfx,Liver Bx. [DATE] Ki67,PT-025,row4,DMSO,1,,2.43
Manuscript Drafts with Results/GraphPad Files/Liver Bx. [DATE] IHC.pzfx,Liver Bx. [DATE] Ki67,PT-025,row1,Folfirinox,1,,5.2
Manuscript Drafts with Results/GraphPad Files/Liver Bx. [DATE] IHC.pzfx,Liver Bx. [DATE] Ki67,PT-025,row2,Folfirinox,1,,6.435
Manuscript Drafts with Results/GraphPad Files/Liver Bx. [DATE] IHC.pzfx,Liver Bx. [DATE] Ki67,PT-025,row3,Folfirinox,1,,15.07
Manuscript Drafts with Results/GraphPad Files/Liver Bx. [DATE] IHC.pzfx,Liver Bx. [DATE] Ki67,PT-025,row4,Folfirinox,1,,15.59
Manuscript Drafts with Results/GraphPad Files/Liver Bx. [DATE] IHC.pzfx,Liver Bx. [DATE] Ki67,PT-025,row1,Gem/nab,1,,3.601
Manuscript Drafts with Results/GraphPad Files/Liver Bx. [DATE] IHC.pzfx,Liver Bx. [DATE] Ki67,PT-025,row2,Gem/nab,1,,3.085
Manuscript Drafts with Results/GraphPad Files/Liver Bx. [DATE] IHC.pzfx,Liver Bx. [DATE] Ki67,PT-025,row3,Gem/nab,1,,3.787
Manuscript Drafts with Results/GraphPad Files/Liver Bx. [DATE] IHC.pzfx,Liver Bx. [DATE] Ki67,PT-025,row4,Gem/nab,1,,5.37
Manuscript Drafts with Results/GraphPad Files/Liver Bx. [DATE] IHC.pzfx,Liver Bx. [DATE] Ki67,PT-025,row1,RMC7977,1,,0.7817
Manuscript Drafts with Results/GraphPad Files/Liver Bx. [DATE] IHC.pzfx,Liver Bx. [DATE] Ki67,PT-025,row2,RMC7977,1,,1.581
Manuscript Drafts with Results/GraphPad Files/Liver Bx. [DATE] IHC.pzfx,Liver Bx. [DATE] Ki67,PT-025,row3,RMC7977,1,,0.1383
Manuscript Drafts with Results/GraphPad Files/Liver Bx. [DATE] IHC.pzfx,Liver Bx. [DATE] Ki67,PT-025,row4,RMC7977,1,,1.551
Manuscript Drafts with Results/GraphPad Files/Liver Bx. [DATE] IHC.pzfx,Liver Bx. [DATE] Ki67,PT-025,row1,Trametinib,1,,1.708
Manuscript Drafts with Results/GraphPad Files/Liver Bx. [DATE] IHC.pzfx,Liver Bx. [DATE] Ki67,PT-025,row2,Trametinib,1,,0.4269
Manuscript Drafts with Results/GraphPad Files/Liver Bx. [DATE] IHC.pzfx,Liver Bx. [DATE] Ki67,PT-025,row3,Trametinib,1,,2.358
Manuscript Drafts with Results/GraphPad Files/Liver Bx. [DATE] IHC.pzfx,Liver Bx. [DATE] Ki67,PT-025,row4,Trametinib,1,,2.691
Manuscript Drafts with Results/GraphPad Files/Liver Bx. [DATE] IHC.pzfx,Liver Bx. [DATE] CD45,PT-025,row1,DMSO,1,,25.42
Manuscript Drafts with Results/GraphPad Files/Liver Bx. [DATE] IHC.pzfx,Liver Bx. [DATE] CD45,PT-025,row2,DMSO,1,,14.26
Manuscript Drafts with Results/GraphPad Files/Liver Bx. [DATE] IHC.pzfx,Liver Bx. [DATE] CD45,PT-025,row3,DMSO,1,,19.49
Manuscript Drafts with Results/GraphPad Files/Liver Bx. [DATE] IHC.pzfx,Liver Bx. [DATE] CD45,PT-025,row4,DMSO,1,,24.47
Manuscript Drafts with Results/GraphPad Files/Liver Bx. [DATE] IHC.pzfx,Liver Bx. [DATE] CD45,PT-025,row1,Folfirinox,1,,29.97
Manuscript Drafts with Results/GraphPad Files/Liver Bx. [DATE] IHC.pzfx,Liver Bx. [DATE] CD45,PT-025,row2,Folfirinox,1,,33.94
Manuscript Drafts with Results/GraphPad Files/Liver Bx. [DATE] IHC.pzfx,Liver Bx. [DATE] CD45,PT-025,row3,Folfirinox,1,,35.64
Manuscript Drafts with Results/GraphPad Files/Liver Bx. [DATE] IHC.pzfx,Liver Bx. [DATE] CD45,PT-025,row4,Folfirinox,1,,36.26
Manuscript Drafts with Results/GraphPad Files/Liver Bx. [DATE] IHC.pzfx,Liver Bx. [DATE] CD45,PT-025,row1,Gem/nab,1,,20.5
Manuscript Drafts with Results/GraphPad Files/Liver Bx. [DATE] IHC.pzfx,Liver Bx. [DATE] CD45,PT-025,row2,Gem/nab,1,,17.63
Manuscript Drafts with Results/GraphPad Files/Liver Bx. [DATE] IHC.pzfx,Liver Bx. [DATE] CD45,PT-025,row3,Gem/nab,1,,17.75
Manuscript Drafts with Results/GraphPad Files/Liver Bx. [DATE] IHC.pzfx,Liver Bx. [DATE] CD45,PT-025,row4,Gem/nab,1,,11.24
Manuscript Drafts with Results/GraphPad Files/Liver Bx. [DATE] IHC.pzfx,Liver Bx. [DATE] CD45,PT-025,row1,RMC7977,1,,34.45
Manuscript Drafts with Results/GraphPad Files/Liver Bx. [DATE] IHC.pzfx,Liver Bx. [DATE] CD45,PT-025,row2,RMC7977,1,,32.1
Manuscript Drafts with Results/GraphPad Files/Liver Bx. [DATE] IHC.pzfx,Liver Bx. [DATE] CD45,PT-025,row3,RMC7977,1,,25.91
Manuscript Drafts with Results/GraphPad Files/Liver Bx. [DATE] IHC.pzfx,Liver Bx. [DATE] CD45,PT-025,row4,RMC7977,1,,32.42
Manuscript Drafts with Results/GraphPad Files/Liver Bx. [DATE] IHC.pzfx,Liver Bx. [DATE] CD45,PT-025,row1,Trametinib,1,,36.96
Manuscript Drafts with Results/GraphPad Files/Liver Bx. [DATE] IHC.pzfx,Liver Bx. [DATE] CD45,PT-025,row2,Trametinib,1,,35.9
Manuscript Drafts with Results/GraphPad Files/Liver Bx. [DATE] IHC.pzfx,Liver Bx. [DATE] CD45,PT-025,row3,Trametinib,1,,30.53
Manuscript Drafts with Results/GraphPad Files/Liver Bx. [DATE] IHC.pzfx,Liver Bx. [DATE] CD45,PT-025,row4,Trametinib,1,,45.62
Manuscript Drafts with Results/GraphPad Files/Liver Bx. [DATE] IHC.pzfx,Liver Bx. [DATE] EpCam,PT-025,row1,DMSO,1,,27.95
Manuscript Drafts with Results/GraphPad Files/Liver Bx. [DATE] IHC.pzfx,Liver Bx. [DATE] EpCam,PT-025,row2,DMSO,1,,29.4
Manuscript Drafts with Results/GraphPad Files/Liver Bx. [DATE] IHC.pzfx,Liver Bx. [DATE] EpCam,PT-025,row3,DMSO,1,,25.7
Manuscript Drafts with Results/GraphPad Files/Liver Bx. [DATE] IHC.pzfx,Liver Bx. [DATE] EpCam,PT-025,row4,DMSO,1,,29.57
Manuscript Drafts with Results/GraphPad Files/Liver Bx. [DATE] IHC.pzfx,Liver Bx. [DATE] EpCam,PT-025,row1,Folfirinox,1,,17.52
Manuscript Drafts with Results/GraphPad Files/Liver Bx. [DATE] IHC.pzfx,Liver Bx. [DATE] EpCam,PT-025,row2,Folfirinox,1,,25.1
Manuscript Drafts with Results/GraphPad Files/Liver Bx. [DATE] IHC.pzfx,Liver Bx. [DATE] EpCam,PT-025,row3,Folfirinox,1,,24.74
Manuscript Drafts with Results/GraphPad Files/Liver Bx. [DATE] IHC.pzfx,Liver Bx. [DATE] EpCam,PT-025,row4,Folfirinox,1,,23.94
Manuscript Drafts with Results/GraphPad Files/Liver Bx. [DATE] IHC.pzfx,Liver Bx. [DATE] EpCam,PT-025,row1,Gem/nab,1,,15.87
Manuscript Drafts with Results/GraphPad Files/Liver Bx. [DATE] IHC.pzfx,Liver Bx. [DATE] EpCam,PT-025,row2,Gem/nab,1,,16.98
Manuscript Drafts with Results/GraphPad Files/Liver Bx. [DATE] IHC.pzfx,Liver Bx. [DATE] EpCam,PT-025,row3,Gem/nab,1,,12.9
Manuscript Drafts with Results/GraphPad Files/Liver Bx. [DATE] IHC.pzfx,Liver Bx. [DATE] EpCam,PT-025,row4,Gem/nab,1,,16.34
Manuscript Drafts with Results/GraphPad Files/Liver Bx. [DATE] IHC.pzfx,Liver Bx. [DATE] EpCam,PT-025,row1,RMC7977,1,,26.34
Manuscript Drafts with Results/GraphPad Files/Liver Bx. [DATE] IHC.pzfx,Liver Bx. [DATE] EpCam,PT-025,row2,RMC7977,1,,13.24
Manuscript Drafts with Results/GraphPad Files/Liver Bx. [DATE] IHC.pzfx,Liver Bx. [DATE] EpCam,PT-025,row3,RMC7977,1,,24.3
Manuscript Drafts with Results/GraphPad Files/Liver Bx. [DATE] IHC.pzfx,Liver Bx. [DATE] EpCam,PT-025,row4,RMC7977,1,,23.76
Manuscript Drafts with Results/GraphPad Files/Liver Bx. [DATE] IHC.pzfx,Liver Bx. [DATE] EpCam,PT-025,row1,Trametinib,1,,24.94
Manuscript Drafts with Results/GraphPad Files/Liver Bx. [DATE] IHC.pzfx,Liver Bx. [DATE] EpCam,PT-025,row2,Trametinib,1,,28.69
Manuscript Drafts with Results/GraphPad Files/Liver Bx. [DATE] IHC.pzfx,Liver Bx. [DATE] EpCam,PT-025,row3,Trametinib,1,,26.68
Manuscript Drafts with Results/GraphPad Files/Liver Bx. [DATE] IHC.pzfx,Liver Bx. [DATE] EpCam,PT-025,row4,Trametinib,1,,27.63
Manuscript Drafts with Results/GraphPad Files/Liver Bx.1 IHC.pzfx,Liver Bx.1 Cleaved Caspase,,row1,Day 1,1,,3.789
Manuscript Drafts with Results/GraphPad Files/Liver Bx.1 IHC.pzfx,Liver Bx.1 Cleaved Caspase,,row2,Day 1,1,,1.779
Manuscript Drafts with Results/GraphPad Files/Liver Bx.1 IHC.pzfx,Liver Bx.1 Cleaved Caspase,,row3,Day 1,1,,2.046
Manuscript Drafts with Results/GraphPad Files/Liver Bx.1 IHC.pzfx,Liver Bx.1 Cleaved Caspase,,row4,Day 1,1,,2.649
Manuscript Drafts with Results/GraphPad Files/Liver Bx.1 IHC.pzfx,Liver Bx.1 Cleaved Caspase,,row1,Day 2,1,,0.5937
Manuscript Drafts with Results/GraphPad Files/Liver Bx.1 IHC.pzfx,Liver Bx.1 Cleaved Caspase,,row2,Day 2,1,,0.4357
Manuscript Drafts with Results/GraphPad Files/Liver Bx.1 IHC.pzfx,Liver Bx.1 Cleaved Caspase,,row3,Day 2,1,,0.4251
Manuscript Drafts with Results/GraphPad Files/Liver Bx.1 IHC.pzfx,Liver Bx.1 Cleaved Caspase,,row4,Day 2,1,,0.4673
Manuscript Drafts with Results/GraphPad Files/Liver Bx.1 IHC.pzfx,Liver Bx.1 Cleaved Caspase,,row1,Day 3,1,,0.5176
Manuscript Drafts with Results/GraphPad Files/Liver Bx.1 IHC.pzfx,Liver Bx.1 Cleaved Caspase,,row2,Day 3,1,,0.1782
Manuscript Drafts with Results/GraphPad Files/Liver Bx.1 IHC.pzfx,Liver Bx.1 Cleaved Caspase,,row3,Day 3,1,,0.4044
Manuscript Drafts with Results/GraphPad Files/Liver Bx.1 IHC.pzfx,Liver Bx.1 Cleaved Caspase,,row4,Day 3,1,,0.4636
Manuscript Drafts with Results/GraphPad Files/Liver Bx.1 IHC.pzfx,Liver Bx.1 Cleaved Caspase,,row1,Day 3 DMSO,1,,1.7442
Manuscript Drafts with Results/GraphPad Files/Liver Bx.1 IHC.pzfx,Liver Bx.1 Cleaved Caspase,,row2,Day 3 DMSO,1,,0.9014
Manuscript Drafts with Results/GraphPad Files/Liver Bx.1 IHC.pzfx,Liver Bx.1 Cleaved Caspase,,row3,Day 3 DMSO,1,,1.34
Manuscript Drafts with Results/GraphPad Files/Liver Bx.1 IHC.pzfx,Liver Bx.1 Cleaved Caspase,,row4,Day 3 DMSO,1,,1.353
Manuscript Drafts with Results/GraphPad Files/Liver Bx.1 IHC.pzfx,Liver Bx.1 Cleaved Caspase,,row1,Day 3 STS,1,,5.256
Manuscript Drafts with Results/GraphPad Files/Liver Bx.1 IHC.pzfx,Liver Bx.1 Cleaved Caspase,,row2,Day 3 STS,1,,4.834
Manuscript Drafts with Results/GraphPad Files/Liver Bx.1 IHC.pzfx,Liver Bx.1 Cleaved Caspase,,row3,Day 3 STS,1,,7.327
Manuscript Drafts with Results/GraphPad Files/Liver Bx.1 IHC.pzfx,Liver Bx.1 Cleaved Caspase,,row4,Day 3 STS,1,,5.278
Manuscript Drafts with Results/GraphPad Files/Liver Bx.1 IHC.pzfx,Liver Bx.1 Ki67,,row1,Day 1,1,,1.22
Manuscript Drafts with Results/GraphPad Files/Liver Bx.1 IHC.pzfx,Liver Bx.1 Ki67,,row2,Day 1,1,,1.426
Manuscript Drafts with Results/GraphPad Files/Liver Bx.1 IHC.pzfx,Liver Bx.1 Ki67,,row3,Day 1,1,,0.9289
Manuscript Drafts with Results/GraphPad Files/Liver Bx.1 IHC.pzfx,Liver Bx.1 Ki67,,row4,Day 1,1,,0.9816
Manuscript Drafts with Results/GraphPad Files/Liver Bx.1 IHC.pzfx,Liver Bx.1 Ki67,,row1,Day 2,1,,12.53
Manuscript Drafts with Results/GraphPad Files/Liver Bx.1 IHC.pzfx,Liver Bx.1 Ki67,,row2,Day 2,1,,3.456
Manuscript Drafts with Results/GraphPad Files/Liver Bx.1 IHC.pzfx,Liver Bx.1 Ki67,,row3,Day 2,1,,1.836
Manuscript Drafts with Results/GraphPad Files/Liver Bx.1 IHC.pzfx,Liver Bx.1 Ki67,,row4,Day 2,1,,9.111
Manuscript Drafts with Results/GraphPad Files/Liver Bx.1 IHC.pzfx,Liver Bx.1 Ki67,,row1,Day 3,1,,1.9086
Manuscript Drafts with Results/GraphPad Files/Liver Bx.1 IHC.pzfx,Liver Bx.1 Ki67,,row2,Day 3,1,,1.196
Manuscript Drafts with Results/GraphPad Files/Liver Bx.1 IHC.pzfx,Liver Bx.1 Ki67,,row3,Day 3,1,,2.689
Manuscript Drafts with Results/GraphPad Files/Liver Bx.1 IHC.pzfx,Liver Bx.1 Ki67,,row4,Day 3,1,,1.658
Manuscript Drafts with Results/GraphPad Files/Liver Bx.1 IHC.pzfx,Liver Bx.1 Ki67,,row1,Day 3 DMSO,1,,13.3508
Manuscript Drafts with Results/GraphPad Files/Liver Bx.1 IHC.pzfx,Liver Bx.1 Ki67,,row2,Day 3 DMSO,1,,4.195
Manuscript Drafts with Results/GraphPad Files/Liver Bx.1 IHC.pzfx,Liver Bx.1 Ki67,,row3,Day 3 DMSO,1,,9.419
Manuscript Drafts with Results/GraphPad Files/Liver Bx.1 IHC.pzfx,Liver Bx.1 Ki67,,row4,Day 3 DMSO,1,,12.28
Manuscript Drafts with Results/GraphPad Files/Liver Bx.1 IHC.pzfx,Liver Bx.1 Ki67,,row1,Day 3 STS,1,,0.2945
Manuscript Drafts with Results/GraphPad Files/Liver Bx.1 IHC.pzfx,Liver Bx.1 Ki67,,row2,Day 3 STS,1,,0.3446
Manuscript Drafts with Results/GraphPad Files/Liver Bx.1 IHC.pzfx,Liver Bx.1 Ki67,,row3,Day 3 STS,1,,0.6587
Manuscript Drafts with Results/GraphPad Files/Liver Bx.1 IHC.pzfx,Liver Bx.1 Ki67,,row4,Day 3 STS,1,,0.4239
Manuscript Drafts with Results/GraphPad Files/Liver Bx.1 IHC.pzfx,Liver Bx.1 CD45,,row1,Day 1,1,,11.56
Manuscript Drafts with Results/GraphPad Files/Liver Bx.1 IHC.pzfx,Liver Bx.1 CD45,,row2,Day 1,1,,15.9703
Manuscript Drafts with Results/GraphPad Files/Liver Bx.1 IHC.pzfx,Liver Bx.1 CD45,,row3,Day 1,1,,10.96
Manuscript Drafts with Results/GraphPad Files/Liver Bx.1 IHC.pzfx,Liver Bx.1 CD45,,row4,Day 1,1,,13.56
Manuscript Drafts with Results/GraphPad Files/Liver Bx.1 IHC.pzfx,Liver Bx.1 CD45,,row1,Day 2,1,,21.4994
Manuscript Drafts with Results/GraphPad Files/Liver Bx.1 IHC.pzfx,Liver Bx.1 CD45,,row2,Day 2,1,,32.28
Manuscript Drafts with Results/GraphPad Files/Liver Bx.1 IHC.pzfx,Liver Bx.1 CD45,,row3,Day 2,1,,20.68
Manuscript Drafts with Results/GraphPad Files/Liver Bx.1 IHC.pzfx,Liver Bx.1 CD45,,row4,Day 2,1,,19.69
Manuscript Drafts with Results/GraphPad Files/Liver Bx.1 IHC.pzfx,Liver Bx.1 CD45,,row1,Day 3,1,,15.89
Manuscript Drafts with Results/GraphPad Files/Liver Bx.1 IHC.pzfx,Liver Bx.1 CD45,,row2,Day 3,1,,15.77
Manuscript Drafts with Results/GraphPad Files/Liver Bx.1 IHC.pzfx,Liver Bx.1 CD45,,row3,Day 3,1,,12.94
Manuscript Drafts with Results/GraphPad Files/Liver Bx.1 IHC.pzfx,Liver Bx.1 CD45,,row4,Day 3,1,,11.13
Manuscript Drafts with Results/GraphPad Files/Liver Bx.1 IHC.pzfx,Liver Bx.1 CD45,,row1,Day 3 DMSO,1,,19.47
Manuscript Drafts with Results/GraphPad Files/Liver Bx.1 IHC.pzfx,Liver Bx.1 CD45,,row2,Day 3 DMSO,1,,12.59
Manuscript Drafts with Results/GraphPad Files/Liver Bx.1 IHC.pzfx,Liver Bx.1 CD45,,row3,Day 3 DMSO,1,,14.86
Manuscript Drafts with Results/GraphPad Files/Liver Bx.1 IHC.pzfx,Liver Bx.1 CD45,,row4,Day 3 DMSO,1,,11.29
Manuscript Drafts with Results/GraphPad Files/Liver Bx.1 IHC.pzfx,Liver Bx.1 CD45,,row1,Day 3 STS,1,,20.8638
Manuscript Drafts with Results/GraphPad Files/Liver Bx.1 IHC.pzfx,Liver Bx.1 CD45,,row2,Day 3 STS,1,,16.13
Manuscript Drafts with Results/GraphPad Files/Liver Bx.1 IHC.pzfx,Liver Bx.1 CD45,,row3,Day 3 STS,1,,21.33
Manuscript Drafts with Results/GraphPad Files/Liver Bx.1 IHC.pzfx,Liver Bx.1 CD45,,row4,Day 3 STS,1,,18.67
Manuscript Drafts with Results/GraphPad Files/Liver Bx.1 IHC.pzfx,Liver Bx.1 EpCam,,row1,Day 1,1,,1.3846
Manuscript Drafts with Results/GraphPad Files/Liver Bx.1 IHC.pzfx,Liver Bx.1 EpCam,,row2,Day 1,1,,1.543
Manuscript Drafts with Results/GraphPad Files/Liver Bx.1 IHC.pzfx,Liver Bx.1 EpCam,,row3,Day 1,1,,2.184
Manuscript Drafts with Results/GraphPad Files/Liver Bx.1 IHC.pzfx,Liver Bx.1 EpCam,,row4,Day 1,1,,1.866
Manuscript Drafts with Results/GraphPad Files/Liver Bx.1 IHC.pzfx,Liver Bx.1 EpCam,,row1,Day 2,1,,57.4615
Manuscript Drafts with Results/GraphPad Files/Liver Bx.1 IHC.pzfx,Liver Bx.1 EpCam,,row2,Day 2,1,,61.09
Manuscript Drafts with Results/GraphPad Files/Liver Bx.1 IHC.pzfx,Liver Bx.1 EpCam,,row3,Day 2,1,,48.92
Manuscript Drafts with Results/GraphPad Files/Liver Bx.1 IHC.pzfx,Liver Bx.1 EpCam,,row4,Day 2,1,,61.96
Manuscript Drafts with Results/GraphPad Files/Liver Bx.1 IHC.pzfx,Liver Bx.1 EpCam,,row1,Day 3,1,,4.001
Manuscript Drafts with Results/GraphPad Files/Liver Bx.1 IHC.pzfx,Liver Bx.1 EpCam,,row2,Day 3,1,,0.7445
Manuscript Drafts with Results/GraphPad Files/Liver Bx.1 IHC.pzfx,Liver Bx.1 EpCam,,row3,Day 3,1,,3.399
Manuscript Drafts with Results/GraphPad Files/Liver Bx.1 IHC.pzfx,Liver Bx.1 EpCam,,row4,Day 3,1,,0.8921
Manuscript Drafts with Results/GraphPad Files/Liver Bx.1 IHC.pzfx,Liver Bx.1 EpCam,,row1,Day 3 DMSO,1,,2.55
Manuscript Drafts with Results/GraphPad Files/Liver Bx.1 IHC.pzfx,Liver Bx.1 EpCam,,row2,Day 3 DMSO,1,,2.574
Manuscript Drafts with Results/GraphPad Files/Liver Bx.1 IHC.pzfx,Liver Bx.1 EpCam,,row3,Day 3 DMSO,1,,1.702
Manuscript Drafts with Results/GraphPad Files/Liver Bx.1 IHC.pzfx,Liver Bx.1 EpCam,,row4,Day 3 DMSO,1,,2.714
Manuscript Drafts with Results/GraphPad Files/Liver Bx.1 IHC.pzfx,Liver Bx.1 EpCam,,row1,Day 3 STS,1,,2.264
Manuscript Drafts with Results/GraphPad Files/Liver Bx.1 IHC.pzfx,Liver Bx.1 EpCam,,row2,Day 3 STS,1,,1.1969
Manuscript Drafts with Results/GraphPad Files/Liver Bx.1 IHC.pzfx,Liver Bx.1 EpCam,,row3,Day 3 STS,1,,1.811
Manuscript Drafts with Results/GraphPad Files/Liver Bx.1 IHC.pzfx,Liver Bx.1 EpCam,,row4,Day 3 STS,1,,1.877
Manuscript Drafts with Results/GraphPad Files/Liver Bx.2 IHC.pzfx,Liver Bx.2 Cleaved Caspase,,row1,Day 1,1,,4.0619
Manuscript Drafts with Results/GraphPad Files/Liver Bx.2 IHC.pzfx,Liver Bx.2 Cleaved Caspase,,row2,Day 1,1,,1.862
Manuscript Drafts with Results/GraphPad Files/Liver Bx.2 IHC.pzfx,Liver Bx.2 Cleaved Caspase,,row3,Day 1,1,,2.256
Manuscript Drafts with Results/GraphPad Files/Liver Bx.2 IHC.pzfx,Liver Bx.2 Cleaved Caspase,,row4,Day 1,1,,5.858
Manuscript Drafts with Results/GraphPad Files/Liver Bx.2 IHC.pzfx,Liver Bx.2 Cleaved Caspase,,row1,Day 2,1,,4.837
Manuscript Drafts with Results/GraphPad Files/Liver Bx.2 IHC.pzfx,Liver Bx.2 Cleaved Caspase,,row2,Day 2,1,,3.754
Manuscript Drafts with Results/GraphPad Files/Liver Bx.2 IHC.pzfx,Liver Bx.2 Cleaved Caspase,,row3,Day 2,1,,2.855
Manuscript Drafts with Results/GraphPad Files/Liver Bx.2 IHC.pzfx,Liver Bx.2 Cleaved Caspase,,row4,Day 2,1,,1.052
Manuscript Drafts with Results/GraphPad Files/Liver Bx.2 IHC.pzfx,Liver Bx.2 Cleaved Caspase,,row1,Day 3,1,,3.108
Manuscript Drafts with Results/GraphPad Files/Liver Bx.2 IHC.pzfx,Liver Bx.2 Cleaved Caspase,,row2,Day 3,1,,2.162
Manuscript Drafts with Results/GraphPad Files/Liver Bx.2 IHC.pzfx,Liver Bx.2 Cleaved Caspase,,row3,Day 3,1,,4.759
Manuscript Drafts with Results/GraphPad Files/Liver Bx.2 IHC.pzfx,Liver Bx.2 Cleaved Caspase,,row4,Day 3,1,,4.128
Manuscript Drafts with Results/GraphPad Files/Liver Bx.2 IHC.pzfx,Liver Bx.2 Cleaved Caspase,,row1,Day 5,1,,7.906
Manuscript Drafts with Results/GraphPad Files/Liver Bx.2 IHC.pzfx,Liver Bx.2 Cleaved Caspase,,row2,Day 5,1,,3.973
Manuscript Drafts with Results/GraphPad Files/Liver Bx.2 IHC.pzfx,Liver Bx.2 Cleaved Caspase,,row3,Day 5,1,,3.892
Manuscript Drafts with Results/GraphPad Files/Liver Bx.2 IHC.pzfx,Liver Bx.2 Cleaved Caspase,,row4,Day 5,1,,2.951
Manuscript Drafts with Results/GraphPad Files/Liver Bx.2 IHC.pzfx,Liver Bx.2 Ki67,,row1,Day 1,1,,2.559
Manuscript Drafts with Results/GraphPad Files/Liver Bx.2 IHC.pzfx,Liver Bx.2 Ki67,,row2,Day 1,1,,4.106
Manuscript Drafts with Results/GraphPad Files/Liver Bx.2 IHC.pzfx,Liver Bx.2 Ki67,,row3,Day 1,1,,2.61
Manuscript Drafts with Results/GraphPad Files/Liver Bx.2 IHC.pzfx,Liver Bx.2 Ki67,,row4,Day 1,1,,3.441
Manuscript Drafts with Results/GraphPad Files/Liver Bx.2 IHC.pzfx,Liver Bx.2 Ki67,,row1,Day 2,1,,17.31
Manuscript Drafts with Results/GraphPad Files/Liver Bx.2 IHC.pzfx,Liver Bx.2 Ki67,,row2,Day 2,1,,9.359
Manuscript Drafts with Results/GraphPad Files/Liver Bx.2 IHC.pzfx,Liver Bx.2 Ki67,,row3,Day 2,1,,11.95
Manuscript Drafts with Results/GraphPad Files/Liver Bx.2 IHC.pzfx,Liver Bx.2 Ki67,,row4,Day 2,1,,13.37
Manuscript Drafts with Results/GraphPad Files/Liver Bx.2 IHC.pzfx,Liver Bx.2 Ki67,,row1,Day 3,1,,11.51
Manuscript Drafts with Results/GraphPad Files/Liver Bx.2 IHC.pzfx,Liver Bx.2 Ki67,,row2,Day 3,1,,14.61
Manuscript Drafts with Results/GraphPad Files/Liver Bx.2 IHC.pzfx,Liver Bx.2 Ki67,,row3,Day 3,1,,22.62
Manuscript Drafts with Results/GraphPad Files/Liver Bx.2 IHC.pzfx,Liver Bx.2 Ki67,,row4,Day 3,1,,9.184
Manuscript Drafts with Results/GraphPad Files/Liver Bx.2 IHC.pzfx,Liver Bx.2 Ki67,,row1,Day 5,1,,8.232
Manuscript Drafts with Results/GraphPad Files/Liver Bx.2 IHC.pzfx,Liver Bx.2 Ki67,,row2,Day 5,1,,8.5267
Manuscript Drafts with Results/GraphPad Files/Liver Bx.2 IHC.pzfx,Liver Bx.2 Ki67,,row3,Day 5,1,,9.952
Manuscript Drafts with Results/GraphPad Files/Liver Bx.2 IHC.pzfx,Liver Bx.2 Ki67,,row4,Day 5,1,,8.641
Manuscript Drafts with Results/GraphPad Files/Liver Bx.2 IHC.pzfx,Liver Bx.2 CD45,,row1,Day 1,1,,16.4522
Manuscript Drafts with Results/GraphPad Files/Liver Bx.2 IHC.pzfx,Liver Bx.2 CD45,,row2,Day 1,1,,17.7089
Manuscript Drafts with Results/GraphPad Files/Liver Bx.2 IHC.pzfx,Liver Bx.2 CD45,,row3,Day 1,1,,15.71
Manuscript Drafts with Results/GraphPad Files/Liver Bx.2 IHC.pzfx,Liver Bx.2 CD45,,row4,Day 1,1,,17.86
Manuscript Drafts with Results/GraphPad Files/Liver Bx.2 IHC.pzfx,Liver Bx.2 CD45,,row1,Day 2,1,,23.96
Manuscript Drafts with Results/GraphPad Files/Liver Bx.2 IHC.pzfx,Liver Bx.2 CD45,,row2,Day 2,1,,11.77
Manuscript Drafts with Results/GraphPad Files/Liver Bx.2 IHC.pzfx,Liver Bx.2 CD45,,row3,Day 2,1,,16.89
Manuscript Drafts with Results/GraphPad Files/Liver Bx.2 IHC.pzfx,Liver Bx.2 CD45,,row4,Day 2,1,,11.43
Manuscript Drafts with Results/GraphPad Files/Liver Bx.2 IHC.pzfx,Liver Bx.2 CD45,,row1,Day 5,1,,16.85
Manuscript Drafts with Results/GraphPad Files/Liver Bx.2 IHC.pzfx,Liver Bx.2 CD45,,row2,Day 5,1,,24.37
Manuscript Drafts with Results/GraphPad Files/Liver Bx.2 IHC.pzfx,Liver Bx.2 CD45,,row3,Day 5,1,,18.25
Manuscript Drafts with Results/GraphPad Files/Liver Bx.2 IHC.pzfx,Liver Bx.2 CD45,,row4,Day 5,1,,27.51
Manuscript Drafts with Results/GraphPad Files/Liver Bx.2 IHC.pzfx,Liver Bx.2 EpCam,,row1,Day 1,1,,54.26
Manuscript Drafts with Results/GraphPad Files/Liver Bx.2 IHC.pzfx,Liver Bx.2 EpCam,,row2,Day 1,1,,53.5695
Manuscript Drafts with Results/GraphPad Files/Liver Bx.2 IHC.pzfx,Liver Bx.2 EpCam,,row3,Day 1,1,,42.73
Manuscript Drafts with Results/GraphPad Files/Liver Bx.2 IHC.pzfx,Liver Bx.2 EpCam,,row4,Day 1,1,,48.94
Manuscript Drafts with Results/GraphPad Files/Liver Bx.2 IHC.pzfx,Liver Bx.2 EpCam,,row1,Day 2,1,,33.3586
Manuscript Drafts with Results/GraphPad Files/Liver Bx.2 IHC.pzfx,Liver Bx.2 EpCam,,row2,Day 2,1,,25.0365
Manuscript Drafts with Results/GraphPad Files/Liver Bx.2 IHC.pzfx,Liver Bx.2 EpCam,,row3,Day 2,1,,32.22
Manuscript Drafts with Results/GraphPad Files/Liver Bx.2 IHC.pzfx,Liver Bx.2 EpCam,,row4,Day 2,1,,29.57
Manuscript Drafts with Results/GraphPad Files/Liver Bx.2 IHC.pzfx,Liver Bx.2 EpCam,,row1,Day 5,1,,30.3314
Manuscript Drafts with Results/GraphPad Files/Liver Bx.2 IHC.pzfx,Liver Bx.2 EpCam,,row2,Day 5,1,,14.29
Manuscript Drafts with Results/GraphPad Files/Liver Bx.2 IHC.pzfx,Liver Bx.2 EpCam,,row3,Day 5,1,,24.93
Manuscript Drafts with Results/GraphPad Files/Liver Bx.2 IHC.pzfx,Liver Bx.2 EpCam,,row4,Day 5,1,,33.61
Manuscript Drafts with Results/GraphPad Files/Liver Bx.3 IC50 IHC.pzfx,Liver Bx.3 IC50 Cleaved Caspase,,row1,DMSO,1,,0.995
Manuscript Drafts with Results/GraphPad Files/Liver Bx.3 IC50 IHC.pzfx,Liver Bx.3 IC50 Cleaved Caspase,,row2,DMSO,1,,0.4312
Manuscript Drafts with Results/GraphPad Files/Liver Bx.3 IC50 IHC.pzfx,Liver Bx.3 IC50 Cleaved Caspase,,row3,DMSO,1,,0.8953
Manuscript Drafts with Results/GraphPad Files/Liver Bx.3 IC50 IHC.pzfx,Liver Bx.3 IC50 Cleaved Caspase,,row4,DMSO,1,,1.108
Manuscript Drafts with Results/GraphPad Files/Liver Bx.3 IC50 IHC.pzfx,Liver Bx.3 IC50 Cleaved Caspase,,row1,STS 3.3uM,1,,8.22
Manuscript Drafts with Results/GraphPad Files/Liver Bx.3 IC50 IHC.pzfx,Liver Bx.3 IC50 Cleaved Caspase,,row2,STS 3.3uM,1,,5.85
Manuscript Drafts with Results/GraphPad Files/Liver Bx.3 IC50 IHC.pzfx,Liver Bx.3 IC50 Cleaved Caspase,,row3,STS 3.3uM,1,,9.26
Manuscript Drafts with Results/GraphPad Files/Liver Bx.3 IC50 IHC.pzfx,Liver Bx.3 IC50 Cleaved Caspase,,row4,STS 3.3uM,1,,15.84
Manuscript Drafts with Results/GraphPad Files/Liver Bx.3 IC50 IHC.pzfx,Liver Bx.3 IC50 Ki67,,row1,DMSO,1,,6.7502
Manuscript Drafts with Results/GraphPad Files/Liver Bx.3 IC50 IHC.pzfx,Liver Bx.3 IC50 Ki67,,row2,DMSO,1,,4.186
Manuscript Drafts with Results/GraphPad Files/Liver Bx.3 IC50 IHC.pzfx,Liver Bx.3 IC50 Ki67,,row3,DMSO,1,,7.14
Manuscript Drafts with Results/GraphPad Files/Liver Bx.3 IC50 IHC.pzfx,Liver Bx.3 IC50 Ki67,,row4,DMSO,1,,6.308
Manuscript Drafts with Results/GraphPad Files/Liver Bx.3 IC50 IHC.pzfx,Liver Bx.3 IC50 Ki67,,row1,STS 3.3uM,1,,0.9185
Manuscript Drafts with Results/GraphPad Files/Liver Bx.3 IC50 IHC.pzfx,Liver Bx.3 IC50 Ki67,,row2,STS 3.3uM,1,,0.0313
Manuscript Drafts with Results/GraphPad Files/Liver Bx.3 IC50 IHC.pzfx,Liver Bx.3 IC50 Ki67,,row3,STS 3.3uM,1,,0.3255
Manuscript Drafts with Results/GraphPad Files/Liver Bx.3 IC50 IHC.pzfx,Liver Bx.3 IC50 Ki67,,row4,STS 3.3uM,1,,0.3108
Manuscript Drafts with Results/GraphPad Files/Liver Bx.3 IC50 IHC.pzfx,Liver Bx.3 IC50 CD45,,row1,DMSO,1,,27.856
Manuscript Drafts with Results/GraphPad Files/Liver Bx.3 IC50 IHC.pzfx,Liver Bx.3 IC50 CD45,,row2,DMSO,1,,11.6305
Manuscript Drafts with Results/GraphPad Files/Liver Bx.3 IC50 IHC.pzfx,Liver Bx.3 IC50 CD45,,row3,DMSO,1,,15.25
Manuscript Drafts with Results/GraphPad Files/Liver Bx.3 IC50 IHC.pzfx,Liver Bx.3 IC50 CD45,,row4,DMSO,1,,13.42
Manuscript Drafts with Results/GraphPad Files/Liver Bx.3 IC50 IHC.pzfx,Liver Bx.3 IC50 CD45,,row1,STS 3.3uM,1,,13.94
Manuscript Drafts with Results/GraphPad Files/Liver Bx.3 IC50 IHC.pzfx,Liver Bx.3 IC50 CD45,,row2,STS 3.3uM,1,,8.76
Manuscript Drafts with Results/GraphPad Files/Liver Bx.3 IC50 IHC.pzfx,Liver Bx.3 IC50 CD45,,row3,STS 3.3uM,1,,5.986
Manuscript Drafts with Results/GraphPad Files/Liver Bx.3 IC50 IHC.pzfx,Liver Bx.3 IC50 CD45,,row4,STS 3.3uM,1,,14.52
Manuscript Drafts with Results/GraphPad Files/Liver Bx.3 IC50 IHC.pzfx,Liver Bx.3 IC50 EpCam,,row1,DMSO,1,,14.6665
Manuscript Drafts with Results/GraphPad Files/Liver Bx.3 IC50 IHC.pzfx,Liver Bx.3 IC50 EpCam,,row2,DMSO,1,,14.1271
Manuscript Drafts with Results/GraphPad Files/Liver Bx.3 IC50 IHC.pzfx,Liver Bx.3 IC50 EpCam,,row3,DMSO,1,,15.0
Manuscript Drafts with Results/GraphPad Files/Liver Bx.3 IC50 IHC.pzfx,Liver Bx.3 IC50 EpCam,,row4,DMSO,1,,10.79
Manuscript Drafts with Results/GraphPad Files/Liver Bx.3 IC50 IHC.pzfx,Liver Bx.3 IC50 EpCam,,row1,3.3uM STS,1,,8.3626
Manuscript Drafts with Results/GraphPad Files/Liver Bx.3 IC50 IHC.pzfx,Liver Bx.3 IC50 EpCam,,row2,3.3uM STS,1,,3.489
Manuscript Drafts with Results/GraphPad Files/Liver Bx.3 IC50 IHC.pzfx,Liver Bx.3 IC50 EpCam,,row3,3.3uM STS,1,,3.744
Manuscript Drafts with Results/GraphPad Files/Liver Bx.3 IC50 IHC.pzfx,Liver Bx.3 IC50 EpCam,,row4,3.3uM STS,1,,7.541
Manuscript Drafts with Results/GraphPad Files/Liver Bx.4 IHC.pzfx,Liver Bx.4 Cleaved Caspase,,row1,DMSO,1,,3.252
Manuscript Drafts with Results/GraphPad Files/Liver Bx.4 IHC.pzfx,Liver Bx.4 Cleaved Caspase,,row2,DMSO,1,,2.9998
Manuscript Drafts with Results/GraphPad Files/Liver Bx.4 IHC.pzfx,Liver Bx.4 Cleaved Caspase,,row3,DMSO,1,,5.487
Manuscript Drafts with Results/GraphPad Files/Liver Bx.4 IHC.pzfx,Liver Bx.4 Cleaved Caspase,,row4,DMSO,1,,9.0551
Manuscript Drafts with Results/GraphPad Files/Liver Bx.4 IHC.pzfx,Liver Bx.4 Cleaved Caspase,,row1,Folfirinox,1,,3.331
Manuscript Drafts with Results/GraphPad Files/Liver Bx.4 IHC.pzfx,Liver Bx.4 Cleaved Caspase,,row2,Folfirinox,1,,6.441
Manuscript Drafts with Results/GraphPad Files/Liver Bx.4 IHC.pzfx,Liver Bx.4 Cleaved Caspase,,row3,Folfirinox,1,,5.561
Manuscript Drafts with Results/GraphPad Files/Liver Bx.4 IHC.pzfx,Liver Bx.4 Cleaved Caspase,,row4,Folfirinox,1,,5.027
Manuscript Drafts with Results/GraphPad Files/Liver Bx.4 IHC.pzfx,Liver Bx.4 Ki67,,row1,DMSO,1,,5.682
Manuscript Drafts with Results/GraphPad Files/Liver Bx.4 IHC.pzfx,Liver Bx.4 Ki67,,row2,DMSO,1,,2.576
Manuscript Drafts with Results/GraphPad Files/Liver Bx.4 IHC.pzfx,Liver Bx.4 Ki67,,row3,DMSO,1,,4.736
Manuscript Drafts with Results/GraphPad Files/Liver Bx.4 IHC.pzfx,Liver Bx.4 Ki67,,row4,DMSO,1,,7.84
Manuscript Drafts with Results/GraphPad Files/Liver Bx.4 IHC.pzfx,Liver Bx.4 Ki67,,row1,Folfirinox,1,,3.975
Manuscript Drafts with Results/GraphPad Files/Liver Bx.4 IHC.pzfx,Liver Bx.4 Ki67,,row2,Folfirinox,1,,3.254
Manuscript Drafts with Results/GraphPad Files/Liver Bx.4 IHC.pzfx,Liver Bx.4 Ki67,,row3,Folfirinox,1,,4.23
Manuscript Drafts with Results/GraphPad Files/Liver Bx.4 IHC.pzfx,Liver Bx.4 Ki67,,row4,Folfirinox,1,,4.084
Manuscript Drafts with Results/GraphPad Files/Liver Bx.4 IHC.pzfx,Liver Bx.4 CD45,,row1,DMSO,1,,18.05
Manuscript Drafts with Results/GraphPad Files/Liver Bx.4 IHC.pzfx,Liver Bx.4 CD45,,row2,DMSO,1,,23.1172
Manuscript Drafts with Results/GraphPad Files/Liver Bx.4 IHC.pzfx,Liver Bx.4 CD45,,row3,DMSO,1,,18.03
Manuscript Drafts with Results/GraphPad Files/Liver Bx.4 IHC.pzfx,Liver Bx.4 CD45,,row4,DMSO,1,,23.95
Manuscript Drafts with Results/GraphPad Files/Liver Bx.4 IHC.pzfx,Liver Bx.4 CD45,,row1,Folfirinox,1,,10.12
Manuscript Drafts with Results/GraphPad Files/Liver Bx.4 IHC.pzfx,Liver Bx.4 CD45,,row2,Folfirinox,1,,9.129
Manuscript Drafts with Results/GraphPad Files/Liver Bx.4 IHC.pzfx,Liver Bx.4 CD45,,row3,Folfirinox,1,,7.613
Manuscript Drafts with Results/GraphPad Files/Liver Bx.4 IHC.pzfx,Liver Bx.4 CD45,,row4,Folfirinox,1,,11.03
Manuscript Drafts with Results/GraphPad Files/Liver Bx.4 IHC.pzfx,Liver Bx.4 EpCam,,row1,DMSO,1,,10.3033
Manuscript Drafts with Results/GraphPad Files/Liver Bx.4 IHC.pzfx,Liver Bx.4 EpCam,,row2,DMSO,1,,1.9562
Manuscript Drafts with Results/GraphPad Files/Liver Bx.4 IHC.pzfx,Liver Bx.4 EpCam,,row3,DMSO,1,,3.3625
Manuscript Drafts with Results/GraphPad Files/Liver Bx.4 IHC.pzfx,Liver Bx.4 EpCam,,row4,DMSO,1,,4.585
Manuscript Drafts with Results/GraphPad Files/Liver Bx.4 IHC.pzfx,Liver Bx.4 EpCam,,row1,Folfirinox,1,,3.342
Manuscript Drafts with Results/GraphPad Files/Liver Bx.4 IHC.pzfx,Liver Bx.4 EpCam,,row2,Folfirinox,1,,2.5127
Manuscript Drafts with Results/GraphPad Files/Liver Bx.4 IHC.pzfx,Liver Bx.4 EpCam,,row3,Folfirinox,1,,2.7684
Manuscript Drafts with Results/GraphPad Files/Liver Bx.4 IHC.pzfx,Liver Bx.4 EpCam,,row4,Folfirinox,1,,8.9473
Manuscript Drafts with Results/GraphPad Files/Liver Bx.5 IHC.pzfx,Liver Bx.5 Cleaved Caspase,,row1,DMSO,1,,5.479
Manuscript Drafts with Results/GraphPad Files/Liver Bx.5 IHC.pzfx,Liver Bx.5 Cleaved Caspase,,row2,DMSO,1,,3.866
Manuscript Drafts with Results/GraphPad Files/Liver Bx.5 IHC.pzfx,Liver Bx.5 Cleaved Caspase,,row3,DMSO,1,,6.374
Manuscript Drafts with Results/GraphPad Files/Liver Bx.5 IHC.pzfx,Liver Bx.5 Cleaved Caspase,,row4,DMSO,1,,4.244
Manuscript Drafts with Results/GraphPad Files/Liver Bx.5 IHC.pzfx,Liver Bx.5 Cleaved Caspase,,row1,Folfirinox,1,,6.758
Manuscript Drafts with Results/GraphPad Files/Liver Bx.5 IHC.pzfx,Liver Bx.5 Cleaved Caspase,,row2,Folfirinox,1,,3.084
Manuscript Drafts with Results/GraphPad Files/Liver Bx.5 IHC.pzfx,Liver Bx.5 Cleaved Caspase,,row3,Folfirinox,1,,2.908
Manuscript Drafts with Results/GraphPad Files/Liver Bx.5 IHC.pzfx,Liver Bx.5 Cleaved Caspase,,row4,Folfirinox,1,,4.818
Manuscript Drafts with Results/GraphPad Files/Liver Bx.5 IHC.pzfx,Liver Bx.5 Cleaved Caspase,,row1,Gem/nab,1,,10.955
Manuscript Drafts with Results/GraphPad Files/Liver Bx.5 IHC.pzfx,Liver Bx.5 Cleaved Caspase,,row2,Gem/nab,1,,9.239
Manuscript Drafts with Results/GraphPad Files/Liver Bx.5 IHC.pzfx,Liver Bx.5 Cleaved Caspase,,row3,Gem/nab,1,,11.985
Manuscript Drafts with Results/GraphPad Files/Liver Bx.5 IHC.pzfx,Liver Bx.5 Cleaved Caspase,,row4,Gem/nab,1,,12.76
Manuscript Drafts with Results/GraphPad Files/Liver Bx.5 IHC.pzfx,Liver Bx.5 Cleaved Caspase,,row1,RMC7977,1,,8.706
Manuscript Drafts with Results/GraphPad Files/Liver Bx.5 IHC.pzfx,Liver Bx.5 Cleaved Caspase,,row2,RMC7977,1,,7.736
Manuscript Drafts with Results/GraphPad Files/Liver Bx.5 IHC.pzfx,Liver Bx.5 Cleaved Caspase,,row3,RMC7977,1,,8.426
Manuscript Drafts with Results/GraphPad Files/Liver Bx.5 IHC.pzfx,Liver Bx.5 Cleaved Caspase,,row4,RMC7977,1,,8.314
Manuscript Drafts with Results/GraphPad Files/Liver Bx.5 IHC.pzfx,Liver Bx.5 Ki67,,row1,DMSO,1,,17.82
Manuscript Drafts with Results/GraphPad Files/Liver Bx.5 IHC.pzfx,Liver Bx.5 Ki67,,row2,DMSO,1,,10.89
Manuscript Drafts with Results/GraphPad Files/Liver Bx.5 IHC.pzfx,Liver Bx.5 Ki67,,row3,DMSO,1,,13.06
Manuscript Drafts with Results/GraphPad Files/Liver Bx.5 IHC.pzfx,Liver Bx.5 Ki67,,row4,DMSO,1,,10.16
Manuscript Drafts with Results/GraphPad Files/Liver Bx.5 IHC.pzfx,Liver Bx.5 Ki67,,row1,Folfirinox,1,,16.27
Manuscript Drafts with Results/GraphPad Files/Liver Bx.5 IHC.pzfx,Liver Bx.5 Ki67,,row2,Folfirinox,1,,15.77
Manuscript Drafts with Results/GraphPad Files/Liver Bx.5 IHC.pzfx,Liver Bx.5 Ki67,,row3,Folfirinox,1,,10.72
Manuscript Drafts with Results/GraphPad Files/Liver Bx.5 IHC.pzfx,Liver Bx.5 Ki67,,row4,Folfirinox,1,,13.21
Manuscript Drafts with Results/GraphPad Files/Liver Bx.5 IHC.pzfx,Liver Bx.5 Ki67,,row1,Gem/nab,1,,3.816
Manuscript Drafts with Results/GraphPad Files/Liver Bx.5 IHC.pzfx,Liver Bx.5 Ki67,,row2,Gem/nab,1,,2.328
Manuscript Drafts with Results/GraphPad Files/Liver Bx.5 IHC.pzfx,Liver Bx.5 Ki67,,row3,Gem/nab,1,,3.852
Manuscript Drafts with Results/GraphPad Files/Liver Bx.5 IHC.pzfx,Liver Bx.5 Ki67,,row4,Gem/nab,1,,3.456
Manuscript Drafts with Results/GraphPad Files/Liver Bx.5 IHC.pzfx,Liver Bx.5 Ki67,,row1,RMC7977,1,,2.695
Manuscript Drafts with Results/GraphPad Files/Liver Bx.5 IHC.pzfx,Liver Bx.5 Ki67,,row2,RMC7977,1,,3.83
Manuscript Drafts with Results/GraphPad Files/Liver Bx.5 IHC.pzfx,Liver Bx.5 Ki67,,row3,RMC7977,1,,3.39
Manuscript Drafts with Results/GraphPad Files/Liver Bx.5 IHC.pzfx,Liver Bx.5 Ki67,,row4,RMC7977,1,,3.862
Manuscript Drafts with Results/GraphPad Files/Liver Bx.5 IHC.pzfx,Liver Bx.5 CD45,,row1,DMSO,1,,21.02
Manuscript Drafts with Results/GraphPad Files/Liver Bx.5 IHC.pzfx,Liver Bx.5 CD45,,row2,DMSO,1,,23.01
Manuscript Drafts with Results/GraphPad Files/Liver Bx.5 IHC.pzfx,Liver Bx.5 CD45,,row3,DMSO,1,,32.71
Manuscript Drafts with Results/GraphPad Files/Liver Bx.5 IHC.pzfx,Liver Bx.5 CD45,,row4,DMSO,1,,15.51
Manuscript Drafts with Results/GraphPad Files/Liver Bx.5 IHC.pzfx,Liver Bx.5 CD45,,row1,Folfirinox,1,,14.37
Manuscript Drafts with Results/GraphPad Files/Liver Bx.5 IHC.pzfx,Liver Bx.5 CD45,,row2,Folfirinox,1,,31.31
Manuscript Drafts with Results/GraphPad Files/Liver Bx.5 IHC.pzfx,Liver Bx.5 CD45,,row3,Folfirinox,1,,25.47
Manuscript Drafts with Results/GraphPad Files/Liver Bx.5 IHC.pzfx,Liver Bx.5 CD45,,row4,Folfirinox,1,,27.54
Manuscript Drafts with Results/GraphPad Files/Liver Bx.5 IHC.pzfx,Liver Bx.5 CD45,,row1,Gem/nab,1,,4.357
Manuscript Drafts with Results/GraphPad Files/Liver Bx.5 IHC.pzfx,Liver Bx.5 CD45,,row2,Gem/nab,1,,10.06
Manuscript Drafts with Results/GraphPad Files/Liver Bx.5 IHC.pzfx,Liver Bx.5 CD45,,row3,Gem/nab,1,,21.94
Manuscript Drafts with Results/GraphPad Files/Liver Bx.5 IHC.pzfx,Liver Bx.5 CD45,,row4,Gem/nab,1,,17.74
Manuscript Drafts with Results/GraphPad Files/Liver Bx.5 IHC.pzfx,Liver Bx.5 CD45,,row1,RMC7977,1,,10.61
Manuscript Drafts with Results/GraphPad Files/Liver Bx.5 IHC.pzfx,Liver Bx.5 CD45,,row2,RMC7977,1,,5.259
Manuscript Drafts with Results/GraphPad Files/Liver Bx.5 IHC.pzfx,Liver Bx.5 CD45,,row3,RMC7977,1,,6.268
Manuscript Drafts with Results/GraphPad Files/Liver Bx.5 IHC.pzfx,Liver Bx.5 CD45,,row4,RMC7977,1,,6.115
Manuscript Drafts with Results/GraphPad Files/Liver Bx.5 IHC.pzfx,Liver Bx.5 EpCam,,row1,DMSO,1,,5.955
Manuscript Drafts with Results/GraphPad Files/Liver Bx.5 IHC.pzfx,Liver Bx.5 EpCam,,row2,DMSO,1,,5.889
Manuscript Drafts with Results/GraphPad Files/Liver Bx.5 IHC.pzfx,Liver Bx.5 EpCam,,row3,DMSO,1,,8.304
Manuscript Drafts with Results/GraphPad Files/Liver Bx.5 IHC.pzfx,Liver Bx.5 EpCam,,row4,DMSO,1,,6.891
Manuscript Drafts with Results/GraphPad Files/Liver Bx.5 IHC.pzfx,Liver Bx.5 EpCam,,row1,Folfirinox,1,,8.529
Manuscript Drafts with Results/GraphPad Files/Liver Bx.5 IHC.pzfx,Liver Bx.5 EpCam,,row2,Folfirinox,1,,4.031
Manuscript Drafts with Results/GraphPad Files/Liver Bx.5 IHC.pzfx,Liver Bx.5 EpCam,,row3,Folfirinox,1,,2.593
Manuscript Drafts with Results/GraphPad Files/Liver Bx.5 IHC.pzfx,Liver Bx.5 EpCam,,row4,Folfirinox,1,,16.93
Manuscript Drafts with Results/GraphPad Files/Liver Bx.5 IHC.pzfx,Liver Bx.5 EpCam,,row1,Gem/nab,1,,9.305
Manuscript Drafts with Results/GraphPad Files/Liver Bx.5 IHC.pzfx,Liver Bx.5 EpCam,,row2,Gem/nab,1,,11.52
Manuscript Drafts with Results/GraphPad Files/Liver Bx.5 IHC.pzfx,Liver Bx.5 EpCam,,row3,Gem/nab,1,,4.474
Manuscript Drafts with Results/GraphPad Files/Liver Bx.5 IHC.pzfx,Liver Bx.5 EpCam,,row4,Gem/nab,1,,6.278
Manuscript Drafts with Results/GraphPad Files/Liver Bx.5 IHC.pzfx,Liver Bx.5 EpCam,,row1,RMC7977,1,,4.102
Manuscript Drafts with Results/GraphPad Files/Liver Bx.5 IHC.pzfx,Liver Bx.5 EpCam,,row2,RMC7977,1,,3.989
Manuscript Drafts with Results/GraphPad Files/Liver Bx.5 IHC.pzfx,Liver Bx.5 EpCam,,row3,RMC7977,1,,2.532
Manuscript Drafts with Results/GraphPad Files/Liver Bx.5 IHC.pzfx,Liver Bx.5 EpCam,,row4,RMC7977,1,,4.643
Manuscript Drafts with Results/GraphPad Files/Liver Bx.6 IHC.pzfx,Liver Bx.6 Cleaved Caspase,,row1,DMSO,1,,2.643
Manuscript Drafts with Results/GraphPad Files/Liver Bx.6 IHC.pzfx,Liver Bx.6 Cleaved Caspase,,row2,DMSO,1,,2.563
Manuscript Drafts with Results/GraphPad Files/Liver Bx.6 IHC.pzfx,Liver Bx.6 Cleaved Caspase,,row3,DMSO,1,,1.115
Manuscript Drafts with Results/GraphPad Files/Liver Bx.6 IHC.pzfx,Liver Bx.6 Cleaved Caspase,,row4,DMSO,1,,3.2348
Manuscript Drafts with Results/GraphPad Files/Liver Bx.6 IHC.pzfx,Liver Bx.6 Cleaved Caspase,,row1,No DMSO,1,,2.406
Manuscript Drafts with Results/GraphPad Files/Liver Bx.6 IHC.pzfx,Liver Bx.6 Cleaved Caspase,,row2,No DMSO,1,,1.062
Manuscript Drafts with Results/GraphPad Files/Liver Bx.6 IHC.pzfx,Liver Bx.6 Cleaved Caspase,,row3,No DMSO,1,,3.919
Manuscript Drafts with Results/GraphPad Files/Liver Bx.6 IHC.pzfx,Liver Bx.6 Cleaved Caspase,,row4,No DMSO,1,,2.1726
Manuscript Drafts with Results/GraphPad Files/Liver Bx.6 IHC.pzfx,Liver Bx.6 Cleaved Caspase,,row1,Folfirinox,1,,2.119
Manuscript Drafts with Results/GraphPad Files/Liver Bx.6 IHC.pzfx,Liver Bx.6 Cleaved Caspase,,row2,Folfirinox,1,,1.678
Manuscript Drafts with Results/GraphPad Files/Liver Bx.6 IHC.pzfx,Liver Bx.6 Cleaved Caspase,,row3,Folfirinox,1,,4.291
Manuscript Drafts with Results/GraphPad Files/Liver Bx.6 IHC.pzfx,Liver Bx.6 Cleaved Caspase,,row4,Folfirinox,1,,3.6047
Manuscript Drafts with Results/GraphPad Files/Liver Bx.6 IHC.pzfx,Liver Bx.6 Cleaved Caspase,,row1,Gem/nab,1,,1.919
Manuscript Drafts with Results/GraphPad Files/Liver Bx.6 IHC.pzfx,Liver Bx.6 Cleaved Caspase,,row2,Gem/nab,1,,3.538
Manuscript Drafts with Results/GraphPad Files/Liver Bx.6 IHC.pzfx,Liver Bx.6 Cleaved Caspase,,row3,Gem/nab,1,,3.645
Manuscript Drafts with Results/GraphPad Files/Liver Bx.6 IHC.pzfx,Liver Bx.6 Cleaved Caspase,,row4,Gem/nab,1,,2.7462
Manuscript Drafts with Results/GraphPad Files/Liver Bx.6 IHC.pzfx,Liver Bx.6 Cleaved Caspase,,row1,RMC7977,1,,10.67
Manuscript Drafts with Results/GraphPad Files/Liver Bx.6 IHC.pzfx,Liver Bx.6 Cleaved Caspase,,row2,RMC7977,1,,4.496
Manuscript Drafts with Results/GraphPad Files/Liver Bx.6 IHC.pzfx,Liver Bx.6 Cleaved Caspase,,row3,RMC7977,1,,3.543
Manuscript Drafts with Results/GraphPad Files/Liver Bx.6 IHC.pzfx,Liver Bx.6 Cleaved Caspase,,row4,RMC7977,1,,3.773
Manuscript Drafts with Results/GraphPad Files/Liver Bx.6 IHC.pzfx,Liver Bx.6 Ki67,,row1,No DMSO,1,,8.408
Manuscript Drafts with Results/GraphPad Files/Liver Bx.6 IHC.pzfx,Liver Bx.6 Ki67,,row2,No DMSO,1,,19.19
Manuscript Drafts with Results/GraphPad Files/Liver Bx.6 IHC.pzfx,Liver Bx.6 Ki67,,row3,No DMSO,1,,9.183
Manuscript Drafts with Results/GraphPad Files/Liver Bx.6 IHC.pzfx,Liver Bx.6 Ki67,,row4,No DMSO,1,,11.17
Manuscript Drafts with Results/GraphPad Files/Liver Bx.6 IHC.pzfx,Liver Bx.6 Ki67,,row1,Folfirinox,1,,7.831
Manuscript Drafts with Results/GraphPad Files/Liver Bx.6 IHC.pzfx,Liver Bx.6 Ki67,,row2,Folfirinox,1,,14.65
Manuscript Drafts with Results/GraphPad Files/Liver Bx.6 IHC.pzfx,Liver Bx.6 Ki67,,row3,Folfirinox,1,,11.7
Manuscript Drafts with Results/GraphPad Files/Liver Bx.6 IHC.pzfx,Liver Bx.6 Ki67,,row4,Folfirinox,1,,10.55
Manuscript Drafts with Results/GraphPad Files/Liver Bx.6 IHC.pzfx,Liver Bx.6 Ki67,,row1,Gem/nab,1,,10.46
Manuscript Drafts with Results/GraphPad Files/Liver Bx.6 IHC.pzfx,Liver Bx.6 Ki67,,row2,Gem/nab,1,,14.87
Manuscript Drafts with Results/GraphPad Files/Liver Bx.6 IHC.pzfx,Liver Bx.6 Ki67,,row3,Gem/nab,1,,11.64
Manuscript Drafts with Results/GraphPad Files/Liver Bx.6 IHC.pzfx,Liver Bx.6 Ki67,,row4,Gem/nab,1,,10.26
Manuscript Drafts with Results/GraphPad Files/Liver Bx.6 IHC.pzfx,Liver Bx.6 Ki67,,row1,RMC7977,1,,12.35
Manuscript Drafts with Results/GraphPad Files/Liver Bx.6 IHC.pzfx,Liver Bx.6 Ki67,,row2,RMC7977,1,,8.56
Manuscript Drafts with Results/GraphPad Files/Liver Bx.6 IHC.pzfx,Liver Bx.6 Ki67,,row3,RMC7977,1,,7.694
Manuscript Drafts with Results/GraphPad Files/Liver Bx.6 IHC.pzfx,Liver Bx.6 Ki67,,row4,RMC7977,1,,6.929
Manuscript Drafts with Results/GraphPad Files/Liver Bx.6 IHC.pzfx,Liver Bx.6 CD45,,row1,DMSO,1,,11.98
Manuscript Drafts with Results/GraphPad Files/Liver Bx.6 IHC.pzfx,Liver Bx.6 CD45,,row2,DMSO,1,,11.61
Manuscript Drafts with Results/GraphPad Files/Liver Bx.6 IHC.pzfx,Liver Bx.6 CD45,,row3,DMSO,1,,8.717
Manuscript Drafts with Results/GraphPad Files/Liver Bx.6 IHC.pzfx,Liver Bx.6 CD45,,row4,DMSO,1,,10.7917
Manuscript Drafts with Results/GraphPad Files/Liver Bx.6 IHC.pzfx,Liver Bx.6 CD45,,row1,No DMSO,1,,14.4
Manuscript Drafts with Results/GraphPad Files/Liver Bx.6 IHC.pzfx,Liver Bx.6 CD45,,row2,No DMSO,1,,8.792
Manuscript Drafts with Results/GraphPad Files/Liver Bx.6 IHC.pzfx,Liver Bx.6 CD45,,row3,No DMSO,1,,8.961
Manuscript Drafts with Results/GraphPad Files/Liver Bx.6 IHC.pzfx,Liver Bx.6 CD45,,row4,No DMSO,1,,12.1968
Manuscript Drafts with Results/GraphPad Files/Liver Bx.6 IHC.pzfx,Liver Bx.6 CD45,,row1,Folfirinox,1,,16.15
Manuscript Drafts with Results/GraphPad Files/Liver Bx.6 IHC.pzfx,Liver Bx.6 CD45,,row2,Folfirinox,1,,23.9
Manuscript Drafts with Results/GraphPad Files/Liver Bx.6 IHC.pzfx,Liver Bx.6 CD45,,row3,Folfirinox,1,,12.33
Manuscript Drafts with Results/GraphPad Files/Liver Bx.6 IHC.pzfx,Liver Bx.6 CD45,,row4,Folfirinox,1,,16.2151
Manuscript Drafts with Results/GraphPad Files/Liver Bx.6 IHC.pzfx,Liver Bx.6 CD45,,row1,Gem/nab,1,,21.42
Manuscript Drafts with Results/GraphPad Files/Liver Bx.6 IHC.pzfx,Liver Bx.6 CD45,,row2,Gem/nab,1,,20.78
Manuscript Drafts with Results/GraphPad Files/Liver Bx.6 IHC.pzfx,Liver Bx.6 CD45,,row3,Gem/nab,1,,15.92
Manuscript Drafts with Results/GraphPad Files/Liver Bx.6 IHC.pzfx,Liver Bx.6 CD45,,row4,Gem/nab,1,,23.6285
Manuscript Drafts with Results/GraphPad Files/Liver Bx.6 IHC.pzfx,Liver Bx.6 CD45,,row1,RMC7977,1,,38.33
Manuscript Drafts with Results/GraphPad Files/Liver Bx.6 IHC.pzfx,Liver Bx.6 CD45,,row2,RMC7977,1,,23.44
Manuscript Drafts with Results/GraphPad Files/Liver Bx.6 IHC.pzfx,Liver Bx.6 CD45,,row3,RMC7977,1,,24.78
Manuscript Drafts with Results/GraphPad Files/Liver Bx.6 IHC.pzfx,Liver Bx.6 CD45,,row4,RMC7977,1,,34.4443
Manuscript Drafts with Results/GraphPad Files/Liver Bx.6 IHC.pzfx,Liver Bx.6 EpCam,,row1,DMSO,1,,6.334
Manuscript Drafts with Results/GraphPad Files/Liver Bx.6 IHC.pzfx,Liver Bx.6 EpCam,,row2,DMSO,1,,1.194
Manuscript Drafts with Results/GraphPad Files/Liver Bx.6 IHC.pzfx,Liver Bx.6 EpCam,,row3,DMSO,1,,0.6438
Manuscript Drafts with Results/GraphPad Files/Liver Bx.6 IHC.pzfx,Liver Bx.6 EpCam,,row4,DMSO,1,,9.6588
Manuscript Drafts with Results/GraphPad Files/Liver Bx.6 IHC.pzfx,Liver Bx.6 EpCam,,row1,No DMSO,1,,10.84
Manuscript Drafts with Results/GraphPad Files/Liver Bx.6 IHC.pzfx,Liver Bx.6 EpCam,,row2,No DMSO,1,,10.35
Manuscript Drafts with Results/GraphPad Files/Liver Bx.6 IHC.pzfx,Liver Bx.6 EpCam,,row3,No DMSO,1,,1.123
Manuscript Drafts with Results/GraphPad Files/Liver Bx.6 IHC.pzfx,Liver Bx.6 EpCam,,row4,No DMSO,1,,14.3876
Manuscript Drafts with Results/GraphPad Files/Liver Bx.6 IHC.pzfx,Liver Bx.6 EpCam,,row1,Folfirinox,1,,2.012
Manuscript Drafts with Results/GraphPad Files/Liver Bx.6 IHC.pzfx,Liver Bx.6 EpCam,,row2,Folfirinox,1,,0.8069
Manuscript Drafts with Results/GraphPad Files/Liver Bx.6 IHC.pzfx,Liver Bx.6 EpCam,,row3,Folfirinox,1,,8.581
Manuscript Drafts with Results/GraphPad Files/Liver Bx.6 IHC.pzfx,Liver Bx.6 EpCam,,row4,Folfirinox,1,,1.8041
Manuscript Drafts with Results/GraphPad Files/Liver Bx.6 IHC.pzfx,Liver Bx.6 EpCam,,row1,Gem/nab,1,,1.49
Manuscript Drafts with Results/GraphPad Files/Liver Bx.6 IHC.pzfx,Liver Bx.6 EpCam,,row2,Gem/nab,1,,0.902
Manuscript Drafts with Results/GraphPad Files/Liver Bx.6 IHC.pzfx,Liver Bx.6 EpCam,,row3,Gem/nab,1,,3.16
Manuscript Drafts with Results/GraphPad Files/Liver Bx.6 IHC.pzfx,Liver Bx.6 EpCam,,row4,Gem/nab,1,,3.9362
Manuscript Drafts with Results/GraphPad Files/Liver Bx.6 IHC.pzfx,Liver Bx.6 EpCam,,row1,RMC7977,1,,0.6305
Manuscript Drafts with Results/GraphPad Files/Liver Bx.6 IHC.pzfx,Liver Bx.6 EpCam,,row2,RMC7977,1,,0.2681
Manuscript Drafts with Results/GraphPad Files/Liver Bx.6 IHC.pzfx,Liver Bx.6 EpCam,,row3,RMC7977,1,,3.568
Manuscript Drafts with Results/GraphPad Files/Liver Bx.6 IHC.pzfx,Liver Bx.6 EpCam,,row4,RMC7977,1,,0.8487
Manuscript Drafts with Results/GraphPad Files/Liver Bx.7 IHC.pzfx,Liver Bx.7 Cleaved Caspase,,row1,DMSO,1,,2.118
Manuscript Drafts with Results/GraphPad Files/Liver Bx.7 IHC.pzfx,Liver Bx.7 Cleaved Caspase,,row2,DMSO,1,,1.7646
Manuscript Drafts with Results/GraphPad Files/Liver Bx.7 IHC.pzfx,Liver Bx.7 Cleaved Caspase,,row3,DMSO,1,,2.362
Manuscript Drafts with Results/GraphPad Files/Liver Bx.7 IHC.pzfx,Liver Bx.7 Cleaved Caspase,,row4,DMSO,1,,1.5082
Manuscript Drafts with Results/GraphPad Files/Liver Bx.7 IHC.pzfx,Liver Bx.7 Cleaved Caspase,,row1,Folfirinox,1,,0.7261
Manuscript Drafts with Results/GraphPad Files/Liver Bx.7 IHC.pzfx,Liver Bx.7 Cleaved Caspase,,row2,Folfirinox,1,,0.5605
Manuscript Drafts with Results/GraphPad Files/Liver Bx.7 IHC.pzfx,Liver Bx.7 Cleaved Caspase,,row3,Folfirinox,1,,0.9596
Manuscript Drafts with Results/GraphPad Files/Liver Bx.7 IHC.pzfx,Liver Bx.7 Cleaved Caspase,,row4,Folfirinox,1,,0.23
Manuscript Drafts with Results/GraphPad Files/Liver Bx.7 IHC.pzfx,Liver Bx.7 Cleaved Caspase,,row1,Trametinib,1,,6.9976
Manuscript Drafts with Results/GraphPad Files/Liver Bx.7 IHC.pzfx,Liver Bx.7 Cleaved Caspase,,row2,Trametinib,1,,13.82
Manuscript Drafts with Results/GraphPad Files/Liver Bx.7 IHC.pzfx,Liver Bx.7 Cleaved Caspase,,row3,Trametinib,1,,8.9889
Manuscript Drafts with Results/GraphPad Files/Liver Bx.7 IHC.pzfx,Liver Bx.7 Cleaved Caspase,,row4,Trametinib,1,,16.83
Manuscript Drafts with Results/GraphPad Files/Liver Bx.7 IHC.pzfx,Liver Bx.7 Cleaved Caspase,,row1,Vemurafenib,1,,0.7261
Manuscript Drafts with Results/GraphPad Files/Liver Bx.7 IHC.pzfx,Liver Bx.7 Cleaved Caspase,,row2,Vemurafenib,1,,0.5605
Manuscript Drafts with Results/GraphPad Files/Liver Bx.7 IHC.pzfx,Liver Bx.7 Cleaved Caspase,,row3,Vemurafenib,1,,0.9596
Manuscript Drafts with Results/GraphPad Files/Liver Bx.7 IHC.pzfx,Liver Bx.7 Cleaved Caspase,,row4,Vemurafenib,1,,0.23
Manuscript Drafts with Results/GraphPad Files/Liver Bx.7 IHC.pzfx,Liver Bx.7 Ki67,,row1,DMSO,1,,36.62
Manuscript Drafts with Results/GraphPad Files/Liver Bx.7 IHC.pzfx,Liver Bx.7 Ki67,,row2,DMSO,1,,36.5627
Manuscript Drafts with Results/GraphPad Files/Liver Bx.7 IHC.pzfx,Liver Bx.7 Ki67,,row3,DMSO,1,,29.88
Manuscript Drafts with Results/GraphPad Files/Liver Bx.7 IHC.pzfx,Liver Bx.7 Ki67,,row4,DMSO,1,,44.77
Manuscript Drafts with Results/GraphPad Files/Liver Bx.7 IHC.pzfx,Liver Bx.7 Ki67,,row1,Folfirinox,1,,1.1248
Manuscript Drafts with Results/GraphPad Files/Liver Bx.7 IHC.pzfx,Liver Bx.7 Ki67,,row2,Folfirinox,1,,0.3105
Manuscript Drafts with Results/GraphPad Files/Liver Bx.7 IHC.pzfx,Liver Bx.7 Ki67,,row3,Folfirinox,1,,0.6579
Manuscript Drafts with Results/GraphPad Files/Liver Bx.7 IHC.pzfx,Liver Bx.7 Ki67,,row4,Folfirinox,1,,0.3453
Manuscript Drafts with Results/GraphPad Files/Liver Bx.7 IHC.pzfx,Liver Bx.7 Ki67,,row1,Trametinib,1,,15.13
Manuscript Drafts with Results/GraphPad Files/Liver Bx.7 IHC.pzfx,Liver Bx.7 Ki67,,row2,Trametinib,1,,3.78
Manuscript Drafts with Results/GraphPad Files/Liver Bx.7 IHC.pzfx,Liver Bx.7 Ki67,,row3,Trametinib,1,,2.9529
Manuscript Drafts with Results/GraphPad Files/Liver Bx.7 IHC.pzfx,Liver Bx.7 Ki67,,row4,Trametinib,1,,4.87
Manuscript Drafts with Results/GraphPad Files/Liver Bx.7 IHC.pzfx,Liver Bx.7 Ki67,,row1,Vemurafenib,1,,20.4735
Manuscript Drafts with Results/GraphPad Files/Liver Bx.7 IHC.pzfx,Liver Bx.7 Ki67,,row2,Vemurafenib,1,,9.9884
Manuscript Drafts with Results/GraphPad Files/Liver Bx.7 IHC.pzfx,Liver Bx.7 Ki67,,row3,Vemurafenib,1,,7.4878
Manuscript Drafts with Results/GraphPad Files/Liver Bx.7 IHC.pzfx,Liver Bx.7 Ki67,,row4,Vemurafenib,1,,11.84
Manuscript Drafts with Results/GraphPad Files/Liver Bx.7 IHC.pzfx,Liver Bx.7 CD45,,row1,DMSO,1,,15.6827
Manuscript Drafts with Results/GraphPad Files/Liver Bx.7 IHC.pzfx,Liver Bx.7 CD45,,row2,DMSO,1,,17.74
Manuscript Drafts with Results/GraphPad Files/Liver Bx.7 IHC.pzfx,Liver Bx.7 CD45,,row3,DMSO,1,,22.17
Manuscript Drafts with Results/GraphPad Files/Liver Bx.7 IHC.pzfx,Liver Bx.7 CD45,,row4,DMSO,1,,18.75
Manuscript Drafts with Results/GraphPad Files/Liver Bx.7 IHC.pzfx,Liver Bx.7 CD45,,row1,Folfirinox,1,,7.8834
Manuscript Drafts with Results/GraphPad Files/Liver Bx.7 IHC.pzfx,Liver Bx.7 CD45,,row2,Folfirinox,1,,6.9845
Manuscript Drafts with Results/GraphPad Files/Liver Bx.7 IHC.pzfx,Liver Bx.7 CD45,,row3,Folfirinox,1,,4.086
Manuscript Drafts with Results/GraphPad Files/Liver Bx.7 IHC.pzfx,Liver Bx.7 CD45,,row4,Folfirinox,1,,5.315
Manuscript Drafts with Results/GraphPad Files/Liver Bx.7 IHC.pzfx,Liver Bx.7 CD45,,row1,Trametinib,1,,33.8195
Manuscript Drafts with Results/GraphPad Files/Liver Bx.7 IHC.pzfx,Liver Bx.7 CD45,,row2,Trametinib,1,,57.3264
Manuscript Drafts with Results/GraphPad Files/Liver Bx.7 IHC.pzfx,Liver Bx.7 CD45,,row3,Trametinib,1,,36.62
Manuscript Drafts with Results/GraphPad Files/Liver Bx.7 IHC.pzfx,Liver Bx.7 CD45,,row4,Trametinib,1,,40.98
Manuscript Drafts with Results/GraphPad Files/Liver Bx.7 IHC.pzfx,Liver Bx.7 CD45,,row1,Vemurafenib,1,,13.4163
Manuscript Drafts with Results/GraphPad Files/Liver Bx.7 IHC.pzfx,Liver Bx.7 CD45,,row2,Vemurafenib,1,,25.9161
Manuscript Drafts with Results/GraphPad Files/Liver Bx.7 IHC.pzfx,Liver Bx.7 CD45,,row3,Vemurafenib,1,,24.32
Manuscript Drafts with Results/GraphPad Files/Liver Bx.7 IHC.pzfx,Liver Bx.7 CD45,,row4,Vemurafenib,1,,16.85
Manuscript Drafts with Results/GraphPad Files/Liver Bx.7 IHC.pzfx,Liver Bx.7 EpCam,,row1,DMSO,1,,74.2277
Manuscript Drafts with Results/GraphPad Files/Liver Bx.7 IHC.pzfx,Liver Bx.7 EpCam,,row2,DMSO,1,,58.7721
Manuscript Drafts with Results/GraphPad Files/Liver Bx.7 IHC.pzfx,Liver Bx.7 EpCam,,row3,DMSO,1,,62.2351
Manuscript Drafts with Results/GraphPad Files/Liver Bx.7 IHC.pzfx,Liver Bx.7 EpCam,,row4,DMSO,1,,66.21
Manuscript Drafts with Results/GraphPad Files/Liver Bx.7 IHC.pzfx,Liver Bx.7 EpCam,,row1,Folfirinox,1,,0.3364
Manuscript Drafts with Results/GraphPad Files/Liver Bx.7 IHC.pzfx,Liver Bx.7 EpCam,,row2,Folfirinox,1,,0.7325
Manuscript Drafts with Results/GraphPad Files/Liver Bx.7 IHC.pzfx,Liver Bx.7 EpCam,,row3,Folfirinox,1,,1.398
Manuscript Drafts with Results/GraphPad Files/Liver Bx.7 IHC.pzfx,Liver Bx.7 EpCam,,row4,Folfirinox,1,,3.275
Manuscript Drafts with Results/GraphPad Files/Liver Bx.7 IHC.pzfx,Liver Bx.7 EpCam,,row1,Trametinib,1,,68.1076
Manuscript Drafts with Results/GraphPad Files/Liver Bx.7 IHC.pzfx,Liver Bx.7 EpCam,,row2,Trametinib,1,,77.7713
Manuscript Drafts with Results/GraphPad Files/Liver Bx.7 IHC.pzfx,Liver Bx.7 EpCam,,row3,Trametinib,1,,67.25
Manuscript Drafts with Results/GraphPad Files/Liver Bx.7 IHC.pzfx,Liver Bx.7 EpCam,,row4,Trametinib,1,,66.87
Manuscript Drafts with Results/GraphPad Files/Liver Bx.7 IHC.pzfx,Liver Bx.7 EpCam,,row1,Vemurafenib,1,,75.46
Manuscript Drafts with Results/GraphPad Files/Liver Bx.7 IHC.pzfx,Liver Bx.7 EpCam,,row2,Vemurafenib,1,,63.8176
Manuscript Drafts with Results/GraphPad Files/Liver Bx.7 IHC.pzfx,Liver Bx.7 EpCam,,row3,Vemurafenib,1,,77.54
Manuscript Drafts with Results/GraphPad Files/Liver Bx.7 IHC.pzfx,Liver Bx.7 EpCam,,row4,Vemurafenib,1,,75.8748
Manuscript Drafts with Results/GraphPad Files/PDAC Bx.1 IHC.pzfx,PDAC 1 Cleaved Caspase,,row1,Day 1,1,,1.226
Manuscript Drafts with Results/GraphPad Files/PDAC Bx.1 IHC.pzfx,PDAC 1 Cleaved Caspase,,row2,Day 1,1,,0.9871
Manuscript Drafts with Results/GraphPad Files/PDAC Bx.1 IHC.pzfx,PDAC 1 Cleaved Caspase,,row3,Day 1,1,,0.6914
Manuscript Drafts with Results/GraphPad Files/PDAC Bx.1 IHC.pzfx,PDAC 1 Cleaved Caspase,,row4,Day 1,1,,1.141
Manuscript Drafts with Results/GraphPad Files/PDAC Bx.1 IHC.pzfx,PDAC 1 Cleaved Caspase,,row1,Day 7,1,,2.055
Manuscript Drafts with Results/GraphPad Files/PDAC Bx.1 IHC.pzfx,PDAC 1 Cleaved Caspase,,row2,Day 7,1,,6.257
Manuscript Drafts with Results/GraphPad Files/PDAC Bx.1 IHC.pzfx,PDAC 1 Cleaved Caspase,,row3,Day 7,1,,1.887
Manuscript Drafts with Results/GraphPad Files/PDAC Bx.1 IHC.pzfx,PDAC 1 Cleaved Caspase,,row4,Day 7,1,,2.241
Manuscript Drafts with Results/GraphPad Files/PDAC Bx.1 IHC.pzfx,PDAC 1 Cleaved Caspase,,row1,Day 7 DMSO,1,,0.428
Manuscript Drafts with Results/GraphPad Files/PDAC Bx.1 IHC.pzfx,PDAC 1 Cleaved Caspase,,row2,Day 7 DMSO,1,,0.9407
Manuscript Drafts with Results/GraphPad Files/PDAC Bx.1 IHC.pzfx,PDAC 1 Cleaved Caspase,,row3,Day 7 DMSO,1,,0.5149
Manuscript Drafts with Results/GraphPad Files/PDAC Bx.1 IHC.pzfx,PDAC 1 Cleaved Caspase,,row4,Day 7 DMSO,1,,0.5226
Manuscript Drafts with Results/GraphPad Files/PDAC Bx.1 IHC.pzfx,PDAC 1 Cleaved Caspase,,row1,Day 7 STS,1,,27.23
Manuscript Drafts with Results/GraphPad Files/PDAC Bx.1 IHC.pzfx,PDAC 1 Cleaved Caspase,,row2,Day 7 STS,1,,25.75
Manuscript Drafts with Results/GraphPad Files/PDAC Bx.1 IHC.pzfx,PDAC 1 Cleaved Caspase,,row3,Day 7 STS,1,,29.32
Manuscript Drafts with Results/GraphPad Files/PDAC Bx.1 IHC.pzfx,PDAC 1 Cleaved Caspase,,row4,Day 7 STS,1,,31.41
Manuscript Drafts with Results/GraphPad Files/PDAC Bx.1 IHC.pzfx,PDAC 1 Ki67,,row1,Day 1,1,,8.36
Manuscript Drafts with Results/GraphPad Files/PDAC Bx.1 IHC.pzfx,PDAC 1 Ki67,,row2,Day 1,1,,12.58
Manuscript Drafts with Results/GraphPad Files/PDAC Bx.1 IHC.pzfx,PDAC 1 Ki67,,row3,Day 1,1,,15.16
Manuscript Drafts with Results/GraphPad Files/PDAC Bx.1 IHC.pzfx,PDAC 1 Ki67,,row4,Day 1,1,,24.74
Manuscript Drafts with Results/GraphPad Files/PDAC Bx.1 IHC.pzfx,PDAC 1 Ki67,,row1,Day 7,1,,6.926
Manuscript Drafts with Results/GraphPad Files/PDAC Bx.1 IHC.pzfx,PDAC 1 Ki67,,row2,Day 7,1,,17.14
Manuscript Drafts with Results/GraphPad Files/PDAC Bx.1 IHC.pzfx,PDAC 1 Ki67,,row3,Day 7,1,,0.8099
Manuscript Drafts with Results/GraphPad Files/PDAC Bx.1 IHC.pzfx,PDAC 1 Ki67,,row4,Day 7,1,,5.545
Manuscript Drafts with Results/GraphPad Files/PDAC Bx.1 IHC.pzfx,PDAC 1 Ki67,,row1,Day 7 DMSO,1,,8.527
Manuscript Drafts with Results/GraphPad Files/PDAC Bx.1 IHC.pzfx,PDAC 1 Ki67,,row2,Day 7 DMSO,1,,13.94
Manuscript Drafts with Results/GraphPad Files/PDAC Bx.1 IHC.pzfx,PDAC 1 Ki67,,row3,Day 7 DMSO,1,,10.57
Manuscript Drafts with Results/GraphPad Files/PDAC Bx.1 IHC.pzfx,PDAC 1 Ki67,,row4,Day 7 DMSO,1,,8.246
Manuscript Drafts with Results/GraphPad Files/PDAC Bx.1 IHC.pzfx,PDAC 1 CD45,,row1,Day 1,1,,8.127
Manuscript Drafts with Results/GraphPad Files/PDAC Bx.1 IHC.pzfx,PDAC 1 CD45,,row2,Day 1,1,,11.26
Manuscript Drafts with Results/GraphPad Files/PDAC Bx.1 IHC.pzfx,PDAC 1 CD45,,row3,Day 1,1,,27.66
Manuscript Drafts with Results/GraphPad Files/PDAC Bx.1 IHC.pzfx,PDAC 1 CD45,,row4,Day 1,1,,12.64
Manuscript Drafts with Results/GraphPad Files/PDAC Bx.1 IHC.pzfx,PDAC 1 CD45,,row1,Day 7,1,,4.067
Manuscript Drafts with Results/GraphPad Files/PDAC Bx.1 IHC.pzfx,PDAC 1 CD45,,row2,Day 7,1,,2.96
Manuscript Drafts with Results/GraphPad Files/PDAC Bx.1 IHC.pzfx,PDAC 1 CD45,,row3,Day 7,1,,6.176
Manuscript Drafts with Results/GraphPad Files/PDAC Bx.1 IHC.pzfx,PDAC 1 CD45,,row4,Day 7,1,,8.36
Manuscript Drafts with Results/GraphPad Files/PDAC Bx.1 IHC.pzfx,PDAC 1 CD45,,row1,Day 7 DMSO,1,,8.073
Manuscript Drafts with Results/GraphPad Files/PDAC Bx.1 IHC.pzfx,PDAC 1 CD45,,row2,Day 7 DMSO,1,,2.426
Manuscript Drafts with Results/GraphPad Files/PDAC Bx.1 IHC.pzfx,PDAC 1 CD45,,row3,Day 7 DMSO,1,,5.85
Manuscript Drafts with Results/GraphPad Files/PDAC Bx.1 IHC.pzfx,PDAC 1 CD45,,row4,Day 7 DMSO,1,,4.195
Manuscript Drafts with Results/GraphPad Files/PDAC Bx.1 IHC.pzfx,PDAC 1 CD45,,row1,Day 7 STS,1,,10.36
Manuscript Drafts with Results/GraphPad Files/PDAC Bx.1 IHC.pzfx,PDAC 1 CD45,,row2,Day 7 STS,1,,8.746
Manuscript Drafts with Results/GraphPad Files/PDAC Bx.1 IHC.pzfx,PDAC 1 CD45,,row3,Day 7 STS,1,,12.46
Manuscript Drafts with Results/GraphPad Files/PDAC Bx.1 IHC.pzfx,PDAC 1 CD45,,row4,Day 7 STS,1,,8.516
Manuscript Drafts with Results/GraphPad Files/PDAC Bx.1 IHC.pzfx,PDAC 1 EpCam,,row1,Day 1,1,,15.37
Manuscript Drafts with Results/GraphPad Files/PDAC Bx.1 IHC.pzfx,PDAC 1 EpCam,,row2,Day 1,1,,11.94
Manuscript Drafts with Results/GraphPad Files/PDAC Bx.1 IHC.pzfx,PDAC 1 EpCam,,row3,Day 1,1,,3.564
Manuscript Drafts with Results/GraphPad Files/PDAC Bx.1 IHC.pzfx,PDAC 1 EpCam,,row4,Day 1,1,,25.82
Manuscript Drafts with Results/GraphPad Files/PDAC Bx.1 IHC.pzfx,PDAC 1 EpCam,,row1,Day 7 DMSO,1,,0.6646
Manuscript Drafts with Results/GraphPad Files/PDAC Bx.1 IHC.pzfx,PDAC 1 EpCam,,row2,Day 7 DMSO,1,,0.618
Manuscript Drafts with Results/GraphPad Files/PDAC Bx.1 IHC.pzfx,PDAC 1 EpCam,,row3,Day 7 DMSO,1,,1.374
Manuscript Drafts with Results/GraphPad Files/PDAC Bx.1 IHC.pzfx,PDAC 1 EpCam,,row4,Day 7 DMSO,1,,0.3285
Manuscript Drafts with Results/GraphPad Files/PDAC Bx.1 IHC.pzfx,PDAC 1 EpCam,,row1,Day 7 STS,1,,6.001
Manuscript Drafts with Results/GraphPad Files/PDAC Bx.1 IHC.pzfx,PDAC 1 EpCam,,row2,Day 7 STS,1,,2.475
Manuscript Drafts with Results/GraphPad Files/PDAC Bx.1 IHC.pzfx,PDAC 1 EpCam,,row3,Day 7 STS,1,,4.156
Manuscript Drafts with Results/GraphPad Files/PDAC Bx.1 IHC.pzfx,PDAC 1 EpCam,,row4,Day 7 STS,1,,6.172
Manuscript Drafts with Results/GraphPad Files/PDAC Bx.2 IHC.pzfx,PDAC 2 Cleaved Caspase,,row1,Day 0,1,,0.7936
Manuscript Drafts with Results/GraphPad Files/PDAC Bx.2 IHC.pzfx,PDAC 2 Cleaved Caspase,,row2,Day 0,1,,0.3995
Manuscript Drafts with Results/GraphPad Files/PDAC Bx.2 IHC.pzfx,PDAC 2 Cleaved Caspase,,row3,Day 0,1,,0.9174
Manuscript Drafts with Results/GraphPad Files/PDAC Bx.2 IHC.pzfx,PDAC 2 Cleaved Caspase,,row4,Day 0,1,,1.596
Manuscript Drafts with Results/GraphPad Files/PDAC Bx.2 IHC.pzfx,PDAC 2 Cleaved Caspase,,row1,Day 2,1,,2.001
Manuscript Drafts with Results/GraphPad Files/PDAC Bx.2 IHC.pzfx,PDAC 2 Cleaved Caspase,,row2,Day 2,1,,1.096
Manuscript Drafts with Results/GraphPad Files/PDAC Bx.2 IHC.pzfx,PDAC 2 Cleaved Caspase,,row3,Day 2,1,,3.439
Manuscript Drafts with Results/GraphPad Files/PDAC Bx.2 IHC.pzfx,PDAC 2 Cleaved Caspase,,row4,Day 2,1,,2.973
Manuscript Drafts with Results/GraphPad Files/PDAC Bx.2 IHC.pzfx,PDAC 2 Cleaved Caspase,,row1,Day 3,1,,1.29
Manuscript Drafts with Results/GraphPad Files/PDAC Bx.2 IHC.pzfx,PDAC 2 Cleaved Caspase,,row2,Day 3,1,,0.9171
Manuscript Drafts with Results/GraphPad Files/PDAC Bx.2 IHC.pzfx,PDAC 2 Cleaved Caspase,,row3,Day 3,1,,2.481
Manuscript Drafts with Results/GraphPad Files/PDAC Bx.2 IHC.pzfx,PDAC 2 Cleaved Caspase,,row4,Day 3,1,,0.9376
Manuscript Drafts with Results/GraphPad Files/PDAC Bx.2 IHC.pzfx,PDAC 2 Cleaved Caspase,,row1,Day 5,1,,0.8599
Manuscript Drafts with Results/GraphPad Files/PDAC Bx.2 IHC.pzfx,PDAC 2 Cleaved Caspase,,row2,Day 5,1,,0.2915
Manuscript Drafts with Results/GraphPad Files/PDAC Bx.2 IHC.pzfx,PDAC 2 Cleaved Caspase,,row3,Day 5,1,,0.0839
Manuscript Drafts with Results/GraphPad Files/PDAC Bx.2 IHC.pzfx,PDAC 2 Cleaved Caspase,,row4,Day 5,1,,0.439
Manuscript Drafts with Results/GraphPad Files/PDAC Bx.2 IHC.pzfx,PDAC 2 Cleaved Caspase,,row1,Day 7,1,,1.463
Manuscript Drafts with Results/GraphPad Files/PDAC Bx.2 IHC.pzfx,PDAC 2 Cleaved Caspase,,row2,Day 7,1,,3.399
Manuscript Drafts with Results/GraphPad Files/PDAC Bx.2 IHC.pzfx,PDAC 2 Cleaved Caspase,,row3,Day 7,1,,1.481
Manuscript Drafts with Results/GraphPad Files/PDAC Bx.2 IHC.pzfx,PDAC 2 Cleaved Caspase,,row4,Day 7,1,,1.451
Manuscript Drafts with Results/GraphPad Files/PDAC Bx.2 IHC.pzfx,PDAC 2 Ki67,,row1,Day 0,1,,1.328
Manuscript Drafts with Results/GraphPad Files/PDAC Bx.2 IHC.pzfx,PDAC 2 Ki67,,row2,Day 0,1,,2.691
Manuscript Drafts with Results/GraphPad Files/PDAC Bx.2 IHC.pzfx,PDAC 2 Ki67,,row3,Day 0,1,,6.845
Manuscript Drafts with Results/GraphPad Files/PDAC Bx.2 IHC.pzfx,PDAC 2 Ki67,,row4,Day 0,1,,3.213
Manuscript Drafts with Results/GraphPad Files/PDAC Bx.2 IHC.pzfx,PDAC 2 Ki67,,row1,Day 2,1,,11.55
Manuscript Drafts with Results/GraphPad Files/PDAC Bx.2 IHC.pzfx,PDAC 2 Ki67,,row2,Day 2,1,,4.037
Manuscript Drafts with Results/GraphPad Files/PDAC Bx.2 IHC.pzfx,PDAC 2 Ki67,,row3,Day 2,1,,1.459
Manuscript Drafts with Results/GraphPad Files/PDAC Bx.2 IHC.pzfx,PDAC 2 Ki67,,row4,Day 2,1,,4.587
Manuscript Drafts with Results/GraphPad Files/PDAC Bx.2 IHC.pzfx,PDAC 2 Ki67,,row1,Day 3,1,,10.97
Manuscript Drafts with Results/GraphPad Files/PDAC Bx.2 IHC.pzfx,PDAC 2 Ki67,,row2,Day 3,1,,13.23
Manuscript Drafts with Results/GraphPad Files/PDAC Bx.2 IHC.pzfx,PDAC 2 Ki67,,row3,Day 3,1,,10.56
Manuscript Drafts with Results/GraphPad Files/PDAC Bx.2 IHC.pzfx,PDAC 2 Ki67,,row4,Day 3,1,,15.12
Manuscript Drafts with Results/GraphPad Files/PDAC Bx.2 IHC.pzfx,PDAC 2 Ki67,,row1,Day 5,1,,6.167
Manuscript Drafts with Results/GraphPad Files/PDAC Bx.2 IHC.pzfx,PDAC 2 Ki67,,row2,Day 5,1,,5.887
Manuscript Drafts with Results/GraphPad Files/PDAC Bx.2 IHC.pzfx,PDAC 2 Ki67,,row3,Day 5,1,,13.59
Manuscript Drafts with Results/GraphPad Files/PDAC Bx.2 IHC.pzfx,PDAC 2 Ki67,,row4,Day 5,1,,15.01
Manuscript Drafts with Results/GraphPad Files/PDAC Bx.2 IHC.pzfx,PDAC 2 Ki67,,row1,Day 7,1,,24.08
Manuscript Drafts with Results/GraphPad Files/PDAC Bx.2 IHC.pzfx,PDAC 2 Ki67,,row2,Day 7,1,,19.94
Manuscript Drafts with Results/GraphPad Files/PDAC Bx.2 IHC.pzfx,PDAC 2 Ki67,,row3,Day 7,1,,35.58
Manuscript Drafts with Results/GraphPad Files/PDAC Bx.2 IHC.pzfx,PDAC 2 Ki67,,row4,Day 7,1,,26.06
Manuscript Drafts with Results/GraphPad Files/PDAC Bx.2 IHC.pzfx,PDAC 2 CD45,,row1,Day 0,1,,14.59
Manuscript Drafts with Results/GraphPad Files/PDAC Bx.2 IHC.pzfx,PDAC 2 CD45,,row2,Day 0,1,,8.597
Manuscript Drafts with Results/GraphPad Files/PDAC Bx.2 IHC.pzfx,PDAC 2 CD45,,row3,Day 0,1,,14.49
Manuscript Drafts with Results/GraphPad Files/PDAC Bx.2 IHC.pzfx,PDAC 2 CD45,,row4,Day 0,1,,9.127
Manuscript Drafts with Results/GraphPad Files/PDAC Bx.2 IHC.pzfx,PDAC 2 CD45,,row1,Day 2,1,,2.817
Manuscript Drafts with Results/GraphPad Files/PDAC Bx.2 IHC.pzfx,PDAC 2 CD45,,row2,Day 2,1,,5.02
Manuscript Drafts with Results/GraphPad Files/PDAC Bx.2 IHC.pzfx,PDAC 2 CD45,,row3,Day 2,1,,5.405
Manuscript Drafts with Results/GraphPad Files/PDAC Bx.2 IHC.pzfx,PDAC 2 CD45,,row4,Day 2,1,,3.766
Manuscript Drafts with Results/GraphPad Files/PDAC Bx.2 IHC.pzfx,PDAC 2 CD45,,row1,Day 3,1,,21.31
Manuscript Drafts with Results/GraphPad Files/PDAC Bx.2 IHC.pzfx,PDAC 2 CD45,,row2,Day 3,1,,14.02
Manuscript Drafts with Results/GraphPad Files/PDAC Bx.2 IHC.pzfx,PDAC 2 CD45,,row3,Day 3,1,,6.857
Manuscript Drafts with Results/GraphPad Files/PDAC Bx.2 IHC.pzfx,PDAC 2 CD45,,row4,Day 3,1,,14.51
Manuscript Drafts with Results/GraphPad Files/PDAC Bx.2 IHC.pzfx,PDAC 2 CD45,,row1,Day 5,1,,3.333
Manuscript Drafts with Results/GraphPad Files/PDAC Bx.2 IHC.pzfx,PDAC 2 CD45,,row2,Day 5,1,,7.803
Manuscript Drafts with Results/GraphPad Files/PDAC Bx.2 IHC.pzfx,PDAC 2 CD45,,row3,Day 5,1,,9.857
Manuscript Drafts with Results/GraphPad Files/PDAC Bx.2 IHC.pzfx,PDAC 2 CD45,,row4,Day 5,1,,12.76
Manuscript Drafts with Results/GraphPad Files/PDAC Bx.2 IHC.pzfx,PDAC 2 CD45,,row1,Day 7,1,,9.156
Manuscript Drafts with Results/GraphPad Files/PDAC Bx.2 IHC.pzfx,PDAC 2 CD45,,row2,Day 7,1,,6.719
Manuscript Drafts with Results/GraphPad Files/PDAC Bx.2 IHC.pzfx,PDAC 2 CD45,,row3,Day 7,1,,10.33
Manuscript Drafts with Results/GraphPad Files/PDAC Bx.2 IHC.pzfx,PDAC 2 CD45,,row4,Day 7,1,,10.71
Manuscript Drafts with Results/GraphPad Files/PDAC Bx.2 IHC.pzfx,PDAC 2 EpCam,,row1,Day 0,1,,1.75
Manuscript Drafts with Results/GraphPad Files/PDAC Bx.2 IHC.pzfx,PDAC 2 EpCam,,row2,Day 0,1,,1.583
Manuscript Drafts with Results/GraphPad Files/PDAC Bx.2 IHC.pzfx,PDAC 2 EpCam,,row3,Day 0,1,,2.251
Manuscript Drafts with Results/GraphPad Files/PDAC Bx.2 IHC.pzfx,PDAC 2 EpCam,,row4,Day 0,1,,2.149
Manuscript Drafts with Results/GraphPad Files/PDAC Bx.2 IHC.pzfx,PDAC 2 EpCam,,row1,Day 2,1,,0.364
Manuscript Drafts with Results/GraphPad Files/PDAC Bx.2 IHC.pzfx,PDAC 2 EpCam,,row2,Day 2,1,,0.221
Manuscript Drafts with Results/GraphPad Files/PDAC Bx.2 IHC.pzfx,PDAC 2 EpCam,,row3,Day 2,1,,1.318
Manuscript Drafts with Results/GraphPad Files/PDAC Bx.2 IHC.pzfx,PDAC 2 EpCam,,row4,Day 2,1,,0.4155
Manuscript Drafts with Results/GraphPad Files/PDAC Bx.2 IHC.pzfx,PDAC 2 EpCam,,row1,Day 3,1,,0.6993
Manuscript Drafts with Results/GraphPad Files/PDAC Bx.2 IHC.pzfx,PDAC 2 EpCam,,row2,Day 3,1,,0.6165
Manuscript Drafts with Results/GraphPad Files/PDAC Bx.2 IHC.pzfx,PDAC 2 EpCam,,row3,Day 3,1,,1.108
Manuscript Drafts with Results/GraphPad Files/PDAC Bx.2 IHC.pzfx,PDAC 2 EpCam,,row4,Day 3,1,,2.02
Manuscript Drafts with Results/GraphPad Files/PDAC Bx.2 IHC.pzfx,PDAC 2 EpCam,,row1,Day 5,1,,0.1578
Manuscript Drafts with Results/GraphPad Files/PDAC Bx.2 IHC.pzfx,PDAC 2 EpCam,,row2,Day 5,1,,1.103
Manuscript Drafts with Results/GraphPad Files/PDAC Bx.2 IHC.pzfx,PDAC 2 EpCam,,row3,Day 5,1,,1.17
Manuscript Drafts with Results/GraphPad Files/PDAC Bx.2 IHC.pzfx,PDAC 2 EpCam,,row4,Day 5,1,,1.872
Manuscript Drafts with Results/GraphPad Files/PDAC Bx.2 IHC.pzfx,PDAC 2 EpCam,,row1,Day 7,1,,17.9474
Manuscript Drafts with Results/GraphPad Files/PDAC Bx.2 IHC.pzfx,PDAC 2 EpCam,,row2,Day 7,1,,9.8875
Manuscript Drafts with Results/GraphPad Files/PDAC Bx.2 IHC.pzfx,PDAC 2 EpCam,,row3,Day 7,1,,9.153
Manuscript Drafts with Results/GraphPad Files/PDAC Bx.2 IHC.pzfx,PDAC 2 EpCam,,row4,Day 7,1,,10.81
Manuscript Drafts with Results/GraphPad Files/PDAC Bx.4 IHC.pzfx,PDAC 4 Cleaved Caspase,,row1,DMSO,1,,1.139792156
Manuscript Drafts with Results/GraphPad Files/PDAC Bx.4 IHC.pzfx,PDAC 4 Cleaved Caspase,,row2,DMSO,1,,2.869287991
Manuscript Drafts with Results/GraphPad Files/PDAC Bx.4 IHC.pzfx,PDAC 4 Cleaved Caspase,,row3,DMSO,1,,3.416666667
Manuscript Drafts with Results/GraphPad Files/PDAC Bx.4 IHC.pzfx,PDAC 4 Cleaved Caspase,,row4,DMSO,1,,1.088110403
Manuscript Drafts with Results/GraphPad Files/PDAC Bx.4 IHC.pzfx,PDAC 4 Cleaved Caspase,,row1,Folfirinox,1,,35.82
Manuscript Drafts with Results/GraphPad Files/PDAC Bx.4 IHC.pzfx,PDAC 4 Cleaved Caspase,,row2,Folfirinox,1,,33.33
Manuscript Drafts with Results/GraphPad Files/PDAC Bx.4 IHC.pzfx,PDAC 4 Cleaved Caspase,,row3,Folfirinox,1,,15.18353726
Manuscript Drafts with Results/GraphPad Files/PDAC Bx.4 IHC.pzfx,PDAC 4 Cleaved Caspase,,row4,Folfirinox,1,,19.59798995
Manuscript Drafts with Results/GraphPad Files/PDAC Bx.4 IHC.pzfx,PDAC 4 Ki67,,row1,DMSO,1,,51.474
Manuscript Drafts with Results/GraphPad Files/PDAC Bx.4 IHC.pzfx,PDAC 4 Ki67,,row2,DMSO,1,,57.0781
Manuscript Drafts with Results/GraphPad Files/PDAC Bx.4 IHC.pzfx,PDAC 4 Ki67,,row3,DMSO,1,,35.39
Manuscript Drafts with Results/GraphPad Files/PDAC Bx.4 IHC.pzfx,PDAC 4 Ki67,,row4,DMSO,1,,20.6
Manuscript Drafts with Results/GraphPad Files/PDAC Bx.4 IHC.pzfx,PDAC 4 Ki67,,row1,Folfirinox,1,,5.8
Manuscript Drafts with Results/GraphPad Files/PDAC Bx.4 IHC.pzfx,PDAC 4 Ki67,,row2,Folfirinox,1,,6.2
Manuscript Drafts with Results/GraphPad Files/PDAC Bx.4 IHC.pzfx,PDAC 4 Ki67,,row3,Folfirinox,1,,3.0
Manuscript Drafts with Results/GraphPad Files/PDAC Bx.4 IHC.pzfx,PDAC 4 Ki67,,row4,Folfirinox,1,,4.6934
Manuscript Drafts with Results/GraphPad Files/PDAC Bx.4 IHC.pzfx,PDAC 4 CD45,,row1,DMSO,1,,22.1
Manuscript Drafts with Results/GraphPad Files/PDAC Bx.4 IHC.pzfx,PDAC 4 CD45,,row2,DMSO,1,,22.1263
Manuscript Drafts with Results/GraphPad Files/PDAC Bx.4 IHC.pzfx,PDAC 4 CD45,,row3,DMSO,1,,18.2
Manuscript Drafts with Results/GraphPad Files/PDAC Bx.4 IHC.pzfx,PDAC 4 CD45,,row4,DMSO,1,,13.2
Manuscript Drafts with Results/GraphPad Files/PDAC Bx.4 IHC.pzfx,PDAC 4 CD45,,row1,Folfirinox,1,,36.9521
Manuscript Drafts with Results/GraphPad Files/PDAC Bx.4 IHC.pzfx,PDAC 4 CD45,,row2,Folfirinox,1,,31.9052
Manuscript Drafts with Results/GraphPad Files/PDAC Bx.4 IHC.pzfx,PDAC 4 CD45,,row3,Folfirinox,1,,56.5892
Manuscript Drafts with Results/GraphPad Files/PDAC Bx.4 IHC.pzfx,PDAC 4 CD45,,row4,Folfirinox,1,,36.5276
Manuscript Drafts with Results/GraphPad Files/PDAC Bx.4 IHC.pzfx,PDAC 4 EpCam,,row1,DMSO,1,,41.8881
Manuscript Drafts with Results/GraphPad Files/PDAC Bx.4 IHC.pzfx,PDAC 4 EpCam,,row2,DMSO,1,,39.1235
Manuscript Drafts with Results/GraphPad Files/PDAC Bx.4 IHC.pzfx,PDAC 4 EpCam,,row3,DMSO,1,,34.8195
Manuscript Drafts with Results/GraphPad Files/PDAC Bx.4 IHC.pzfx,PDAC 4 EpCam,,row4,DMSO,1,,28.0436
Manuscript Drafts with Results/GraphPad Files/PDAC Bx.4 IHC.pzfx,PDAC 4 EpCam,,row1,Folfirinox,1,,0.332
Manuscript Drafts with Results/GraphPad Files/PDAC Bx.4 IHC.pzfx,PDAC 4 EpCam,,row2,Folfirinox,1,,1.2931
Manuscript Drafts with Results/GraphPad Files/PDAC Bx.4 IHC.pzfx,PDAC 4 EpCam,,row3,Folfirinox,1,,2.3844
Manuscript Drafts with Results/GraphPad Files/PDAC Bx.4 IHC.pzfx,PDAC 4 EpCam,,row4,Folfirinox,1,,3.2911
Manuscript Drafts with Results/GraphPad Files/PDAC Bx.5 IHC (Autosaved).prism,PDAC 5 Cleaved Caspase,,6,Control,1,1,1.3333
Manuscript Drafts with Results/GraphPad Files/PDAC Bx.5 IHC (Autosaved).prism,PDAC 5 Cleaved Caspase,,6,DMSO,1,1,1.8047
Manuscript Drafts with Results/GraphPad Files/PDAC Bx.5 IHC (Autosaved).prism,PDAC 5 Cleaved Caspase,,6,Folfirinox,1,1,0.7044
Manuscript Drafts with Results/GraphPad Files/PDAC Bx.5 IHC (Autosaved).prism,PDAC 5 Cleaved Caspase,,6,Gem/nab,1,1,14.7
Manuscript Drafts with Results/GraphPad Files/PDAC Bx.5 IHC (Autosaved).prism,PDAC 5 Cleaved Caspase,,6,RMC7977,1,1,3.9
Manuscript Drafts with Results/GraphPad Files/PDAC Bx.5 IHC (Autosaved).prism,PDAC 5 Cleaved Caspase,,2.8976,Control,1,1,4.0895
Manuscript Drafts with Results/GraphPad Files/PDAC Bx.5 IHC (Autosaved).prism,PDAC 5 Cleaved Caspase,,2.8976,DMSO,1,1,3.6365
Manuscript Drafts with Results/GraphPad Files/PDAC Bx.5 IHC (Autosaved).prism,PDAC 5 Cleaved Caspase,,2.8976,Folfirinox,1,1,4.2
Manuscript Drafts with Results/GraphPad Files/PDAC Bx.5 IHC (Autosaved).prism,PDAC 5 Cleaved Caspase,,2.8976,Gem/nab,1,1,7.9
Manuscript Drafts with Results/GraphPad Files/PDAC Bx.5 IHC (Autosaved).prism,PDAC 5 Cleaved Caspase,,2.8976,RMC7977,1,1,7.5
Manuscript Drafts with Results/GraphPad Files/PDAC Bx.5 IHC (Autosaved).prism,PDAC 5 Cleaved Caspase,,1.6162,Control,1,1,3.8
Manuscript Drafts with Results/GraphPad Files/PDAC Bx.5 IHC (Autosaved).prism,PDAC 5 Cleaved Caspase,,1.6162,DMSO,1,1,2.4
Manuscript Drafts with Results/GraphPad Files/PDAC Bx.5 IHC (Autosaved).prism,PDAC 5 Cleaved Caspase,,1.6162,Folfirinox,1,1,2.7
Manuscript Drafts with Results/GraphPad Files/PDAC Bx.5 IHC (Autosaved).prism,PDAC 5 Cleaved Caspase,,1.6162,Gem/nab,1,1,11.5
Manuscript Drafts with Results/GraphPad Files/PDAC Bx.5 IHC (Autosaved).prism,PDAC 5 Cleaved Caspase,,1.6162,RMC7977,1,1,4.7
Manuscript Drafts with Results/GraphPad Files/PDAC Bx.5 IHC (Autosaved).prism,PDAC 5 Cleaved Caspase,,1.4,Control,1,1,2.6
Manuscript Drafts with Results/GraphPad Files/PDAC Bx.5 IHC (Autosaved).prism,PDAC 5 Cleaved Caspase,,1.4,DMSO,1,1,3.2
Manuscript Drafts with Results/GraphPad Files/PDAC Bx.5 IHC (Autosaved).prism,PDAC 5 Cleaved Caspase,,1.4,Folfirinox,1,1,4.0
Manuscript Drafts with Results/GraphPad Files/PDAC Bx.5 IHC (Autosaved).prism,PDAC 5 Cleaved Caspase,,1.4,Gem/nab,1,1,10.0
Manuscript Drafts with Results/GraphPad Files/PDAC Bx.5 IHC (Autosaved).prism,PDAC 5 Cleaved Caspase,,1.4,RMC7977,1,1,6.7
Manuscript Drafts with Results/GraphPad Files/PDAC Bx.5 IHC (Autosaved).prism,PDAC 5 Ki67,,12.4,Control,1,1,29.8
Manuscript Drafts with Results/GraphPad Files/PDAC Bx.5 IHC (Autosaved).prism,PDAC 5 Ki67,,12.4,DMSO,1,1,0.0
Manuscript Drafts with Results/GraphPad Files/PDAC Bx.5 IHC (Autosaved).prism,PDAC 5 Ki67,,12.4,Folfirinox,1,1,4.1
Manuscript Drafts with Results/GraphPad Files/PDAC Bx.5 IHC (Autosaved).prism,PDAC 5 Ki67,,12.4,Gem/nab,1,1,0.0
Manuscript Drafts with Results/GraphPad Files/PDAC Bx.5 IHC (Autosaved).prism,PDAC 5 Ki67,,12.4,RMC7977,1,1,0.0
Manuscript Drafts with Results/GraphPad Files/PDAC Bx.5 IHC (Autosaved).prism,PDAC 5 Ki67,,22.3,Control,1,1,24.0
Manuscript Drafts with Results/GraphPad Files/PDAC Bx.5 IHC (Autosaved).prism,PDAC 5 Ki67,,22.3,DMSO,1,1,0.4
Manuscript Drafts with Results/GraphPad Files/PDAC Bx.5 IHC (Autosaved).prism,PDAC 5 Ki67,,22.3,Folfirinox,1,1,4.8
Manuscript Drafts with Results/GraphPad Files/PDAC Bx.5 IHC (Autosaved).prism,PDAC 5 Ki67,,22.3,Gem/nab,1,1,0.0
Manuscript Drafts with Results/GraphPad Files/PDAC Bx.5 IHC (Autosaved).prism,PDAC 5 Ki67,,22.3,RMC7977,1,1,0.0
Manuscript Drafts with Results/GraphPad Files/PDAC Bx.5 IHC (Autosaved).prism,PDAC 5 Ki67,,20.8,Control,1,1,18.4
Manuscript Drafts with Results/GraphPad Files/PDAC Bx.5 IHC (Autosaved).prism,PDAC 5 Ki67,,20.8,DMSO,1,1,0.2
Manuscript Drafts with Results/GraphPad Files/PDAC Bx.5 IHC (Autosaved).prism,PDAC 5 Ki67,,20.8,Folfirinox,1,1,6.3
Manuscript Drafts with Results/GraphPad Files/PDAC Bx.5 IHC (Autosaved).prism,PDAC 5 Ki67,,20.8,Gem/nab,1,1,0.0
Manuscript Drafts with Results/GraphPad Files/PDAC Bx.5 IHC (Autosaved).prism,PDAC 5 Ki67,,20.8,RMC7977,1,1,0.7
Manuscript Drafts with Results/GraphPad Files/PDAC Bx.5 IHC (Autosaved).prism,PDAC 5 Ki67,,15.3,Control,1,1,21.3
Manuscript Drafts with Results/GraphPad Files/PDAC Bx.5 IHC (Autosaved).prism,PDAC 5 Ki67,,15.3,DMSO,1,1,0.2
Manuscript Drafts with Results/GraphPad Files/PDAC Bx.5 IHC (Autosaved).prism,PDAC 5 Ki67,,15.3,Folfirinox,1,1,2.1
Manuscript Drafts with Results/GraphPad Files/PDAC Bx.5 IHC (Autosaved).prism,PDAC 5 Ki67,,15.3,Gem/nab,1,1,0.0
Manuscript Drafts with Results/GraphPad Files/PDAC Bx.5 IHC (Autosaved).prism,PDAC 5 Ki67,,15.3,RMC7977,1,1,0.6
Manuscript Drafts with Results/GraphPad Files/PDAC Bx.5 IHC (Autosaved).prism,PDAC 5 CD45,,36.8,Control,1,1,17.3
Manuscript Drafts with Results/GraphPad Files/PDAC Bx.5 IHC (Autosaved).prism,PDAC 5 CD45,,36.8,DMSO,1,1,16.1
Manuscript Drafts with Results/GraphPad Files/PDAC Bx.5 IHC (Autosaved).prism,PDAC 5 CD45,,36.8,Folfirinox,1,1,38.9
Manuscript Drafts with Results/GraphPad Files/PDAC Bx.5 IHC (Autosaved).prism,PDAC 5 CD45,,36.8,Gem/nab,1,1,4.9
Manuscript Drafts with Results/GraphPad Files/PDAC Bx.5 IHC (Autosaved).prism,PDAC 5 CD45,,36.8,RMC7977,1,1,16.2
Manuscript Drafts with Results/GraphPad Files/PDAC Bx.5 IHC (Autosaved).prism,PDAC 5 CD45,,19.5,Control,1,1,20.6
Manuscript Drafts with Results/GraphPad Files/PDAC Bx.5 IHC (Autosaved).prism,PDAC 5 CD45,,19.5,DMSO,1,1,8.9
Manuscript Drafts with Results/GraphPad Files/PDAC Bx.5 IHC (Autosaved).prism,PDAC 5 CD45,,19.5,Folfirinox,1,1,35.2
Manuscript Drafts with Results/GraphPad Files/PDAC Bx.5 IHC (Autosaved).prism,PDAC 5 CD45,,19.5,Gem/nab,1,1,15.2
Manuscript Drafts with Results/GraphPad Files/PDAC Bx.5 IHC (Autosaved).prism,PDAC 5 CD45,,19.5,RMC7977,1,1,19.1
Manuscript Drafts with Results/GraphPad Files/PDAC Bx.5 IHC (Autosaved).prism,PDAC 5 CD45,,24.8,Control,1,1,14.7
Manuscript Drafts with Results/GraphPad Files/PDAC Bx.5 IHC (Autosaved).prism,PDAC 5 CD45,,24.8,DMSO,1,1,19.7
Manuscript Drafts with Results/GraphPad Files/PDAC Bx.5 IHC (Autosaved).prism,PDAC 5 CD45,,24.8,Folfirinox,1,1,31.9
Manuscript Drafts with Results/GraphPad Files/PDAC Bx.5 IHC (Autosaved).prism,PDAC 5 CD45,,24.8,Gem/nab,1,1,19.4
Manuscript Drafts with Results/GraphPad Files/PDAC Bx.5 IHC (Autosaved).prism,PDAC 5 CD45,,24.8,RMC7977,1,1,7.6
Manuscript Drafts with Results/GraphPad Files/PDAC Bx.5 IHC (Autosaved).prism,PDAC 5 CD45,,14.4,Control,1,1,22.2
Manuscript Drafts with Results/GraphPad Files/PDAC Bx.5 IHC (Autosaved).prism,PDAC 5 CD45,,14.4,DMSO,1,1,19.0
Manuscript Drafts with Results/GraphPad Files/PDAC Bx.5 IHC (Autosaved).prism,PDAC 5 CD45,,14.4,Folfirinox,1,1,13.7
Manuscript Drafts with Results/GraphPad Files/PDAC Bx.5 IHC (Autosaved).prism,PDAC 5 CD45,,14.4,Gem/nab,1,1,15.8
Manuscript Drafts with Results/GraphPad Files/PDAC Bx.5 IHC (Autosaved).prism,PDAC 5 CD45,,14.4,RMC7977,1,1,13.2
Manuscript Drafts with Results/GraphPad Files/PDAC Bx.5 IHC (Autosaved).prism,PDAC 5 Epcam,,6.9,Control,1,1,11.0
Manuscript Drafts with Results/GraphPad Files/PDAC Bx.5 IHC (Autosaved).prism,PDAC 5 Epcam,,6.9,DMSO,1,1,7.3194
Manuscript Drafts with Results/GraphPad Files/PDAC Bx.5 IHC (Autosaved).prism,PDAC 5 Epcam,,6.9,Folfirinox,1,1,1.3
Manuscript Drafts with Results/GraphPad Files/PDAC Bx.5 IHC (Autosaved).prism,PDAC 5 Epcam,,6.9,Gem/nab,1,1,1.1
Manuscript Drafts with Results/GraphPad Files/PDAC Bx.5 IHC (Autosaved).prism,PDAC 5 Epcam,,6.9,RMC7977,1,1,7.9
Manuscript Drafts with Results/GraphPad Files/PDAC Bx.5 IHC (Autosaved).prism,PDAC 5 Epcam,,8,Control,1,1,3.618
Manuscript Drafts with Results/GraphPad Files/PDAC Bx.5 IHC (Autosaved).prism,PDAC 5 Epcam,,8,DMSO,1,1,10.6
Manuscript Drafts with Results/GraphPad Files/PDAC Bx.5 IHC (Autosaved).prism,PDAC 5 Epcam,,8,Folfirinox,1,1,0.3
Manuscript Drafts with Results/GraphPad Files/PDAC Bx.5 IHC (Autosaved).prism,PDAC 5 Epcam,,8,Gem/nab,1,1,5.4228
Manuscript Drafts with Results/GraphPad Files/PDAC Bx.5 IHC (Autosaved).prism,PDAC 5 Epcam,,8,RMC7977,1,1,4.4
Manuscript Drafts with Results/GraphPad Files/PDAC Bx.5 IHC (Autosaved).prism,PDAC 5 Epcam,,3,Control,1,1,7.5
Manuscript Drafts with Results/GraphPad Files/PDAC Bx.5 IHC (Autosaved).prism,PDAC 5 Epcam,,3,DMSO,1,1,3.4
Manuscript Drafts with Results/GraphPad Files/PDAC Bx.5 IHC (Autosaved).prism,PDAC 5 Epcam,,3,Folfirinox,1,1,0.1
Manuscript Drafts with Results/GraphPad Files/PDAC Bx.5 IHC (Autosaved).prism,PDAC 5 Epcam,,3,Gem/nab,1,1,2.4
Manuscript Drafts with Results/GraphPad Files/PDAC Bx.5 IHC (Autosaved).prism,PDAC 5 Epcam,,3,RMC7977,1,1,1.2913
Manuscript Drafts with Results/GraphPad Files/PDAC Bx.5 IHC (Autosaved).prism,PDAC 5 Epcam,,6.7,Control,1,1,10.5
Manuscript Drafts with Results/GraphPad Files/PDAC Bx.5 IHC (Autosaved).prism,PDAC 5 Epcam,,6.7,DMSO,1,1,0.9
Manuscript Drafts with Results/GraphPad Files/PDAC Bx.5 IHC (Autosaved).prism,PDAC 5 Epcam,,6.7,Folfirinox,1,1,0.3
Manuscript Drafts with Results/GraphPad Files/PDAC Bx.5 IHC (Autosaved).prism,PDAC 5 Epcam,,6.7,Gem/nab,1,1,1.9
Manuscript Drafts with Results/GraphPad Files/PDAC Bx.5 IHC (Autosaved).prism,PDAC 5 Epcam,,6.7,RMC7977,1,1,7.6
Manuscript Drafts with Results/GraphPad Files/PDAC Bx.5 IHC.pzfx,PDAC 5 Cleaved Caspase,,row1,Control,1,,6.0
Manuscript Drafts with Results/GraphPad Files/PDAC Bx.5 IHC.pzfx,PDAC 5 Cleaved Caspase,,row2,Control,1,,2.8976
Manuscript Drafts with Results/GraphPad Files/PDAC Bx.5 IHC.pzfx,PDAC 5 Cleaved Caspase,,row3,Control,1,,1.6162
Manuscript Drafts with Results/GraphPad Files/PDAC Bx.5 IHC.pzfx,PDAC 5 Cleaved Caspase,,row4,Control,1,,1.4
Manuscript Drafts with Results/GraphPad Files/PDAC Bx.5 IHC.pzfx,PDAC 5 Cleaved Caspase,,row1,DMSO,1,,1.3333
Manuscript Drafts with Results/GraphPad Files/PDAC Bx.5 IHC.pzfx,PDAC 5 Cleaved Caspase,,row2,DMSO,1,,4.0895
Manuscript Drafts with Results/GraphPad Files/PDAC Bx.5 IHC.pzfx,PDAC 5 Cleaved Caspase,,row3,DMSO,1,,3.8
Manuscript Drafts with Results/GraphPad Files/PDAC Bx.5 IHC.pzfx,PDAC 5 Cleaved Caspase,,row4,DMSO,1,,2.6
Manuscript Drafts with Results/GraphPad Files/PDAC Bx.5 IHC.pzfx,PDAC 5 Cleaved Caspase,,row1,Folfirinox,1,,1.8047
Manuscript Drafts with Results/GraphPad Files/PDAC Bx.5 IHC.pzfx,PDAC 5 Cleaved Caspase,,row2,Folfirinox,1,,3.6365
Manuscript Drafts with Results/GraphPad Files/PDAC Bx.5 IHC.pzfx,PDAC 5 Cleaved Caspase,,row3,Folfirinox,1,,2.4
Manuscript Drafts with Results/GraphPad Files/PDAC Bx.5 IHC.pzfx,PDAC 5 Cleaved Caspase,,row4,Folfirinox,1,,3.2
Manuscript Drafts with Results/GraphPad Files/PDAC Bx.5 IHC.pzfx,PDAC 5 Cleaved Caspase,,row1,Gem/nab,1,,0.7044
Manuscript Drafts with Results/GraphPad Files/PDAC Bx.5 IHC.pzfx,PDAC 5 Cleaved Caspase,,row2,Gem/nab,1,,4.2
Manuscript Drafts with Results/GraphPad Files/PDAC Bx.5 IHC.pzfx,PDAC 5 Cleaved Caspase,,row3,Gem/nab,1,,2.7
Manuscript Drafts with Results/GraphPad Files/PDAC Bx.5 IHC.pzfx,PDAC 5 Cleaved Caspase,,row4,Gem/nab,1,,4.0
Manuscript Drafts with Results/GraphPad Files/PDAC Bx.5 IHC.pzfx,PDAC 5 Cleaved Caspase,,row1,RMC7977,1,,14.7
Manuscript Drafts with Results/GraphPad Files/PDAC Bx.5 IHC.pzfx,PDAC 5 Cleaved Caspase,,row2,RMC7977,1,,7.9
Manuscript Drafts with Results/GraphPad Files/PDAC Bx.5 IHC.pzfx,PDAC 5 Cleaved Caspase,,row3,RMC7977,1,,11.5
Manuscript Drafts with Results/GraphPad Files/PDAC Bx.5 IHC.pzfx,PDAC 5 Cleaved Caspase,,row4,RMC7977,1,,10.0
Manuscript Drafts with Results/GraphPad Files/PDAC Bx.5 IHC.pzfx,PDAC 5 Cleaved Caspase,,row1,STS,1,,3.9
Manuscript Drafts with Results/GraphPad Files/PDAC Bx.5 IHC.pzfx,PDAC 5 Cleaved Caspase,,row2,STS,1,,7.5
Manuscript Drafts with Results/GraphPad Files/PDAC Bx.5 IHC.pzfx,PDAC 5 Cleaved Caspase,,row3,STS,1,,4.7
Manuscript Drafts with Results/GraphPad Files/PDAC Bx.5 IHC.pzfx,PDAC 5 Cleaved Caspase,,row4,STS,1,,6.7
Manuscript Drafts with Results/GraphPad Files/PDAC Bx.5 IHC.pzfx,PDAC 5 Ki67,,row1,Control,1,,12.4
Manuscript Drafts with Results/GraphPad Files/PDAC Bx.5 IHC.pzfx,PDAC 5 Ki67,,row2,Control,1,,22.3
Manuscript Drafts with Results/GraphPad Files/PDAC Bx.5 IHC.pzfx,PDAC 5 Ki67,,row3,Control,1,,20.8
Manuscript Drafts with Results/GraphPad Files/PDAC Bx.5 IHC.pzfx,PDAC 5 Ki67,,row4,Control,1,,15.3
Manuscript Drafts with Results/GraphPad Files/PDAC Bx.5 IHC.pzfx,PDAC 5 Ki67,,row1,DMSO,1,,29.8
Manuscript Drafts with Results/GraphPad Files/PDAC Bx.5 IHC.pzfx,PDAC 5 Ki67,,row2,DMSO,1,,24.0
Manuscript Drafts with Results/GraphPad Files/PDAC Bx.5 IHC.pzfx,PDAC 5 Ki67,,row3,DMSO,1,,18.4
Manuscript Drafts with Results/GraphPad Files/PDAC Bx.5 IHC.pzfx,PDAC 5 Ki67,,row4,DMSO,1,,21.3
Manuscript Drafts with Results/GraphPad Files/PDAC Bx.5 IHC.pzfx,PDAC 5 Ki67,,row1,Folfirinox,1,,0.0
Manuscript Drafts with Results/GraphPad Files/PDAC Bx.5 IHC.pzfx,PDAC 5 Ki67,,row2,Folfirinox,1,,0.4
Manuscript Drafts with Results/GraphPad Files/PDAC Bx.5 IHC.pzfx,PDAC 5 Ki67,,row3,Folfirinox,1,,0.2
Manuscript Drafts with Results/GraphPad Files/PDAC Bx.5 IHC.pzfx,PDAC 5 Ki67,,row4,Folfirinox,1,,0.2
Manuscript Drafts with Results/GraphPad Files/PDAC Bx.5 IHC.pzfx,PDAC 5 Ki67,,row1,Gem/nab,1,,4.1
Manuscript Drafts with Results/GraphPad Files/PDAC Bx.5 IHC.pzfx,PDAC 5 Ki67,,row2,Gem/nab,1,,4.8
Manuscript Drafts with Results/GraphPad Files/PDAC Bx.5 IHC.pzfx,PDAC 5 Ki67,,row3,Gem/nab,1,,6.3
Manuscript Drafts with Results/GraphPad Files/PDAC Bx.5 IHC.pzfx,PDAC 5 Ki67,,row4,Gem/nab,1,,2.1
Manuscript Drafts with Results/GraphPad Files/PDAC Bx.5 IHC.pzfx,PDAC 5 Ki67,,row1,RMC7977,1,,0.0
Manuscript Drafts with Results/GraphPad Files/PDAC Bx.5 IHC.pzfx,PDAC 5 Ki67,,row2,RMC7977,1,,0.0
Manuscript Drafts with Results/GraphPad Files/PDAC Bx.5 IHC.pzfx,PDAC 5 Ki67,,row3,RMC7977,1,,0.0
Manuscript Drafts with Results/GraphPad Files/PDAC Bx.5 IHC.pzfx,PDAC 5 Ki67,,row4,RMC7977,1,,0.0
Manuscript Drafts with Results/GraphPad Files/PDAC Bx.5 IHC.pzfx,PDAC 5 Ki67,,row1,STS,1,,0.0
Manuscript Drafts with Results/GraphPad Files/PDAC Bx.5 IHC.pzfx,PDAC 5 Ki67,,row2,STS,1,,0.0
Manuscript Drafts with Results/GraphPad Files/PDAC Bx.5 IHC.pzfx,PDAC 5 Ki67,,row3,STS,1,,0.7
Manuscript Drafts with Results/GraphPad Files/PDAC Bx.5 IHC.pzfx,PDAC 5 Ki67,,row4,STS,1,,0.6
Manuscript Drafts with Results/GraphPad Files/PDAC Bx.5 IHC.pzfx,PDAC 5 CD45,,row1,Control,1,,36.8
Manuscript Drafts with Results/GraphPad Files/PDAC Bx.5 IHC.pzfx,PDAC 5 CD45,,row2,Control,1,,19.5
Manuscript Drafts with Results/GraphPad Files/PDAC Bx.5 IHC.pzfx,PDAC 5 CD45,,row3,Control,1,,24.8
Manuscript Drafts with Results/GraphPad Files/PDAC Bx.5 IHC.pzfx,PDAC 5 CD45,,row4,Control,1,,14.4
Manuscript Drafts with Results/GraphPad Files/PDAC Bx.5 IHC.pzfx,PDAC 5 CD45,,row1,DMSO,1,,17.3
Manuscript Drafts with Results/GraphPad Files/PDAC Bx.5 IHC.pzfx,PDAC 5 CD45,,row2,DMSO,1,,20.6
Manuscript Drafts with Results/GraphPad Files/PDAC Bx.5 IHC.pzfx,PDAC 5 CD45,,row3,DMSO,1,,14.7
Manuscript Drafts with Results/GraphPad Files/PDAC Bx.5 IHC.pzfx,PDAC 5 CD45,,row4,DMSO,1,,22.2
Manuscript Drafts with Results/GraphPad Files/PDAC Bx.5 IHC.pzfx,PDAC 5 CD45,,row1,Folfirinox,1,,16.1
Manuscript Drafts with Results/GraphPad Files/PDAC Bx.5 IHC.pzfx,PDAC 5 CD45,,row2,Folfirinox,1,,8.9
Manuscript Drafts with Results/GraphPad Files/PDAC Bx.5 IHC.pzfx,PDAC 5 CD45,,row3,Folfirinox,1,,19.7
Manuscript Drafts with Results/GraphPad Files/PDAC Bx.5 IHC.pzfx,PDAC 5 CD45,,row4,Folfirinox,1,,19.0
Manuscript Drafts with Results/GraphPad Files/PDAC Bx.5 IHC.pzfx,PDAC 5 CD45,,row1,Gem/nab,1,,38.9
Manuscript Drafts with Results/GraphPad Files/PDAC Bx.5 IHC.pzfx,PDAC 5 CD45,,row2,Gem/nab,1,,35.2
Manuscript Drafts with Results/GraphPad Files/PDAC Bx.5 IHC.pzfx,PDAC 5 CD45,,row3,Gem/nab,1,,31.9
Manuscript Drafts with Results/GraphPad Files/PDAC Bx.5 IHC.pzfx,PDAC 5 CD45,,row4,Gem/nab,1,,13.7
Manuscript Drafts with Results/GraphPad Files/PDAC Bx.5 IHC.pzfx,PDAC 5 CD45,,row1,RMC7977,1,,4.9
Manuscript Drafts with Results/GraphPad Files/PDAC Bx.5 IHC.pzfx,PDAC 5 CD45,,row2,RMC7977,1,,15.2
Manuscript Drafts with Results/GraphPad Files/PDAC Bx.5 IHC.pzfx,PDAC 5 CD45,,row3,RMC7977,1,,19.4
Manuscript Drafts with Results/GraphPad Files/PDAC Bx.5 IHC.pzfx,PDAC 5 CD45,,row4,RMC7977,1,,15.8
Manuscript Drafts with Results/GraphPad Files/PDAC Bx.5 IHC.pzfx,PDAC 5 CD45,,row1,STS,1,,16.2
Manuscript Drafts with Results/GraphPad Files/PDAC Bx.5 IHC.pzfx,PDAC 5 CD45,,row2,STS,1,,19.1
Manuscript Drafts with Results/GraphPad Files/PDAC Bx.5 IHC.pzfx,PDAC 5 CD45,,row3,STS,1,,7.6
Manuscript Drafts with Results/GraphPad Files/PDAC Bx.5 IHC.pzfx,PDAC 5 CD45,,row4,STS,1,,13.2
Manuscript Drafts with Results/GraphPad Files/PDAC Bx.5 IHC.pzfx,PDAC 5 Epcam,,row1,Control,1,,6.9
Manuscript Drafts with Results/GraphPad Files/PDAC Bx.5 IHC.pzfx,PDAC 5 Epcam,,row2,Control,1,,8.0
Manuscript Drafts with Results/GraphPad Files/PDAC Bx.5 IHC.pzfx,PDAC 5 Epcam,,row3,Control,1,,3.0
Manuscript Drafts with Results/GraphPad Files/PDAC Bx.5 IHC.pzfx,PDAC 5 Epcam,,row4,Control,1,,6.7
Manuscript Drafts with Results/GraphPad Files/PDAC Bx.5 IHC.pzfx,PDAC 5 Epcam,,row1,DMSO,1,,11.0
Manuscript Drafts with Results/GraphPad Files/PDAC Bx.5 IHC.pzfx,PDAC 5 Epcam,,row2,DMSO,1,,3.618
Manuscript Drafts with Results/GraphPad Files/PDAC Bx.5 IHC.pzfx,PDAC 5 Epcam,,row3,DMSO,1,,7.5
Manuscript Drafts with Results/GraphPad Files/PDAC Bx.5 IHC.pzfx,PDAC 5 Epcam,,row4,DMSO,1,,10.5
Manuscript Drafts with Results/GraphPad Files/PDAC Bx.5 IHC.pzfx,PDAC 5 Epcam,,row1,Folfirinox,1,,7.3194
Manuscript Drafts with Results/GraphPad Files/PDAC Bx.5 IHC.pzfx,PDAC 5 Epcam,,row2,Folfirinox,1,,10.6
Manuscript Drafts with Results/GraphPad Files/PDAC Bx.5 IHC.pzfx,PDAC 5 Epcam,,row3,Folfirinox,1,,3.4
Manuscript Drafts with Results/GraphPad Files/PDAC Bx.5 IHC.pzfx,PDAC 5 Epcam,,row4,Folfirinox,1,,0.9
Manuscript Drafts with Results/GraphPad Files/PDAC Bx.5 IHC.pzfx,PDAC 5 Epcam,,row1,Gem/nab,1,,1.3
Manuscript Drafts with Results/GraphPad Files/PDAC Bx.5 IHC.pzfx,PDAC 5 Epcam,,row2,Gem/nab,1,,0.3
Manuscript Drafts with Results/GraphPad Files/PDAC Bx.5 IHC.pzfx,PDAC 5 Epcam,,row3,Gem/nab,1,,0.1
Manuscript Drafts with Results/GraphPad Files/PDAC Bx.5 IHC.pzfx,PDAC 5 Epcam,,row4,Gem/nab,1,,0.3
Manuscript Drafts with Results/GraphPad Files/PDAC Bx.5 IHC.pzfx,PDAC 5 Epcam,,row1,RMC7977,1,,1.1
Manuscript Drafts with Results/GraphPad Files/PDAC Bx.5 IHC.pzfx,PDAC 5 Epcam,,row2,RMC7977,1,,5.4228
Manuscript Drafts with Results/GraphPad Files/PDAC Bx.5 IHC.pzfx,PDAC 5 Epcam,,row3,RMC7977,1,,2.4
Manuscript Drafts with Results/GraphPad Files/PDAC Bx.5 IHC.pzfx,PDAC 5 Epcam,,row4,RMC7977,1,,1.9
Manuscript Drafts with Results/GraphPad Files/PDAC Bx.5 IHC.pzfx,PDAC 5 Epcam,,row1,STS,1,,7.9
Manuscript Drafts with Results/GraphPad Files/PDAC Bx.5 IHC.pzfx,PDAC 5 Epcam,,row2,STS,1,,4.4
Manuscript Drafts with Results/GraphPad Files/PDAC Bx.5 IHC.pzfx,PDAC 5 Epcam,,row3,STS,1,,1.2913
Manuscript Drafts with Results/GraphPad Files/PDAC Bx.5 IHC.pzfx,PDAC 5 Epcam,,row4,STS,1,,7.6
Manuscript Drafts with Results/GraphPad Files/umbilicus IHC.pzfx,Umbilicus Cleaved Caspase,,row1,DMSO,1,,2.8
Manuscript Drafts with Results/GraphPad Files/umbilicus IHC.pzfx,Umbilicus Cleaved Caspase,,row2,DMSO,1,,7.7
Manuscript Drafts with Results/GraphPad Files/umbilicus IHC.pzfx,Umbilicus Cleaved Caspase,,row3,DMSO,1,,3.4
Manuscript Drafts with Results/GraphPad Files/umbilicus IHC.pzfx,Umbilicus Cleaved Caspase,,row4,DMSO,1,,4.3
Manuscript Drafts with Results/GraphPad Files/umbilicus IHC.pzfx,Umbilicus Cleaved Caspase,,row1,Folfirinox,1,,7.3
Manuscript Drafts with Results/GraphPad Files/umbilicus IHC.pzfx,Umbilicus Cleaved Caspase,,row2,Folfirinox,1,,6.3
Manuscript Drafts with Results/GraphPad Files/umbilicus IHC.pzfx,Umbilicus Cleaved Caspase,,row3,Folfirinox,1,,4.6
Manuscript Drafts with Results/GraphPad Files/umbilicus IHC.pzfx,Umbilicus Cleaved Caspase,,row4,Folfirinox,1,,3.7
Manuscript Drafts with Results/GraphPad Files/umbilicus IHC.pzfx,Umbilicus Cleaved Caspase,,row1,Gem/nab,1,,5.1
Manuscript Drafts with Results/GraphPad Files/umbilicus IHC.pzfx,Umbilicus Cleaved Caspase,,row2,Gem/nab,1,,3.5
Manuscript Drafts with Results/GraphPad Files/umbilicus IHC.pzfx,Umbilicus Cleaved Caspase,,row3,Gem/nab,1,,4.8
Manuscript Drafts with Results/GraphPad Files/umbilicus IHC.pzfx,Umbilicus Cleaved Caspase,,row4,Gem/nab,1,,3.2
Manuscript Drafts with Results/GraphPad Files/umbilicus IHC.pzfx,Umbilicus Cleaved Caspase,,row1,RMC7977,1,,7.4
Manuscript Drafts with Results/GraphPad Files/umbilicus IHC.pzfx,Umbilicus Cleaved Caspase,,row2,RMC7977,1,,8.5
Manuscript Drafts with Results/GraphPad Files/umbilicus IHC.pzfx,Umbilicus Cleaved Caspase,,row3,RMC7977,1,,6.7
Manuscript Drafts with Results/GraphPad Files/umbilicus IHC.pzfx,Umbilicus Cleaved Caspase,,row4,RMC7977,1,,7.2
Manuscript Drafts with Results/GraphPad Files/umbilicus IHC.pzfx,Umbilicus Cleaved Caspase,,row1,STS,1,,6.2
Manuscript Drafts with Results/GraphPad Files/umbilicus IHC.pzfx,Umbilicus Cleaved Caspase,,row2,STS,1,,3.5
Manuscript Drafts with Results/GraphPad Files/umbilicus IHC.pzfx,Umbilicus Cleaved Caspase,,row3,STS,1,,8.5
Manuscript Drafts with Results/GraphPad Files/umbilicus IHC.pzfx,Umbilicus Cleaved Caspase,,row4,STS,1,,5.8
Manuscript Drafts with Results/GraphPad Files/umbilicus IHC.pzfx,Umbilicus Ki67,,row1,DMSO,1,,29.4
Manuscript Drafts with Results/GraphPad Files/umbilicus IHC.pzfx,Umbilicus Ki67,,row2,DMSO,1,,17.5
Manuscript Drafts with Results/GraphPad Files/umbilicus IHC.pzfx,Umbilicus Ki67,,row3,DMSO,1,,19.4
Manuscript Drafts with Results/GraphPad Files/umbilicus IHC.pzfx,Umbilicus Ki67,,row4,DMSO,1,,14.9
Manuscript Drafts with Results/GraphPad Files/umbilicus IHC.pzfx,Umbilicus Ki67,,row1,Folfirinox,1,,21.1
Manuscript Drafts with Results/GraphPad Files/umbilicus IHC.pzfx,Umbilicus Ki67,,row2,Folfirinox,1,,12.6
Manuscript Drafts with Results/GraphPad Files/umbilicus IHC.pzfx,Umbilicus Ki67,,row3,Folfirinox,1,,7.8
Manuscript Drafts with Results/GraphPad Files/umbilicus IHC.pzfx,Umbilicus Ki67,,row4,Folfirinox,1,,11.6
Manuscript Drafts with Results/GraphPad Files/umbilicus IHC.pzfx,Umbilicus Ki67,,row1,Gem/nab,1,,13.4
Manuscript Drafts with Results/GraphPad Files/umbilicus IHC.pzfx,Umbilicus Ki67,,row2,Gem/nab,1,,10.5
Manuscript Drafts with Results/GraphPad Files/umbilicus IHC.pzfx,Umbilicus Ki67,,row3,Gem/nab,1,,17.3
Manuscript Drafts with Results/GraphPad Files/umbilicus IHC.pzfx,Umbilicus Ki67,,row4,Gem/nab,1,,12.2
Manuscript Drafts with Results/GraphPad Files/umbilicus IHC.pzfx,Umbilicus Ki67,,row1,RMC7977,1,,31.4
Manuscript Drafts with Results/GraphPad Files/umbilicus IHC.pzfx,Umbilicus Ki67,,row2,RMC7977,1,,9.5
Manuscript Drafts with Results/GraphPad Files/umbilicus IHC.pzfx,Umbilicus Ki67,,row3,RMC7977,1,,17.9
Manuscript Drafts with Results/GraphPad Files/umbilicus IHC.pzfx,Umbilicus Ki67,,row4,RMC7977,1,,14.8
Manuscript Drafts with Results/GraphPad Files/umbilicus IHC.pzfx,Umbilicus Ki67,,row1,STS,1,,0.4
Manuscript Drafts with Results/GraphPad Files/umbilicus IHC.pzfx,Umbilicus Ki67,,row2,STS,1,,5.3
Manuscript Drafts with Results/GraphPad Files/umbilicus IHC.pzfx,Umbilicus Ki67,,row3,STS,1,,19.6
Manuscript Drafts with Results/GraphPad Files/umbilicus IHC.pzfx,Umbilicus Ki67,,row4,STS,1,,6.8
Manuscript Drafts with Results/GraphPad Files/umbilicus IHC.pzfx,Umbilicus CD45,,row1,DMSO,1,,22.9
Manuscript Drafts with Results/GraphPad Files/umbilicus IHC.pzfx,Umbilicus CD45,,row2,DMSO,1,,28.5
Manuscript Drafts with Results/GraphPad Files/umbilicus IHC.pzfx,Umbilicus CD45,,row3,DMSO,1,,28.6
Manuscript Drafts with Results/GraphPad Files/umbilicus IHC.pzfx,Umbilicus CD45,,row4,DMSO,1,,28.4
Manuscript Drafts with Results/GraphPad Files/umbilicus IHC.pzfx,Umbilicus CD45,,row1,Folfirinox,1,,36.5
Manuscript Drafts with Results/GraphPad Files/umbilicus IHC.pzfx,Umbilicus CD45,,row2,Folfirinox,1,,19.3
Manuscript Drafts with Results/GraphPad Files/umbilicus IHC.pzfx,Umbilicus CD45,,row3,Folfirinox,1,,20.2
Manuscript Drafts with Results/GraphPad Files/umbilicus IHC.pzfx,Umbilicus CD45,,row4,Folfirinox,1,,27.0
Manuscript Drafts with Results/GraphPad Files/umbilicus IHC.pzfx,Umbilicus CD45,,row1,Gem/nab,1,,19.1
Manuscript Drafts with Results/GraphPad Files/umbilicus IHC.pzfx,Umbilicus CD45,,row2,Gem/nab,1,,12.5
Manuscript Drafts with Results/GraphPad Files/umbilicus IHC.pzfx,Umbilicus CD45,,row3,Gem/nab,1,,24.9
Manuscript Drafts with Results/GraphPad Files/umbilicus IHC.pzfx,Umbilicus CD45,,row4,Gem/nab,1,,19.2
Manuscript Drafts with Results/GraphPad Files/umbilicus IHC.pzfx,Umbilicus CD45,,row1,RMC7977,1,,14.6
Manuscript Drafts with Results/GraphPad Files/umbilicus IHC.pzfx,Umbilicus CD45,,row2,RMC7977,1,,17.1
Manuscript Drafts with Results/GraphPad Files/umbilicus IHC.pzfx,Umbilicus CD45,,row3,RMC7977,1,,22.8
Manuscript Drafts with Results/GraphPad Files/umbilicus IHC.pzfx,Umbilicus CD45,,row4,RMC7977,1,,22.3
Manuscript Drafts with Results/GraphPad Files/umbilicus IHC.pzfx,Umbilicus CD45,,row1,STS,1,,23.4
Manuscript Drafts with Results/GraphPad Files/umbilicus IHC.pzfx,Umbilicus CD45,,row2,STS,1,,19.4
Manuscript Drafts with Results/GraphPad Files/umbilicus IHC.pzfx,Umbilicus CD45,,row3,STS,1,,21.3
Manuscript Drafts with Results/GraphPad Files/umbilicus IHC.pzfx,Umbilicus CD45,,row4,STS,1,,28.0
Manuscript Drafts with Results/GraphPad Files/umbilicus IHC.pzfx,Umbilicus EpCam,,row1,DMSO,1,,36.1
Manuscript Drafts with Results/GraphPad Files/umbilicus IHC.pzfx,Umbilicus EpCam,,row2,DMSO,1,,45.8
Manuscript Drafts with Results/GraphPad Files/umbilicus IHC.pzfx,Umbilicus EpCam,,row3,DMSO,1,,28.5
Manuscript Drafts with Results/GraphPad Files/umbilicus IHC.pzfx,Umbilicus EpCam,,row4,DMSO,1,,31.9
Manuscript Drafts with Results/GraphPad Files/umbilicus IHC.pzfx,Umbilicus EpCam,,row1,Folfirinox,1,,27.1
Manuscript Drafts with Results/GraphPad Files/umbilicus IHC.pzfx,Umbilicus EpCam,,row2,Folfirinox,1,,20.7
Manuscript Drafts with Results/GraphPad Files/umbilicus IHC.pzfx,Umbilicus EpCam,,row3,Folfirinox,1,,21.0
Manuscript Drafts with Results/GraphPad Files/umbilicus IHC.pzfx,Umbilicus EpCam,,row4,Folfirinox,1,,24.3
Manuscript Drafts with Results/GraphPad Files/umbilicus IHC.pzfx,Umbilicus EpCam,,row1,Gem/nab,1,,48.2
Manuscript Drafts with Results/GraphPad Files/umbilicus IHC.pzfx,Umbilicus EpCam,,row2,Gem/nab,1,,35.9
Manuscript Drafts with Results/GraphPad Files/umbilicus IHC.pzfx,Umbilicus EpCam,,row3,Gem/nab,1,,29.6
Manuscript Drafts with Results/GraphPad Files/umbilicus IHC.pzfx,Umbilicus EpCam,,row4,Gem/nab,1,,37.1
Manuscript Drafts with Results/GraphPad Files/umbilicus IHC.pzfx,Umbilicus EpCam,,row1,RMC7977,1,,35.5
Manuscript Drafts with Results/GraphPad Files/umbilicus IHC.pzfx,Umbilicus EpCam,,row2,RMC7977,1,,26.9
Manuscript Drafts with Results/GraphPad Files/umbilicus IHC.pzfx,Umbilicus EpCam,,row3,RMC7977,1,,33.1
Manuscript Drafts with Results/GraphPad Files/umbilicus IHC.pzfx,Umbilicus EpCam,,row4,RMC7977,1,,23.0
Manuscript Drafts with Results/GraphPad Files/umbilicus IHC.pzfx,Umbilicus EpCam,,row1,STS,1,,25.6
Manuscript Drafts with Results/GraphPad Files/umbilicus IHC.pzfx,Umbilicus EpCam,,row2,STS,1,,33.0
Manuscript Drafts with Results/GraphPad Files/umbilicus IHC.pzfx,Umbilicus EpCam,,row3,STS,1,,35.5
Manuscript Drafts with Results/GraphPad Files/umbilicus IHC.pzfx,Umbilicus EpCam,,row4,STS,1,,36.6
Manuscript Drafts with Results/Manuscript Final Version/Manuscript Prism Files/Fig.2 Viability Liver Bx Results/1. L.Bx Surface measurement.prism,Data 1,,1539,Day 0,1,1,1854.0
Manuscript Drafts with Results/Manuscript Final Version/Manuscript Prism Files/Fig.2 Viability Liver Bx Results/1. L.Bx Surface measurement.prism,Data 1,,1539,Day 1,1,1,1820.0
Manuscript Drafts with Results/Manuscript Final Version/Manuscript Prism Files/Fig.2 Viability Liver Bx Results/1. L.Bx Surface measurement.prism,Data 1,,1539,Day 3,1,1,1984.0
Manuscript Drafts with Results/Manuscript Final Version/Manuscript Prism Files/Fig.2 Viability Liver Bx Results/1. L.Bx Surface measurement.prism,Data 1,,1539,Day 5,1,1,2066.0
Manuscript Drafts with Results/Manuscript Final Version/Manuscript Prism Files/Fig.2 Viability Liver Bx Results/1. L.Bx Surface measurement.prism,Data 1,,1865,Day 0,1,1,2242.0
Manuscript Drafts with Results/Manuscript Final Version/Manuscript Prism Files/Fig.2 Viability Liver Bx Results/1. L.Bx Surface measurement.prism,Data 1,,1865,Day 1,1,1,2339.0
Manuscript Drafts with Results/Manuscript Final Version/Manuscript Prism Files/Fig.2 Viability Liver Bx Results/1. L.Bx Surface measurement.prism,Data 1,,1865,Day 3,1,1,2896.0
Manuscript Drafts with Results/Manuscript Final Version/Manuscript Prism Files/Fig.2 Viability Liver Bx Results/1. L.Bx Surface measurement.prism,Data 1,,1505,Day 0,1,1,2303.0
Manuscript Drafts with Results/Manuscript Final Version/Manuscript Prism Files/Fig.2 Viability Liver Bx Results/1. L.Bx Surface measurement.prism,Data 1,,1505,Day 1,1,1,2259.0
Manuscript Drafts with Results/Manuscript Final Version/Manuscript Prism Files/Fig.2 Viability Liver Bx Results/2. L.Bx Viability.prism,Data 1,,0.667,Day 1,1,1,0.618
Manuscript Drafts with Results/Manuscript Final Version/Manuscript Prism Files/Fig.2 Viability Liver Bx Results/2. L.Bx Viability.prism,Data 1,,0.667,Day 3,1,1,0.742
Manuscript Drafts with Results/Manuscript Final Version/Manuscript Prism Files/Fig.2 Viability Liver Bx Results/2. L.Bx Viability.prism,Data 1,,0.667,Day 5,1,1,0.636
Manuscript Drafts with Results/Manuscript Final Version/Manuscript Prism Files/Fig.2 Viability Liver Bx Results/2. L.Bx Viability.prism,Data 1,,0.569,Day 1,1,1,0.451
Manuscript Drafts with Results/Manuscript Final Version/Manuscript Prism Files/Fig.2 Viability Liver Bx Results/2. L.Bx Viability.prism,Data 1,,0.569,Day 3,1,1,0.719
Manuscript Drafts with Results/Manuscript Final Version/Manuscript Prism Files/Fig.2 Viability Liver Bx Results/3. Manuscript Liver H&E Score.prism,Data 1,,2242.9,Day 1,1,4,1893.3
Manuscript Drafts with Results/Manuscript Final Version/Manuscript Prism Files/Fig.2 Viability Liver Bx Results/3. Manuscript Liver H&E Score.prism,Data 1,,2242.9,Day 1,2,4,1616.3
Manuscript Drafts with Results/Manuscript Final Version/Manuscript Prism Files/Fig.2 Viability Liver Bx Results/3. Manuscript Liver H&E Score.prism,Data 1,,2242.9,Day 1,3,4,1682.0
Manuscript Drafts with Results/Manuscript Final Version/Manuscript Prism Files/Fig.2 Viability Liver Bx Results/3. Manuscript Liver H&E Score.prism,Data 1,,2242.9,Day 1,4,4,1978.4
Manuscript Drafts with Results/Manuscript Final Version/Manuscript Prism Files/Fig.2 Viability Liver Bx Results/3. Manuscript Liver H&E Score.prism,Data 1,,2242.9,Day 2,1,4,2010.9
Manuscript Drafts with Results/Manuscript Final Version/Manuscript Prism Files/Fig.2 Viability Liver Bx Results/3. Manuscript Liver H&E Score.prism,Data 1,,2242.9,Day 2,2,4,1827.9
Manuscript Drafts with Results/Manuscript Final Version/Manuscript Prism Files/Fig.2 Viability Liver Bx Results/3. Manuscript Liver H&E Score.prism,Data 1,,2242.9,Day 2,3,4,1307.5
Manuscript Drafts with Results/Manuscript Final Version/Manuscript Prism Files/Fig.2 Viability Liver Bx Results/3. Manuscript Liver H&E Score.prism,Data 1,,2242.9,Day 2,4,4,2039.0
Manuscript Drafts with Results/Manuscript Final Version/Manuscript Prism Files/Fig.2 Viability Liver Bx Results/3. Manuscript Liver H&E Score.prism,Data 1,,2242.9,Day 3,1,4,1759.1
Manuscript Drafts with Results/Manuscript Final Version/Manuscript Prism Files/Fig.2 Viability Liver Bx Results/3. Manuscript Liver H&E Score.prism,Data 1,,2242.9,Day 3,2,4,1781.1
Manuscript Drafts with Results/Manuscript Final Version/Manuscript Prism Files/Fig.2 Viability Liver Bx Results/3. Manuscript Liver H&E Score.prism,Data 1,,2242.9,Day 3,3,4,1623.0
Manuscript Drafts with Results/Manuscript Final Version/Manuscript Prism Files/Fig.2 Viability Liver Bx Results/3. Manuscript Liver H&E Score.prism,Data 1,,2242.9,Day 3,4,4,1269.5
Manuscript Drafts with Results/Manuscript Final Version/Manuscript Prism Files/Fig.2 Viability Liver Bx Results/3. Manuscript Liver H&E Score.prism,Data 1,,2242.9,Day 5,1,4,1344.5
Manuscript Drafts with Results/Manuscript Final Version/Manuscript Prism Files/Fig.2 Viability Liver Bx Results/3. Manuscript Liver H&E Score.prism,Data 1,,2242.9,Day 5,2,4,1641.9
Manuscript Drafts with Results/Manuscript Final Version/Manuscript Prism Files/Fig.2 Viability Liver Bx Results/3. Manuscript Liver H&E Score.prism,Data 1,,2242.9,Day 5,3,4,1076.6
Manuscript Drafts with Results/Manuscript Final Version/Manuscript Prism Files/Fig.2 Viability Liver Bx Results/4. Liver Biopsy IHC Score.prism,Data 1,,Day 1,"{'string': 'Cleaved Caspase-3', 'version': 1, 'formatting': [{'range': '0~16', 'attributes': {'horizontalAlignment': 'left'}}]}",1,4,3.8
Manuscript Drafts with Results/Manuscript Final Version/Manuscript Prism Files/Fig.2 Viability Liver Bx Results/4. Liver Biopsy IHC Score.prism,Data 1,,Day 1,"{'string': 'Cleaved Caspase-3', 'version': 1, 'formatting': [{'range': '0~16', 'attributes': {'horizontalAlignment': 'left'}}]}",2,4,1.8
Manuscript Drafts with Results/Manuscript Final Version/Manuscript Prism Files/Fig.2 Viability Liver Bx Results/4. Liver Biopsy IHC Score.prism,Data 1,,Day 1,"{'string': 'Cleaved Caspase-3', 'version': 1, 'formatting': [{'range': '0~16', 'attributes': {'horizontalAlignment': 'left'}}]}",3,4,2.0
Manuscript Drafts with Results/Manuscript Final Version/Manuscript Prism Files/Fig.2 Viability Liver Bx Results/4. Liver Biopsy IHC Score.prism,Data 1,,Day 1,"{'string': 'Cleaved Caspase-3', 'version': 1, 'formatting': [{'range': '0~16', 'attributes': {'horizontalAlignment': 'left'}}]}",4,4,2.6
Manuscript Drafts with Results/Manuscript Final Version/Manuscript Prism Files/Fig.2 Viability Liver Bx Results/4. Liver Biopsy IHC Score.prism,Data 1,,Day 1,Ki-67,1,4,1.2
Manuscript Drafts with Results/Manuscript Final Version/Manuscript Prism Files/Fig.2 Viability Liver Bx Results/4. Liver Biopsy IHC Score.prism,Data 1,,Day 1,Ki-67,2,4,1.4
Manuscript Drafts with Results/Manuscript Final Version/Manuscript Prism Files/Fig.2 Viability Liver Bx Results/4. Liver Biopsy IHC Score.prism,Data 1,,Day 1,Ki-67,3,4,0.9
Manuscript Drafts with Results/Manuscript Final Version/Manuscript Prism Files/Fig.2 Viability Liver Bx Results/4. Liver Biopsy IHC Score.prism,Data 1,,Day 1,Ki-67,4,4,1.0
Manuscript Drafts with Results/Manuscript Final Version/Manuscript Prism Files/Fig.2 Viability Liver Bx Results/4. Liver Biopsy IHC Score.prism,Data 1,,Day 1,"{'string': 'CD-45', 'version': 1, 'formatting': [{'range': '0~4', 'attributes': {'horizontalAlignment': 'left'}}]}",1,4,11.6
Manuscript Drafts with Results/Manuscript Final Version/Manuscript Prism Files/Fig.2 Viability Liver Bx Results/4. Liver Biopsy IHC Score.prism,Data 1,,Day 1,"{'string': 'CD-45', 'version': 1, 'formatting': [{'range': '0~4', 'attributes': {'horizontalAlignment': 'left'}}]}",2,4,16.0
Manuscript Drafts with Results/Manuscript Final Version/Manuscript Prism Files/Fig.2 Viability Liver Bx Results/4. Liver Biopsy IHC Score.prism,Data 1,,Day 1,"{'string': 'CD-45', 'version': 1, 'formatting': [{'range': '0~4', 'attributes': {'horizontalAlignment': 'left'}}]}",3,4,11.0
Manuscript Drafts with Results/Manuscript Final Version/Manuscript Prism Files/Fig.2 Viability Liver Bx Results/4. Liver Biopsy IHC Score.prism,Data 1,,Day 1,"{'string': 'CD-45', 'version': 1, 'formatting': [{'range': '0~4', 'attributes': {'horizontalAlignment': 'left'}}]}",4,4,13.6
Manuscript Drafts with Results/Manuscript Final Version/Manuscript Prism Files/Fig.2 Viability Liver Bx Results/4. Liver Biopsy IHC Score.prism,Data 1,,Day 1,"{'string': 'EpCAM', 'version': 1, 'formatting': [{'range': '0~4', 'attributes': {'horizontalAlignment': 'left'}}]}",1,4,1.4
Manuscript Drafts with Results/Manuscript Final Version/Manuscript Prism Files/Fig.2 Viability Liver Bx Results/4. Liver Biopsy IHC Score.prism,Data 1,,Day 1,"{'string': 'EpCAM', 'version': 1, 'formatting': [{'range': '0~4', 'attributes': {'horizontalAlignment': 'left'}}]}",2,4,1.5
Manuscript Drafts with Results/Manuscript Final Version/Manuscript Prism Files/Fig.2 Viability Liver Bx Results/4. Liver Biopsy IHC Score.prism,Data 1,,Day 1,"{'string': 'EpCAM', 'version': 1, 'formatting': [{'range': '0~4', 'attributes': {'horizontalAlignment': 'left'}}]}",3,4,2.2
Manuscript Drafts with Results/Manuscript Final Version/Manuscript Prism Files/Fig.2 Viability Liver Bx Results/4. Liver Biopsy IHC Score.prism,Data 1,,Day 1,"{'string': 'EpCAM', 'version': 1, 'formatting': [{'range': '0~4', 'attributes': {'horizontalAlignment': 'left'}}]}",4,4,1.9
Manuscript Drafts with Results/Manuscript Final Version/Manuscript Prism Files/Fig.2 Viability Liver Bx Results/4. Liver Biopsy IHC Score.prism,Data 1,,Day 3,"{'string': 'Cleaved Caspase-3', 'version': 1, 'formatting': [{'range': '0~16', 'attributes': {'horizontalAlignment': 'left'}}]}",1,4,0.5
Manuscript Drafts with Results/Manuscript Final Version/Manuscript Prism Files/Fig.2 Viability Liver Bx Results/4. Liver Biopsy IHC Score.prism,Data 1,,Day 3,"{'string': 'Cleaved Caspase-3', 'version': 1, 'formatting': [{'range': '0~16', 'attributes': {'horizontalAlignment': 'left'}}]}",2,4,0.2
Manuscript Drafts with Results/Manuscript Final Version/Manuscript Prism Files/Fig.2 Viability Liver Bx Results/4. Liver Biopsy IHC Score.prism,Data 1,,Day 3,"{'string': 'Cleaved Caspase-3', 'version': 1, 'formatting': [{'range': '0~16', 'attributes': {'horizontalAlignment': 'left'}}]}",3,4,0.4
Manuscript Drafts with Results/Manuscript Final Version/Manuscript Prism Files/Fig.2 Viability Liver Bx Results/4. Liver Biopsy IHC Score.prism,Data 1,,Day 3,"{'string': 'Cleaved Caspase-3', 'version': 1, 'formatting': [{'range': '0~16', 'attributes': {'horizontalAlignment': 'left'}}]}",4,4,0.5
Manuscript Drafts with Results/Manuscript Final Version/Manuscript Prism Files/Fig.2 Viability Liver Bx Results/4. Liver Biopsy IHC Score.prism,Data 1,,Day 3,Ki-67,1,4,1.9
Manuscript Drafts with Results/Manuscript Final Version/Manuscript Prism Files/Fig.2 Viability Liver Bx Results/4. Liver Biopsy IHC Score.prism,Data 1,,Day 3,Ki-67,2,4,1.2
Manuscript Drafts with Results/Manuscript Final Version/Manuscript Prism Files/Fig.2 Viability Liver Bx Results/4. Liver Biopsy IHC Score.prism,Data 1,,Day 3,Ki-67,3,4,2.7
Manuscript Drafts with Results/Manuscript Final Version/Manuscript Prism Files/Fig.2 Viability Liver Bx Results/4. Liver Biopsy IHC Score.prism,Data 1,,Day 3,Ki-67,4,4,1.7
Manuscript Drafts with Results/Manuscript Final Version/Manuscript Prism Files/Fig.2 Viability Liver Bx Results/4. Liver Biopsy IHC Score.prism,Data 1,,Day 3,"{'string': 'CD-45', 'version': 1, 'formatting': [{'range': '0~4', 'attributes': {'horizontalAlignment': 'left'}}]}",1,4,15.9
Manuscript Drafts with Results/Manuscript Final Version/Manuscript Prism Files/Fig.2 Viability Liver Bx Results/4. Liver Biopsy IHC Score.prism,Data 1,,Day 3,"{'string': 'CD-45', 'version': 1, 'formatting': [{'range': '0~4', 'attributes': {'horizontalAlignment': 'left'}}]}",2,4,15.8
Manuscript Drafts with Results/Manuscript Final Version/Manuscript Prism Files/Fig.2 Viability Liver Bx Results/4. Liver Biopsy IHC Score.prism,Data 1,,Day 3,"{'string': 'CD-45', 'version': 1, 'formatting': [{'range': '0~4', 'attributes': {'horizontalAlignment': 'left'}}]}",3,4,12.9
Manuscript Drafts with Results/Manuscript Final Version/Manuscript Prism Files/Fig.2 Viability Liver Bx Results/4. Liver Biopsy IHC Score.prism,Data 1,,Day 3,"{'string': 'CD-45', 'version': 1, 'formatting': [{'range': '0~4', 'attributes': {'horizontalAlignment': 'left'}}]}",4,4,11.1
Manuscript Drafts with Results/Manuscript Final Version/Manuscript Prism Files/Fig.2 Viability Liver Bx Results/4. Liver Biopsy IHC Score.prism,Data 1,,Day 3,"{'string': 'EpCAM', 'version': 1, 'formatting': [{'range': '0~4', 'attributes': {'horizontalAlignment': 'left'}}]}",1,4,4.0
Manuscript Drafts with Results/Manuscript Final Version/Manuscript Prism Files/Fig.2 Viability Liver Bx Results/4. Liver Biopsy IHC Score.prism,Data 1,,Day 3,"{'string': 'EpCAM', 'version': 1, 'formatting': [{'range': '0~4', 'attributes': {'horizontalAlignment': 'left'}}]}",2,4,0.7
Manuscript Drafts with Results/Manuscript Final Version/Manuscript Prism Files/Fig.2 Viability Liver Bx Results/4. Liver Biopsy IHC Score.prism,Data 1,,Day 3,"{'string': 'EpCAM', 'version': 1, 'formatting': [{'range': '0~4', 'attributes': {'horizontalAlignment': 'left'}}]}",3,4,3.4
Manuscript Drafts with Results/Manuscript Final Version/Manuscript Prism Files/Fig.2 Viability Liver Bx Results/4. Liver Biopsy IHC Score.prism,Data 1,,Day 3,"{'string': 'EpCAM', 'version': 1, 'formatting': [{'range': '0~4', 'attributes': {'horizontalAlignment': 'left'}}]}",4,4,0.9
Manuscript Drafts with Results/Manuscript Final Version/Manuscript Prism Files/Fig.3 Chemo Treat Liver Bx Results/1. Liver Biopsy 6 MTS assay.prism,Data 2,,24hrs,DMSO,1,1,1.115
Manuscript Drafts with Results/Manuscript Final Version/Manuscript Prism Files/Fig.3 Chemo Treat Liver Bx Results/1. Liver Biopsy 6 MTS assay.prism,Data 2,,24hrs,Folfirinox,1,1,0.165
Manuscript Drafts with Results/Manuscript Final Version/Manuscript Prism Files/Fig.3 Chemo Treat Liver Bx Results/1. Liver Biopsy 6 MTS assay.prism,Data 2,,24hrs,Trametinib,1,1,0.969
Manuscript Drafts with Results/Manuscript Final Version/Manuscript Prism Files/Fig.3 Chemo Treat Liver Bx Results/1. Liver Biopsy 6 MTS assay.prism,Data 2,,24hrs,Vemurafinib,1,1,1.125
Manuscript Drafts with Results/Manuscript Final Version/Manuscript Prism Files/Fig.3 Chemo Treat Liver Bx Results/1. Liver Biopsy 6 MTS assay.prism,Data 2,,48hrs,DMSO,1,1,0.865
Manuscript Drafts with Results/Manuscript Final Version/Manuscript Prism Files/Fig.3 Chemo Treat Liver Bx Results/1. Liver Biopsy 6 MTS assay.prism,Data 2,,48hrs,Folfirinox,1,1,0.045
Manuscript Drafts with Results/Manuscript Final Version/Manuscript Prism Files/Fig.3 Chemo Treat Liver Bx Results/1. Liver Biopsy 6 MTS assay.prism,Data 2,,48hrs,Trametinib,1,1,0.168
Manuscript Drafts with Results/Manuscript Final Version/Manuscript Prism Files/Fig.3 Chemo Treat Liver Bx Results/1. Liver Biopsy 6 MTS assay.prism,Data 2,,48hrs,Vemurafinib,1,1,0.79
Manuscript Drafts with Results/Manuscript Final Version/Manuscript Prism Files/Fig.3 Chemo Treat Liver Bx Results/1. Liver Biopsy 6 MTS assay.prism,48h w/o vem,,48hrs,DMSO,1,1,0.865
Manuscript Drafts with Results/Manuscript Final Version/Manuscript Prism Files/Fig.3 Chemo Treat Liver Bx Results/1. Liver Biopsy 6 MTS assay.prism,48h w/o vem,,48hrs,Folfirinox,1,1,0.045
Manuscript Drafts with Results/Manuscript Final Version/Manuscript Prism Files/Fig.3 Chemo Treat Liver Bx Results/1. Liver Biopsy 6 MTS assay.prism,48h w/o vem,,48hrs,Trametinib,1,1,0.168
Manuscript Drafts with Results/Manuscript Final Version/Manuscript Prism Files/Fig.3 Chemo Treat Liver Bx Results/2. Manuscript Liver.Bx7 H&E score.prism,Data 1,,1581.5,DMSO,1,4,1462.3
Manuscript Drafts with Results/Manuscript Final Version/Manuscript Prism Files/Fig.3 Chemo Treat Liver Bx Results/2. Manuscript Liver.Bx7 H&E score.prism,Data 1,,1581.5,DMSO,2,4,1509.5
Manuscript Drafts with Results/Manuscript Final Version/Manuscript Prism Files/Fig.3 Chemo Treat Liver Bx Results/2. Manuscript Liver.Bx7 H&E score.prism,Data 1,,1581.5,DMSO,3,4,1521.0
Manuscript Drafts with Results/Manuscript Final Version/Manuscript Prism Files/Fig.3 Chemo Treat Liver Bx Results/2. Manuscript Liver.Bx7 H&E score.prism,Data 1,,1581.5,DMSO,4,4,876.9
Manuscript Drafts with Results/Manuscript Final Version/Manuscript Prism Files/Fig.3 Chemo Treat Liver Bx Results/2. Manuscript Liver.Bx7 H&E score.prism,Data 1,,1581.5,"{'string': 'Folfirinox', 'version': 1, 'formatting': [{'range': '0~9', 'attributes': {'horizontalAlignment': 'left'}}]}",1,4,730.7
Manuscript Drafts with Results/Manuscript Final Version/Manuscript Prism Files/Fig.3 Chemo Treat Liver Bx Results/2. Manuscript Liver.Bx7 H&E score.prism,Data 1,,1581.5,"{'string': 'Folfirinox', 'version': 1, 'formatting': [{'range': '0~9', 'attributes': {'horizontalAlignment': 'left'}}]}",2,4,645.1
Manuscript Drafts with Results/Manuscript Final Version/Manuscript Prism Files/Fig.3 Chemo Treat Liver Bx Results/2. Manuscript Liver.Bx7 H&E score.prism,Data 1,,1581.5,"{'string': 'Folfirinox', 'version': 1, 'formatting': [{'range': '0~9', 'attributes': {'horizontalAlignment': 'left'}}]}",3,4,862.7
Manuscript Drafts with Results/Manuscript Final Version/Manuscript Prism Files/Fig.3 Chemo Treat Liver Bx Results/2. Manuscript Liver.Bx7 H&E score.prism,Data 1,,1581.5,"{'string': 'Folfirinox', 'version': 1, 'formatting': [{'range': '0~9', 'attributes': {'horizontalAlignment': 'left'}}]}",4,4,1290.7
Manuscript Drafts with Results/Manuscript Final Version/Manuscript Prism Files/Fig.3 Chemo Treat Liver Bx Results/2. Manuscript Liver.Bx7 H&E score.prism,Data 1,,1581.5,"{'string': 'Trametinib', 'version': 1, 'formatting': [{'range': '0~9', 'attributes': {'horizontalAlignment': 'left'}}]}",1,4,882.1
Manuscript Drafts with Results/Manuscript Final Version/Manuscript Prism Files/Fig.3 Chemo Treat Liver Bx Results/2. Manuscript Liver.Bx7 H&E score.prism,Data 1,,1581.5,"{'string': 'Trametinib', 'version': 1, 'formatting': [{'range': '0~9', 'attributes': {'horizontalAlignment': 'left'}}]}",2,4,905.7
Manuscript Drafts with Results/Manuscript Final Version/Manuscript Prism Files/Fig.3 Chemo Treat Liver Bx Results/2. Manuscript Liver.Bx7 H&E score.prism,Data 1,,1581.5,"{'string': 'Trametinib', 'version': 1, 'formatting': [{'range': '0~9', 'attributes': {'horizontalAlignment': 'left'}}]}",3,4,957.7
Manuscript Drafts with Results/Manuscript Final Version/Manuscript Prism Files/Fig.3 Chemo Treat Liver Bx Results/2. Manuscript Liver.Bx7 H&E score.prism,Data 1,,1581.5,"{'string': 'Trametinib', 'version': 1, 'formatting': [{'range': '0~9', 'attributes': {'horizontalAlignment': 'left'}}]}",4,4,1498.4
Manuscript Drafts with Results/Manuscript Final Version/Manuscript Prism Files/Fig.3 Chemo Treat Liver Bx Results/2. Manuscript Liver.Bx7 H&E score.prism,Data 1,,1581.5,"{'string': 'Vemurafinib', 'version': 1, 'formatting': [{'range': '0~10', 'attributes': {'horizontalAlignment': 'left'}}]}",1,4,1815.1
Manuscript Drafts with Results/Manuscript Final Version/Manuscript Prism Files/Fig.3 Chemo Treat Liver Bx Results/2. Manuscript Liver.Bx7 H&E score.prism,Data 1,,1581.5,"{'string': 'Vemurafinib', 'version': 1, 'formatting': [{'range': '0~10', 'attributes': {'horizontalAlignment': 'left'}}]}",2,4,1624.2
Manuscript Drafts with Results/Manuscript Final Version/Manuscript Prism Files/Fig.3 Chemo Treat Liver Bx Results/2. Manuscript Liver.Bx7 H&E score.prism,Data 1,,1581.5,"{'string': 'Vemurafinib', 'version': 1, 'formatting': [{'range': '0~10', 'attributes': {'horizontalAlignment': 'left'}}]}",3,4,1484.6
Manuscript Drafts with Results/Manuscript Final Version/Manuscript Prism Files/Fig.3 Chemo Treat Liver Bx Results/3. Manuscript Liver IHC CC3.prism,Data 1,,DMSO,DMSO,1,4,2.1
Manuscript Drafts with Results/Manuscript Final Version/Manuscript Prism Files/Fig.3 Chemo Treat Liver Bx Results/3. Manuscript Liver IHC CC3.prism,Data 1,,DMSO,DMSO,2,4,1.8
Manuscript Drafts with Results/Manuscript Final Version/Manuscript Prism Files/Fig.3 Chemo Treat Liver Bx Results/3. Manuscript Liver IHC CC3.prism,Data 1,,DMSO,DMSO,3,4,2.4
Manuscript Drafts with Results/Manuscript Final Version/Manuscript Prism Files/Fig.3 Chemo Treat Liver Bx Results/3. Manuscript Liver IHC CC3.prism,Data 1,,DMSO,DMSO,4,4,1.5
Manuscript Drafts with Results/Manuscript Final Version/Manuscript Prism Files/Fig.3 Chemo Treat Liver Bx Results/3. Manuscript Liver IHC CC3.prism,Data 1,,DMSO,"{'string': 'Folfirinox', 'version': 1, 'formatting': [{'range': '0~9', 'attributes': {'horizontalAlignment': 'left'}}]}",1,4,2.1
Manuscript Drafts with Results/Manuscript Final Version/Manuscript Prism Files/Fig.3 Chemo Treat Liver Bx Results/3. Manuscript Liver IHC CC3.prism,Data 1,,DMSO,"{'string': 'Folfirinox', 'version': 1, 'formatting': [{'range': '0~9', 'attributes': {'horizontalAlignment': 'left'}}]}",2,4,3.3
Manuscript Drafts with Results/Manuscript Final Version/Manuscript Prism Files/Fig.3 Chemo Treat Liver Bx Results/3. Manuscript Liver IHC CC3.prism,Data 1,,DMSO,"{'string': 'Folfirinox', 'version': 1, 'formatting': [{'range': '0~9', 'attributes': {'horizontalAlignment': 'left'}}]}",3,4,1.6
Manuscript Drafts with Results/Manuscript Final Version/Manuscript Prism Files/Fig.3 Chemo Treat Liver Bx Results/3. Manuscript Liver IHC CC3.prism,Data 1,,DMSO,"{'string': 'Folfirinox', 'version': 1, 'formatting': [{'range': '0~9', 'attributes': {'horizontalAlignment': 'left'}}]}",4,4,1.6
Manuscript Drafts with Results/Manuscript Final Version/Manuscript Prism Files/Fig.3 Chemo Treat Liver Bx Results/3. Manuscript Liver IHC CC3.prism,Data 1,,DMSO,"{'string': 'Trametinib', 'version': 1, 'formatting': [{'range': '0~9', 'attributes': {'horizontalAlignment': 'left'}}]}",1,4,7.0
Manuscript Drafts with Results/Manuscript Final Version/Manuscript Prism Files/Fig.3 Chemo Treat Liver Bx Results/3. Manuscript Liver IHC CC3.prism,Data 1,,DMSO,"{'string': 'Trametinib', 'version': 1, 'formatting': [{'range': '0~9', 'attributes': {'horizontalAlignment': 'left'}}]}",2,4,13.8
Manuscript Drafts with Results/Manuscript Final Version/Manuscript Prism Files/Fig.3 Chemo Treat Liver Bx Results/3. Manuscript Liver IHC CC3.prism,Data 1,,DMSO,"{'string': 'Trametinib', 'version': 1, 'formatting': [{'range': '0~9', 'attributes': {'horizontalAlignment': 'left'}}]}",3,4,9.0
Manuscript Drafts with Results/Manuscript Final Version/Manuscript Prism Files/Fig.3 Chemo Treat Liver Bx Results/3. Manuscript Liver IHC CC3.prism,Data 1,,DMSO,"{'string': 'Trametinib', 'version': 1, 'formatting': [{'range': '0~9', 'attributes': {'horizontalAlignment': 'left'}}]}",4,4,16.8
Manuscript Drafts with Results/Manuscript Final Version/Manuscript Prism Files/Fig.3 Chemo Treat Liver Bx Results/3. Manuscript Liver IHC CC3.prism,Data 1,,DMSO,"{'string': 'Vemurafinib', 'version': 1, 'formatting': [{'range': '0~10', 'attributes': {'horizontalAlignment': 'left'}}]}",1,4,0.7
Manuscript Drafts with Results/Manuscript Final Version/Manuscript Prism Files/Fig.3 Chemo Treat Liver Bx Results/3. Manuscript Liver IHC CC3.prism,Data 1,,DMSO,"{'string': 'Vemurafinib', 'version': 1, 'formatting': [{'range': '0~10', 'attributes': {'horizontalAlignment': 'left'}}]}",2,4,0.6
Manuscript Drafts with Results/Manuscript Final Version/Manuscript Prism Files/Fig.3 Chemo Treat Liver Bx Results/3. Manuscript Liver IHC CC3.prism,Data 1,,DMSO,"{'string': 'Vemurafinib', 'version': 1, 'formatting': [{'range': '0~10', 'attributes': {'horizontalAlignment': 'left'}}]}",3,4,1.0
Manuscript Drafts with Results/Manuscript Final Version/Manuscript Prism Files/Fig.3 Chemo Treat Liver Bx Results/3. Manuscript Liver IHC CC3.prism,Data 1,,DMSO,"{'string': 'Vemurafinib', 'version': 1, 'formatting': [{'range': '0~10', 'attributes': {'horizontalAlignment': 'left'}}]}",4,4,0.2
Manuscript Drafts with Results/Manuscript Final Version/Manuscript Prism Files/Fig.3 Chemo Treat Liver Bx Results/3. Manuscript Liver IHC CC3.prism,w/o vem,,DMSO,DMSO,1,4,2.1
Manuscript Drafts with Results/Manuscript Final Version/Manuscript Prism Files/Fig.3 Chemo Treat Liver Bx Results/3. Manuscript Liver IHC CC3.prism,w/o vem,,DMSO,DMSO,2,4,1.8
Manuscript Drafts with Results/Manuscript Final Version/Manuscript Prism Files/Fig.3 Chemo Treat Liver Bx Results/3. Manuscript Liver IHC CC3.prism,w/o vem,,DMSO,DMSO,3,4,2.4
Manuscript Drafts with Results/Manuscript Final Version/Manuscript Prism Files/Fig.3 Chemo Treat Liver Bx Results/3. Manuscript Liver IHC CC3.prism,w/o vem,,DMSO,DMSO,4,4,1.5
Manuscript Drafts with Results/Manuscript Final Version/Manuscript Prism Files/Fig.3 Chemo Treat Liver Bx Results/3. Manuscript Liver IHC CC3.prism,w/o vem,,DMSO,"{'string': 'Folfirinox', 'version': 1, 'formatting': [{'range': '0~9', 'attributes': {'horizontalAlignment': 'left'}}]}",1,4,2.1
Manuscript Drafts with Results/Manuscript Final Version/Manuscript Prism Files/Fig.3 Chemo Treat Liver Bx Results/3. Manuscript Liver IHC CC3.prism,w/o vem,,DMSO,"{'string': 'Folfirinox', 'version': 1, 'formatting': [{'range': '0~9', 'attributes': {'horizontalAlignment': 'left'}}]}",2,4,3.3
Manuscript Drafts with Results/Manuscript Final Version/Manuscript Prism Files/Fig.3 Chemo Treat Liver Bx Results/3. Manuscript Liver IHC CC3.prism,w/o vem,,DMSO,"{'string': 'Folfirinox', 'version': 1, 'formatting': [{'range': '0~9', 'attributes': {'horizontalAlignment': 'left'}}]}",3,4,1.6
Manuscript Drafts with Results/Manuscript Final Version/Manuscript Prism Files/Fig.3 Chemo Treat Liver Bx Results/3. Manuscript Liver IHC CC3.prism,w/o vem,,DMSO,"{'string': 'Folfirinox', 'version': 1, 'formatting': [{'range': '0~9', 'attributes': {'horizontalAlignment': 'left'}}]}",4,4,1.6
Manuscript Drafts with Results/Manuscript Final Version/Manuscript Prism Files/Fig.3 Chemo Treat Liver Bx Results/3. Manuscript Liver IHC CC3.prism,w/o vem,,DMSO,"{'string': 'Trametinib', 'version': 1, 'formatting': [{'range': '0~9', 'attributes': {'horizontalAlignment': 'left'}}]}",1,4,7.0
Manuscript Drafts with Results/Manuscript Final Version/Manuscript Prism Files/Fig.3 Chemo Treat Liver Bx Results/3. Manuscript Liver IHC CC3.prism,w/o vem,,DMSO,"{'string': 'Trametinib', 'version': 1, 'formatting': [{'range': '0~9', 'attributes': {'horizontalAlignment': 'left'}}]}",2,4,13.8
Manuscript Drafts with Results/Manuscript Final Version/Manuscript Prism Files/Fig.3 Chemo Treat Liver Bx Results/3. Manuscript Liver IHC CC3.prism,w/o vem,,DMSO,"{'string': 'Trametinib', 'version': 1, 'formatting': [{'range': '0~9', 'attributes': {'horizontalAlignment': 'left'}}]}",3,4,9.0
Manuscript Drafts with Results/Manuscript Final Version/Manuscript Prism Files/Fig.3 Chemo Treat Liver Bx Results/3. Manuscript Liver IHC CC3.prism,w/o vem,,DMSO,"{'string': 'Trametinib', 'version': 1, 'formatting': [{'range': '0~9', 'attributes': {'horizontalAlignment': 'left'}}]}",4,4,16.8
Manuscript Drafts with Results/Manuscript Final Version/Manuscript Prism Files/Fig.3 Chemo Treat Liver Bx Results/4. Manuscript Liver IHC Ki67.prism,Data 1,,36.6,DMSO,1,4,36.6
Manuscript Drafts with Results/Manuscript Final Version/Manuscript Prism Files/Fig.3 Chemo Treat Liver Bx Results/4. Manuscript Liver IHC Ki67.prism,Data 1,,36.6,DMSO,2,4,29.9
Manuscript Drafts with Results/Manuscript Final Version/Manuscript Prism Files/Fig.3 Chemo Treat Liver Bx Results/4. Manuscript Liver IHC Ki67.prism,Data 1,,36.6,DMSO,3,4,44.8
Manuscript Drafts with Results/Manuscript Final Version/Manuscript Prism Files/Fig.3 Chemo Treat Liver Bx Results/4. Manuscript Liver IHC Ki67.prism,Data 1,,36.6,DMSO,4,4,1.1
Manuscript Drafts with Results/Manuscript Final Version/Manuscript Prism Files/Fig.3 Chemo Treat Liver Bx Results/4. Manuscript Liver IHC Ki67.prism,Data 1,,36.6,"{'string': 'Folfirinox', 'version': 1, 'formatting': [{'range': '0~9', 'attributes': {'horizontalAlignment': 'left'}}]}",1,4,0.3
Manuscript Drafts with Results/Manuscript Final Version/Manuscript Prism Files/Fig.3 Chemo Treat Liver Bx Results/4. Manuscript Liver IHC Ki67.prism,Data 1,,36.6,"{'string': 'Folfirinox', 'version': 1, 'formatting': [{'range': '0~9', 'attributes': {'horizontalAlignment': 'left'}}]}",2,4,0.7
Manuscript Drafts with Results/Manuscript Final Version/Manuscript Prism Files/Fig.3 Chemo Treat Liver Bx Results/4. Manuscript Liver IHC Ki67.prism,Data 1,,36.6,"{'string': 'Folfirinox', 'version': 1, 'formatting': [{'range': '0~9', 'attributes': {'horizontalAlignment': 'left'}}]}",3,4,0.3
Manuscript Drafts with Results/Manuscript Final Version/Manuscript Prism Files/Fig.3 Chemo Treat Liver Bx Results/4. Manuscript Liver IHC Ki67.prism,Data 1,,36.6,"{'string': 'Folfirinox', 'version': 1, 'formatting': [{'range': '0~9', 'attributes': {'horizontalAlignment': 'left'}}]}",4,4,15.1
Manuscript Drafts with Results/Manuscript Final Version/Manuscript Prism Files/Fig.3 Chemo Treat Liver Bx Results/4. Manuscript Liver IHC Ki67.prism,Data 1,,36.6,"{'string': 'Trametinib', 'version': 1, 'formatting': [{'range': '0~9', 'attributes': {'horizontalAlignment': 'left'}}]}",1,4,3.8
Manuscript Drafts with Results/Manuscript Final Version/Manuscript Prism Files/Fig.3 Chemo Treat Liver Bx Results/4. Manuscript Liver IHC Ki67.prism,Data 1,,36.6,"{'string': 'Trametinib', 'version': 1, 'formatting': [{'range': '0~9', 'attributes': {'horizontalAlignment': 'left'}}]}",2,4,3.0
Manuscript Drafts with Results/Manuscript Final Version/Manuscript Prism Files/Fig.3 Chemo Treat Liver Bx Results/4. Manuscript Liver IHC Ki67.prism,Data 1,,36.6,"{'string': 'Trametinib', 'version': 1, 'formatting': [{'range': '0~9', 'attributes': {'horizontalAlignment': 'left'}}]}",3,4,4.9
Manuscript Drafts with Results/Manuscript Final Version/Manuscript Prism Files/Fig.3 Chemo Treat Liver Bx Results/4. Manuscript Liver IHC Ki67.prism,Data 1,,36.6,"{'string': 'Trametinib', 'version': 1, 'formatting': [{'range': '0~9', 'attributes': {'horizontalAlignment': 'left'}}]}",4,4,20.5
Manuscript Drafts with Results/Manuscript Final Version/Manuscript Prism Files/Fig.3 Chemo Treat Liver Bx Results/4. Manuscript Liver IHC Ki67.prism,Data 1,,36.6,"{'string': 'Vemurafinib', 'version': 1, 'formatting': [{'range': '0~10', 'attributes': {'horizontalAlignment': 'left'}}]}",1,4,10.0
Manuscript Drafts with Results/Manuscript Final Version/Manuscript Prism Files/Fig.3 Chemo Treat Liver Bx Results/4. Manuscript Liver IHC Ki67.prism,Data 1,,36.6,"{'string': 'Vemurafinib', 'version': 1, 'formatting': [{'range': '0~10', 'attributes': {'horizontalAlignment': 'left'}}]}",2,4,7.5
Manuscript Drafts with Results/Manuscript Final Version/Manuscript Prism Files/Fig.3 Chemo Treat Liver Bx Results/4. Manuscript Liver IHC Ki67.prism,Data 1,,36.6,"{'string': 'Vemurafinib', 'version': 1, 'formatting': [{'range': '0~10', 'attributes': {'horizontalAlignment': 'left'}}]}",3,4,11.8
Manuscript Drafts with Results/Manuscript Final Version/Manuscript Prism Files/Fig.3 Chemo Treat Liver Bx Results/4. Manuscript Liver IHC Ki67.prism,w/o vem,,36.6,DMSO,1,4,36.6
Manuscript Drafts with Results/Manuscript Final Version/Manuscript Prism Files/Fig.3 Chemo Treat Liver Bx Results/4. Manuscript Liver IHC Ki67.prism,w/o vem,,36.6,DMSO,2,4,29.9
Manuscript Drafts with Results/Manuscript Final Version/Manuscript Prism Files/Fig.3 Chemo Treat Liver Bx Results/4. Manuscript Liver IHC Ki67.prism,w/o vem,,36.6,DMSO,3,4,44.8
Manuscript Drafts with Results/Manuscript Final Version/Manuscript Prism Files/Fig.3 Chemo Treat Liver Bx Results/4. Manuscript Liver IHC Ki67.prism,w/o vem,,36.6,DMSO,4,4,1.1
Manuscript Drafts with Results/Manuscript Final Version/Manuscript Prism Files/Fig.3 Chemo Treat Liver Bx Results/4. Manuscript Liver IHC Ki67.prism,w/o vem,,36.6,"{'string': 'Folfirinox', 'version': 1, 'formatting': [{'range': '0~9', 'attributes': {'horizontalAlignment': 'left'}}]}",1,4,0.3
Manuscript Drafts with Results/Manuscript Final Version/Manuscript Prism Files/Fig.3 Chemo Treat Liver Bx Results/4. Manuscript Liver IHC Ki67.prism,w/o vem,,36.6,"{'string': 'Folfirinox', 'version': 1, 'formatting': [{'range': '0~9', 'attributes': {'horizontalAlignment': 'left'}}]}",2,4,0.7
Manuscript Drafts with Results/Manuscript Final Version/Manuscript Prism Files/Fig.3 Chemo Treat Liver Bx Results/4. Manuscript Liver IHC Ki67.prism,w/o vem,,36.6,"{'string': 'Folfirinox', 'version': 1, 'formatting': [{'range': '0~9', 'attributes': {'horizontalAlignment': 'left'}}]}",3,4,0.3
Manuscript Drafts with Results/Manuscript Final Version/Manuscript Prism Files/Fig.3 Chemo Treat Liver Bx Results/4. Manuscript Liver IHC Ki67.prism,w/o vem,,36.6,"{'string': 'Folfirinox', 'version': 1, 'formatting': [{'range': '0~9', 'attributes': {'horizontalAlignment': 'left'}}]}",4,4,15.1
Manuscript Drafts with Results/Manuscript Final Version/Manuscript Prism Files/Fig.3 Chemo Treat Liver Bx Results/4. Manuscript Liver IHC Ki67.prism,w/o vem,,36.6,"{'string': 'Trametinib', 'version': 1, 'formatting': [{'range': '0~9', 'attributes': {'horizontalAlignment': 'left'}}]}",1,4,3.8
Manuscript Drafts with Results/Manuscript Final Version/Manuscript Prism Files/Fig.3 Chemo Treat Liver Bx Results/4. Manuscript Liver IHC Ki67.prism,w/o vem,,36.6,"{'string': 'Trametinib', 'version': 1, 'formatting': [{'range': '0~9', 'attributes': {'horizontalAlignment': 'left'}}]}",2,4,3.0
Manuscript Drafts with Results/Manuscript Final Version/Manuscript Prism Files/Fig.3 Chemo Treat Liver Bx Results/4. Manuscript Liver IHC Ki67.prism,w/o vem,,36.6,"{'string': 'Trametinib', 'version': 1, 'formatting': [{'range': '0~9', 'attributes': {'horizontalAlignment': 'left'}}]}",3,4,4.9
Manuscript Drafts with Results/Manuscript Final Version/Manuscript Prism Files/Fig.3 Chemo Treat Liver Bx Results/5. Manuscript Liver IHC CD45.prism,Data 1,,15.7,DMSO,1,4,17.7
Manuscript Drafts with Results/Manuscript Final Version/Manuscript Prism Files/Fig.3 Chemo Treat Liver Bx Results/5. Manuscript Liver IHC CD45.prism,Data 1,,15.7,DMSO,2,4,22.2
Manuscript Drafts with Results/Manuscript Final Version/Manuscript Prism Files/Fig.3 Chemo Treat Liver Bx Results/5. Manuscript Liver IHC CD45.prism,Data 1,,15.7,DMSO,3,4,18.8
Manuscript Drafts with Results/Manuscript Final Version/Manuscript Prism Files/Fig.3 Chemo Treat Liver Bx Results/5. Manuscript Liver IHC CD45.prism,Data 1,,15.7,DMSO,4,4,7.9
Manuscript Drafts with Results/Manuscript Final Version/Manuscript Prism Files/Fig.3 Chemo Treat Liver Bx Results/5. Manuscript Liver IHC CD45.prism,Data 1,,15.7,"{'string': 'Folfirinox', 'version': 1, 'formatting': [{'range': '0~9', 'attributes': {'horizontalAlignment': 'left'}}]}",1,4,7.0
Manuscript Drafts with Results/Manuscript Final Version/Manuscript Prism Files/Fig.3 Chemo Treat Liver Bx Results/5. Manuscript Liver IHC CD45.prism,Data 1,,15.7,"{'string': 'Folfirinox', 'version': 1, 'formatting': [{'range': '0~9', 'attributes': {'horizontalAlignment': 'left'}}]}",2,4,4.1
Manuscript Drafts with Results/Manuscript Final Version/Manuscript Prism Files/Fig.3 Chemo Treat Liver Bx Results/5. Manuscript Liver IHC CD45.prism,Data 1,,15.7,"{'string': 'Folfirinox', 'version': 1, 'formatting': [{'range': '0~9', 'attributes': {'horizontalAlignment': 'left'}}]}",3,4,5.3
Manuscript Drafts with Results/Manuscript Final Version/Manuscript Prism Files/Fig.3 Chemo Treat Liver Bx Results/5. Manuscript Liver IHC CD45.prism,Data 1,,15.7,"{'string': 'Folfirinox', 'version': 1, 'formatting': [{'range': '0~9', 'attributes': {'horizontalAlignment': 'left'}}]}",4,4,33.8
Manuscript Drafts with Results/Manuscript Final Version/Manuscript Prism Files/Fig.3 Chemo Treat Liver Bx Results/5. Manuscript Liver IHC CD45.prism,Data 1,,15.7,"{'string': 'Trametinib', 'version': 1, 'formatting': [{'range': '0~9', 'attributes': {'horizontalAlignment': 'left'}}]}",1,4,57.3
Manuscript Drafts with Results/Manuscript Final Version/Manuscript Prism Files/Fig.3 Chemo Treat Liver Bx Results/5. Manuscript Liver IHC CD45.prism,Data 1,,15.7,"{'string': 'Trametinib', 'version': 1, 'formatting': [{'range': '0~9', 'attributes': {'horizontalAlignment': 'left'}}]}",2,4,36.6
Manuscript Drafts with Results/Manuscript Final Version/Manuscript Prism Files/Fig.3 Chemo Treat Liver Bx Results/5. Manuscript Liver IHC CD45.prism,Data 1,,15.7,"{'string': 'Trametinib', 'version': 1, 'formatting': [{'range': '0~9', 'attributes': {'horizontalAlignment': 'left'}}]}",3,4,41.0
Manuscript Drafts with Results/Manuscript Final Version/Manuscript Prism Files/Fig.3 Chemo Treat Liver Bx Results/5. Manuscript Liver IHC CD45.prism,Data 1,,15.7,"{'string': 'Trametinib', 'version': 1, 'formatting': [{'range': '0~9', 'attributes': {'horizontalAlignment': 'left'}}]}",4,4,13.4
Manuscript Drafts with Results/Manuscript Final Version/Manuscript Prism Files/Fig.3 Chemo Treat Liver Bx Results/5. Manuscript Liver IHC CD45.prism,Data 1,,15.7,"{'string': 'Vemurafinib', 'version': 1, 'formatting': [{'range': '0~10', 'attributes': {'horizontalAlignment': 'left'}}]}",1,4,25.9
Manuscript Drafts with Results/Manuscript Final Version/Manuscript Prism Files/Fig.3 Chemo Treat Liver Bx Results/5. Manuscript Liver IHC CD45.prism,Data 1,,15.7,"{'string': 'Vemurafinib', 'version': 1, 'formatting': [{'range': '0~10', 'attributes': {'horizontalAlignment': 'left'}}]}",2,4,24.3
Manuscript Drafts with Results/Manuscript Final Version/Manuscript Prism Files/Fig.3 Chemo Treat Liver Bx Results/5. Manuscript Liver IHC CD45.prism,Data 1,,15.7,"{'string': 'Vemurafinib', 'version': 1, 'formatting': [{'range': '0~10', 'attributes': {'horizontalAlignment': 'left'}}]}",3,4,16.9
Manuscript Drafts with Results/Manuscript Final Version/Manuscript Prism Files/Fig.3 Chemo Treat Liver Bx Results/6. Manuscript Liver IHC EpCAM.prism,Data 1,,74.2,DMSO,1,4,58.8
Manuscript Drafts with Results/Manuscript Final Version/Manuscript Prism Files/Fig.3 Chemo Treat Liver Bx Results/6. Manuscript Liver IHC EpCAM.prism,Data 1,,74.2,DMSO,2,4,62.2
Manuscript Drafts with Results/Manuscript Final Version/Manuscript Prism Files/Fig.3 Chemo Treat Liver Bx Results/6. Manuscript Liver IHC EpCAM.prism,Data 1,,74.2,DMSO,3,4,66.2
Manuscript Drafts with Results/Manuscript Final Version/Manuscript Prism Files/Fig.3 Chemo Treat Liver Bx Results/6. Manuscript Liver IHC EpCAM.prism,Data 1,,74.2,DMSO,4,4,0.3
Manuscript Drafts with Results/Manuscript Final Version/Manuscript Prism Files/Fig.3 Chemo Treat Liver Bx Results/6. Manuscript Liver IHC EpCAM.prism,Data 1,,74.2,"{'string': 'Folfirinox', 'version': 1, 'formatting': [{'range': '0~9', 'attributes': {'horizontalAlignment': 'left'}}]}",1,4,0.7
Manuscript Drafts with Results/Manuscript Final Version/Manuscript Prism Files/Fig.3 Chemo Treat Liver Bx Results/6. Manuscript Liver IHC EpCAM.prism,Data 1,,74.2,"{'string': 'Folfirinox', 'version': 1, 'formatting': [{'range': '0~9', 'attributes': {'horizontalAlignment': 'left'}}]}",2,4,1.4
Manuscript Drafts with Results/Manuscript Final Version/Manuscript Prism Files/Fig.3 Chemo Treat Liver Bx Results/6. Manuscript Liver IHC EpCAM.prism,Data 1,,74.2,"{'string': 'Folfirinox', 'version': 1, 'formatting': [{'range': '0~9', 'attributes': {'horizontalAlignment': 'left'}}]}",3,4,3.3
Manuscript Drafts with Results/Manuscript Final Version/Manuscript Prism Files/Fig.3 Chemo Treat Liver Bx Results/6. Manuscript Liver IHC EpCAM.prism,Data 1,,74.2,"{'string': 'Folfirinox', 'version': 1, 'formatting': [{'range': '0~9', 'attributes': {'horizontalAlignment': 'left'}}]}",4,4,68.1
Manuscript Drafts with Results/Manuscript Final Version/Manuscript Prism Files/Fig.3 Chemo Treat Liver Bx Results/6. Manuscript Liver IHC EpCAM.prism,Data 1,,74.2,"{'string': 'Trametinib', 'version': 1, 'formatting': [{'range': '0~9', 'attributes': {'horizontalAlignment': 'left'}}]}",1,4,77.8
Manuscript Drafts with Results/Manuscript Final Version/Manuscript Prism Files/Fig.3 Chemo Treat Liver Bx Results/6. Manuscript Liver IHC EpCAM.prism,Data 1,,74.2,"{'string': 'Trametinib', 'version': 1, 'formatting': [{'range': '0~9', 'attributes': {'horizontalAlignment': 'left'}}]}",2,4,67.3
Manuscript Drafts with Results/Manuscript Final Version/Manuscript Prism Files/Fig.3 Chemo Treat Liver Bx Results/6. Manuscript Liver IHC EpCAM.prism,Data 1,,74.2,"{'string': 'Trametinib', 'version': 1, 'formatting': [{'range': '0~9', 'attributes': {'horizontalAlignment': 'left'}}]}",3,4,66.9
Manuscript Drafts with Results/Manuscript Final Version/Manuscript Prism Files/Fig.3 Chemo Treat Liver Bx Results/6. Manuscript Liver IHC EpCAM.prism,Data 1,,74.2,"{'string': 'Trametinib', 'version': 1, 'formatting': [{'range': '0~9', 'attributes': {'horizontalAlignment': 'left'}}]}",4,4,75.5
Manuscript Drafts with Results/Manuscript Final Version/Manuscript Prism Files/Fig.3 Chemo Treat Liver Bx Results/6. Manuscript Liver IHC EpCAM.prism,Data 1,,74.2,"{'string': 'Vemurafinib', 'version': 1, 'formatting': [{'range': '0~10', 'attributes': {'horizontalAlignment': 'left'}}]}",1,4,63.8
Manuscript Drafts with Results/Manuscript Final Version/Manuscript Prism Files/Fig.3 Chemo Treat Liver Bx Results/6. Manuscript Liver IHC EpCAM.prism,Data 1,,74.2,"{'string': 'Vemurafinib', 'version': 1, 'formatting': [{'range': '0~10', 'attributes': {'horizontalAlignment': 'left'}}]}",2,4,77.5
Manuscript Drafts with Results/Manuscript Final Version/Manuscript Prism Files/Fig.3 Chemo Treat Liver Bx Results/6. Manuscript Liver IHC EpCAM.prism,Data 1,,74.2,"{'string': 'Vemurafinib', 'version': 1, 'formatting': [{'range': '0~10', 'attributes': {'horizontalAlignment': 'left'}}]}",3,4,75.9
Manuscript Drafts with Results/Manuscript Final Version/Manuscript Prism Files/Fig.4. Chemo Treat Peritoneum Bx Results/1. Manuscript Peritoneum MTS.prism,Data 1,,24hrs,"{'string': 'DMSO', 'version': 1, 'formatting': [{'range': '0~3', 'attributes': {'horizontalAlignment': 'left'}}]}",1,4,1.581
Manuscript Drafts with Results/Manuscript Final Version/Manuscript Prism Files/Fig.4. Chemo Treat Peritoneum Bx Results/1. Manuscript Peritoneum MTS.prism,Data 1,,24hrs,"{'string': 'DMSO', 'version': 1, 'formatting': [{'range': '0~3', 'attributes': {'horizontalAlignment': 'left'}}]}",2,4,1.011
Manuscript Drafts with Results/Manuscript Final Version/Manuscript Prism Files/Fig.4. Chemo Treat Peritoneum Bx Results/1. Manuscript Peritoneum MTS.prism,Data 1,,24hrs,"{'string': 'DMSO', 'version': 1, 'formatting': [{'range': '0~3', 'attributes': {'horizontalAlignment': 'left'}}]}",3,4,1.26
Manuscript Drafts with Results/Manuscript Final Version/Manuscript Prism Files/Fig.4. Chemo Treat Peritoneum Bx Results/1. Manuscript Peritoneum MTS.prism,Data 1,,24hrs,"{'string': 'DMSO', 'version': 1, 'formatting': [{'range': '0~3', 'attributes': {'horizontalAlignment': 'left'}}]}",4,4,1.039
Manuscript Drafts with Results/Manuscript Final Version/Manuscript Prism Files/Fig.4. Chemo Treat Peritoneum Bx Results/1. Manuscript Peritoneum MTS.prism,Data 1,,24hrs,"{'string': 'Folfirinox', 'version': 1, 'formatting': [{'range': '0~9', 'attributes': {'horizontalAlignment': 'left'}}]}",1,4,0.756
Manuscript Drafts with Results/Manuscript Final Version/Manuscript Prism Files/Fig.4. Chemo Treat Peritoneum Bx Results/1. Manuscript Peritoneum MTS.prism,Data 1,,24hrs,"{'string': 'Folfirinox', 'version': 1, 'formatting': [{'range': '0~9', 'attributes': {'horizontalAlignment': 'left'}}]}",2,4,0.901
Manuscript Drafts with Results/Manuscript Final Version/Manuscript Prism Files/Fig.4. Chemo Treat Peritoneum Bx Results/1. Manuscript Peritoneum MTS.prism,Data 1,,24hrs,"{'string': 'Folfirinox', 'version': 1, 'formatting': [{'range': '0~9', 'attributes': {'horizontalAlignment': 'left'}}]}",3,4,1.12
Manuscript Drafts with Results/Manuscript Final Version/Manuscript Prism Files/Fig.4. Chemo Treat Peritoneum Bx Results/1. Manuscript Peritoneum MTS.prism,Data 1,,24hrs,"{'string': 'Folfirinox', 'version': 1, 'formatting': [{'range': '0~9', 'attributes': {'horizontalAlignment': 'left'}}]}",4,4,1.649
Manuscript Drafts with Results/Manuscript Final Version/Manuscript Prism Files/Fig.4. Chemo Treat Peritoneum Bx Results/1. Manuscript Peritoneum MTS.prism,Data 1,,24hrs,Gem/Nab-p,1,4,0.951
Manuscript Drafts with Results/Manuscript Final Version/Manuscript Prism Files/Fig.4. Chemo Treat Peritoneum Bx Results/1. Manuscript Peritoneum MTS.prism,Data 1,,24hrs,Gem/Nab-p,2,4,1.74
Manuscript Drafts with Results/Manuscript Final Version/Manuscript Prism Files/Fig.4. Chemo Treat Peritoneum Bx Results/1. Manuscript Peritoneum MTS.prism,Data 1,,24hrs,Gem/Nab-p,3,4,1.225
Manuscript Drafts with Results/Manuscript Final Version/Manuscript Prism Files/Fig.4. Chemo Treat Peritoneum Bx Results/1. Manuscript Peritoneum MTS.prism,Data 1,,24hrs,Gem/Nab-p,4,4,1.35
Manuscript Drafts with Results/Manuscript Final Version/Manuscript Prism Files/Fig.4. Chemo Treat Peritoneum Bx Results/1. Manuscript Peritoneum MTS.prism,Data 1,,24hrs,RMC-7977,1,4,1.277
Manuscript Drafts with Results/Manuscript Final Version/Manuscript Prism Files/Fig.4. Chemo Treat Peritoneum Bx Results/1. Manuscript Peritoneum MTS.prism,Data 1,,24hrs,RMC-7977,2,4,1.581
Manuscript Drafts with Results/Manuscript Final Version/Manuscript Prism Files/Fig.4. Chemo Treat Peritoneum Bx Results/1. Manuscript Peritoneum MTS.prism,Data 1,,24hrs,RMC-7977,3,4,1.79
Manuscript Drafts with Results/Manuscript Final Version/Manuscript Prism Files/Fig.4. Chemo Treat Peritoneum Bx Results/1. Manuscript Peritoneum MTS.prism,Data 1,,24hrs,RMC-7977,4,4,0.678
Manuscript Drafts with Results/Manuscript Final Version/Manuscript Prism Files/Fig.4. Chemo Treat Peritoneum Bx Results/1. Manuscript Peritoneum MTS.prism,Data 1,,24hrs,STS,1,4,1.589
Manuscript Drafts with Results/Manuscript Final Version/Manuscript Prism Files/Fig.4. Chemo Treat Peritoneum Bx Results/1. Manuscript Peritoneum MTS.prism,Data 1,,24hrs,STS,2,4,1.636
Manuscript Drafts with Results/Manuscript Final Version/Manuscript Prism Files/Fig.4. Chemo Treat Peritoneum Bx Results/1. Manuscript Peritoneum MTS.prism,Data 1,,24hrs,STS,3,4,1.021
Manuscript Drafts with Results/Manuscript Final Version/Manuscript Prism Files/Fig.4. Chemo Treat Peritoneum Bx Results/1. Manuscript Peritoneum MTS.prism,Data 1,,24hrs,STS,4,4,1.047
Manuscript Drafts with Results/Manuscript Final Version/Manuscript Prism Files/Fig.4. Chemo Treat Peritoneum Bx Results/1. Manuscript Peritoneum MTS.prism,Data 1,,48hrs,"{'string': 'DMSO', 'version': 1, 'formatting': [{'range': '0~3', 'attributes': {'horizontalAlignment': 'left'}}]}",1,4,1.732
Manuscript Drafts with Results/Manuscript Final Version/Manuscript Prism Files/Fig.4. Chemo Treat Peritoneum Bx Results/1. Manuscript Peritoneum MTS.prism,Data 1,,48hrs,"{'string': 'DMSO', 'version': 1, 'formatting': [{'range': '0~3', 'attributes': {'horizontalAlignment': 'left'}}]}",2,4,1.307
Manuscript Drafts with Results/Manuscript Final Version/Manuscript Prism Files/Fig.4. Chemo Treat Peritoneum Bx Results/1. Manuscript Peritoneum MTS.prism,Data 1,,48hrs,"{'string': 'DMSO', 'version': 1, 'formatting': [{'range': '0~3', 'attributes': {'horizontalAlignment': 'left'}}]}",3,4,1.624
Manuscript Drafts with Results/Manuscript Final Version/Manuscript Prism Files/Fig.4. Chemo Treat Peritoneum Bx Results/1. Manuscript Peritoneum MTS.prism,Data 1,,48hrs,"{'string': 'DMSO', 'version': 1, 'formatting': [{'range': '0~3', 'attributes': {'horizontalAlignment': 'left'}}]}",4,4,1.45
Manuscript Drafts with Results/Manuscript Final Version/Manuscript Prism Files/Fig.4. Chemo Treat Peritoneum Bx Results/1. Manuscript Peritoneum MTS.prism,Data 1,,48hrs,"{'string': 'Folfirinox', 'version': 1, 'formatting': [{'range': '0~9', 'attributes': {'horizontalAlignment': 'left'}}]}",1,4,0.739
Manuscript Drafts with Results/Manuscript Final Version/Manuscript Prism Files/Fig.4. Chemo Treat Peritoneum Bx Results/1. Manuscript Peritoneum MTS.prism,Data 1,,48hrs,"{'string': 'Folfirinox', 'version': 1, 'formatting': [{'range': '0~9', 'attributes': {'horizontalAlignment': 'left'}}]}",2,4,1.115
Manuscript Drafts with Results/Manuscript Final Version/Manuscript Prism Files/Fig.4. Chemo Treat Peritoneum Bx Results/1. Manuscript Peritoneum MTS.prism,Data 1,,48hrs,"{'string': 'Folfirinox', 'version': 1, 'formatting': [{'range': '0~9', 'attributes': {'horizontalAlignment': 'left'}}]}",3,4,1.76
Manuscript Drafts with Results/Manuscript Final Version/Manuscript Prism Files/Fig.4. Chemo Treat Peritoneum Bx Results/1. Manuscript Peritoneum MTS.prism,Data 1,,48hrs,"{'string': 'Folfirinox', 'version': 1, 'formatting': [{'range': '0~9', 'attributes': {'horizontalAlignment': 'left'}}]}",4,4,1.853
Manuscript Drafts with Results/Manuscript Final Version/Manuscript Prism Files/Fig.4. Chemo Treat Peritoneum Bx Results/1. Manuscript Peritoneum MTS.prism,Data 1,,48hrs,Gem/Nab-p,1,4,1.471
Manuscript Drafts with Results/Manuscript Final Version/Manuscript Prism Files/Fig.4. Chemo Treat Peritoneum Bx Results/1. Manuscript Peritoneum MTS.prism,Data 1,,48hrs,Gem/Nab-p,2,4,1.506
Manuscript Drafts with Results/Manuscript Final Version/Manuscript Prism Files/Fig.4. Chemo Treat Peritoneum Bx Results/1. Manuscript Peritoneum MTS.prism,Data 1,,48hrs,Gem/Nab-p,3,4,1.594
Manuscript Drafts with Results/Manuscript Final Version/Manuscript Prism Files/Fig.4. Chemo Treat Peritoneum Bx Results/1. Manuscript Peritoneum MTS.prism,Data 1,,48hrs,Gem/Nab-p,4,4,1.492
Manuscript Drafts with Results/Manuscript Final Version/Manuscript Prism Files/Fig.4. Chemo Treat Peritoneum Bx Results/1. Manuscript Peritoneum MTS.prism,Data 1,,48hrs,RMC-7977,1,4,1.599
Manuscript Drafts with Results/Manuscript Final Version/Manuscript Prism Files/Fig.4. Chemo Treat Peritoneum Bx Results/1. Manuscript Peritoneum MTS.prism,Data 1,,48hrs,RMC-7977,2,4,1.783
Manuscript Drafts with Results/Manuscript Final Version/Manuscript Prism Files/Fig.4. Chemo Treat Peritoneum Bx Results/1. Manuscript Peritoneum MTS.prism,Data 1,,48hrs,RMC-7977,3,4,2.066
Manuscript Drafts with Results/Manuscript Final Version/Manuscript Prism Files/Fig.4. Chemo Treat Peritoneum Bx Results/1. Manuscript Peritoneum MTS.prism,Data 1,,48hrs,RMC-7977,4,4,1.894
Manuscript Drafts with Results/Manuscript Final Version/Manuscript Prism Files/Fig.4. Chemo Treat Peritoneum Bx Results/1. Manuscript Peritoneum MTS.prism,Data 1,,48hrs,STS,1,4,1.623
Manuscript Drafts with Results/Manuscript Final Version/Manuscript Prism Files/Fig.4. Chemo Treat Peritoneum Bx Results/1. Manuscript Peritoneum MTS.prism,Data 1,,48hrs,STS,2,4,1.244
Manuscript Drafts with Results/Manuscript Final Version/Manuscript Prism Files/Fig.4. Chemo Treat Peritoneum Bx Results/1. Manuscript Peritoneum MTS.prism,Data 1,,48hrs,STS,3,4,0.974
Manuscript Drafts with Results/Manuscript Final Version/Manuscript Prism Files/Fig.4. Chemo Treat Peritoneum Bx Results/1. Manuscript Peritoneum MTS.prism,Data 1,,48hrs,STS,4,4,0.908
Manuscript Drafts with Results/Manuscript Final Version/Manuscript Prism Files/Fig.4. Chemo Treat Peritoneum Bx Results/2. Manuscript Peritoneum H&E.prism,Data 1,,H&E,"{'string': 'DMSO', 'version': 1, 'formatting': [{'range': '0~3', 'attributes': {'horizontalAlignment': 'left'}}]}",1,6,1613.2
Manuscript Drafts with Results/Manuscript Final Version/Manuscript Prism Files/Fig.4. Chemo Treat Peritoneum Bx Results/2. Manuscript Peritoneum H&E.prism,Data 1,,H&E,"{'string': 'DMSO', 'version': 1, 'formatting': [{'range': '0~3', 'attributes': {'horizontalAlignment': 'left'}}]}",2,6,2024.4
Manuscript Drafts with Results/Manuscript Final Version/Manuscript Prism Files/Fig.4. Chemo Treat Peritoneum Bx Results/2. Manuscript Peritoneum H&E.prism,Data 1,,H&E,"{'string': 'DMSO', 'version': 1, 'formatting': [{'range': '0~3', 'attributes': {'horizontalAlignment': 'left'}}]}",3,6,1409.0
Manuscript Drafts with Results/Manuscript Final Version/Manuscript Prism Files/Fig.4. Chemo Treat Peritoneum Bx Results/2. Manuscript Peritoneum H&E.prism,Data 1,,H&E,"{'string': 'DMSO', 'version': 1, 'formatting': [{'range': '0~3', 'attributes': {'horizontalAlignment': 'left'}}]}",4,6,2107.6
Manuscript Drafts with Results/Manuscript Final Version/Manuscript Prism Files/Fig.4. Chemo Treat Peritoneum Bx Results/2. Manuscript Peritoneum H&E.prism,Data 1,,H&E,"{'string': 'DMSO', 'version': 1, 'formatting': [{'range': '0~3', 'attributes': {'horizontalAlignment': 'left'}}]}",5,6,1795.1
Manuscript Drafts with Results/Manuscript Final Version/Manuscript Prism Files/Fig.4. Chemo Treat Peritoneum Bx Results/2. Manuscript Peritoneum H&E.prism,Data 1,,H&E,"{'string': 'DMSO', 'version': 1, 'formatting': [{'range': '0~3', 'attributes': {'horizontalAlignment': 'left'}}]}",6,6,2542.7
Manuscript Drafts with Results/Manuscript Final Version/Manuscript Prism Files/Fig.4. Chemo Treat Peritoneum Bx Results/2. Manuscript Peritoneum H&E.prism,Data 1,,H&E,"{'string': 'Folfirinox', 'version': 1, 'formatting': [{'range': '0~9', 'attributes': {'horizontalAlignment': 'left'}}]}",1,6,1748.7
Manuscript Drafts with Results/Manuscript Final Version/Manuscript Prism Files/Fig.4. Chemo Treat Peritoneum Bx Results/2. Manuscript Peritoneum H&E.prism,Data 1,,H&E,"{'string': 'Folfirinox', 'version': 1, 'formatting': [{'range': '0~9', 'attributes': {'horizontalAlignment': 'left'}}]}",2,6,1669.5
Manuscript Drafts with Results/Manuscript Final Version/Manuscript Prism Files/Fig.4. Chemo Treat Peritoneum Bx Results/2. Manuscript Peritoneum H&E.prism,Data 1,,H&E,"{'string': 'Folfirinox', 'version': 1, 'formatting': [{'range': '0~9', 'attributes': {'horizontalAlignment': 'left'}}]}",3,6,2146.5
Manuscript Drafts with Results/Manuscript Final Version/Manuscript Prism Files/Fig.4. Chemo Treat Peritoneum Bx Results/2. Manuscript Peritoneum H&E.prism,Data 1,,H&E,"{'string': 'Folfirinox', 'version': 1, 'formatting': [{'range': '0~9', 'attributes': {'horizontalAlignment': 'left'}}]}",4,6,1390.4
Manuscript Drafts with Results/Manuscript Final Version/Manuscript Prism Files/Fig.4. Chemo Treat Peritoneum Bx Results/2. Manuscript Peritoneum H&E.prism,Data 1,,H&E,"{'string': 'Folfirinox', 'version': 1, 'formatting': [{'range': '0~9', 'attributes': {'horizontalAlignment': 'left'}}]}",5,6,1434.4
Manuscript Drafts with Results/Manuscript Final Version/Manuscript Prism Files/Fig.4. Chemo Treat Peritoneum Bx Results/2. Manuscript Peritoneum H&E.prism,Data 1,,H&E,"{'string': 'Folfirinox', 'version': 1, 'formatting': [{'range': '0~9', 'attributes': {'horizontalAlignment': 'left'}}]}",6,6,1625.5
Manuscript Drafts with Results/Manuscript Final Version/Manuscript Prism Files/Fig.4. Chemo Treat Peritoneum Bx Results/2. Manuscript Peritoneum H&E.prism,Data 1,,H&E,Gem/Nab-p,1,6,2502.5
Manuscript Drafts with Results/Manuscript Final Version/Manuscript Prism Files/Fig.4. Chemo Treat Peritoneum Bx Results/2. Manuscript Peritoneum H&E.prism,Data 1,,H&E,Gem/Nab-p,2,6,2607.0
Manuscript Drafts with Results/Manuscript Final Version/Manuscript Prism Files/Fig.4. Chemo Treat Peritoneum Bx Results/2. Manuscript Peritoneum H&E.prism,Data 1,,H&E,Gem/Nab-p,3,6,2219.1
Manuscript Drafts with Results/Manuscript Final Version/Manuscript Prism Files/Fig.4. Chemo Treat Peritoneum Bx Results/2. Manuscript Peritoneum H&E.prism,Data 1,,H&E,Gem/Nab-p,4,6,1336.0
Manuscript Drafts with Results/Manuscript Final Version/Manuscript Prism Files/Fig.4. Chemo Treat Peritoneum Bx Results/2. Manuscript Peritoneum H&E.prism,Data 1,,H&E,Gem/Nab-p,5,6,1590.9
Manuscript Drafts with Results/Manuscript Final Version/Manuscript Prism Files/Fig.4. Chemo Treat Peritoneum Bx Results/2. Manuscript Peritoneum H&E.prism,Data 1,,H&E,Gem/Nab-p,6,6,1336.0
Manuscript Drafts with Results/Manuscript Final Version/Manuscript Prism Files/Fig.4. Chemo Treat Peritoneum Bx Results/2. Manuscript Peritoneum H&E.prism,Data 1,,H&E,RMC-7977,1,6,1650.8
Manuscript Drafts with Results/Manuscript Final Version/Manuscript Prism Files/Fig.4. Chemo Treat Peritoneum Bx Results/2. Manuscript Peritoneum H&E.prism,Data 1,,H&E,RMC-7977,2,6,1717.4
Manuscript Drafts with Results/Manuscript Final Version/Manuscript Prism Files/Fig.4. Chemo Treat Peritoneum Bx Results/2. Manuscript Peritoneum H&E.prism,Data 1,,H&E,RMC-7977,3,6,1343.4
Manuscript Drafts with Results/Manuscript Final Version/Manuscript Prism Files/Fig.4. Chemo Treat Peritoneum Bx Results/2. Manuscript Peritoneum H&E.prism,Data 1,,H&E,RMC-7977,4,6,1177.8
Manuscript Drafts with Results/Manuscript Final Version/Manuscript Prism Files/Fig.4. Chemo Treat Peritoneum Bx Results/2. Manuscript Peritoneum H&E.prism,Data 1,,H&E,RMC-7977,5,6,1695.8
Manuscript Drafts with Results/Manuscript Final Version/Manuscript Prism Files/Fig.4. Chemo Treat Peritoneum Bx Results/2. Manuscript Peritoneum H&E.prism,Data 1,,H&E,RMC-7977,6,6,1580.2
Manuscript Drafts with Results/Manuscript Final Version/Manuscript Prism Files/Fig.4. Chemo Treat Peritoneum Bx Results/2. Manuscript Peritoneum H&E.prism,Data 1,,H&E,STS,1,6,1999.0
Manuscript Drafts with Results/Manuscript Final Version/Manuscript Prism Files/Fig.4. Chemo Treat Peritoneum Bx Results/2. Manuscript Peritoneum H&E.prism,Data 1,,H&E,STS,2,6,1831.7
Manuscript Drafts with Results/Manuscript Final Version/Manuscript Prism Files/Fig.4. Chemo Treat Peritoneum Bx Results/2. Manuscript Peritoneum H&E.prism,Data 1,,H&E,STS,3,6,2051.9
Manuscript Drafts with Results/Manuscript Final Version/Manuscript Prism Files/Fig.4. Chemo Treat Peritoneum Bx Results/2. Manuscript Peritoneum H&E.prism,Data 1,,H&E,STS,4,6,1910.9
Manuscript Drafts with Results/Manuscript Final Version/Manuscript Prism Files/Fig.4. Chemo Treat Peritoneum Bx Results/2. Manuscript Peritoneum H&E.prism,Data 1,,H&E,STS,5,6,960.2
Manuscript Drafts with Results/Manuscript Final Version/Manuscript Prism Files/Fig.4. Chemo Treat Peritoneum Bx Results/2. Manuscript Peritoneum H&E.prism,Data 1,,H&E,STS,6,6,1155.7
Manuscript Drafts with Results/Manuscript Final Version/Manuscript Prism Files/Fig.4. Chemo Treat Peritoneum Bx Results/3. Manuscript Peritoneum IHC CC3.prism,Data 1,,Cleaved Caspase-3,"{'string': 'DMSO', 'version': 1, 'formatting': [{'range': '0~3', 'attributes': {'horizontalAlignment': 'left'}}]}",1,4,2.8
Manuscript Drafts with Results/Manuscript Final Version/Manuscript Prism Files/Fig.4. Chemo Treat Peritoneum Bx Results/3. Manuscript Peritoneum IHC CC3.prism,Data 1,,Cleaved Caspase-3,"{'string': 'DMSO', 'version': 1, 'formatting': [{'range': '0~3', 'attributes': {'horizontalAlignment': 'left'}}]}",2,4,7.7
Manuscript Drafts with Results/Manuscript Final Version/Manuscript Prism Files/Fig.4. Chemo Treat Peritoneum Bx Results/3. Manuscript Peritoneum IHC CC3.prism,Data 1,,Cleaved Caspase-3,"{'string': 'DMSO', 'version': 1, 'formatting': [{'range': '0~3', 'attributes': {'horizontalAlignment': 'left'}}]}",3,4,3.4
Manuscript Drafts with Results/Manuscript Final Version/Manuscript Prism Files/Fig.4. Chemo Treat Peritoneum Bx Results/3. Manuscript Peritoneum IHC CC3.prism,Data 1,,Cleaved Caspase-3,"{'string': 'DMSO', 'version': 1, 'formatting': [{'range': '0~3', 'attributes': {'horizontalAlignment': 'left'}}]}",4,4,4.3
Manuscript Drafts with Results/Manuscript Final Version/Manuscript Prism Files/Fig.4. Chemo Treat Peritoneum Bx Results/3. Manuscript Peritoneum IHC CC3.prism,Data 1,,Cleaved Caspase-3,"{'string': 'Folfirinox', 'version': 1, 'formatting': [{'range': '0~9', 'attributes': {'horizontalAlignment': 'left'}}]}",1,4,7.3
Manuscript Drafts with Results/Manuscript Final Version/Manuscript Prism Files/Fig.4. Chemo Treat Peritoneum Bx Results/3. Manuscript Peritoneum IHC CC3.prism,Data 1,,Cleaved Caspase-3,"{'string': 'Folfirinox', 'version': 1, 'formatting': [{'range': '0~9', 'attributes': {'horizontalAlignment': 'left'}}]}",2,4,6.3
Manuscript Drafts with Results/Manuscript Final Version/Manuscript Prism Files/Fig.4. Chemo Treat Peritoneum Bx Results/3. Manuscript Peritoneum IHC CC3.prism,Data 1,,Cleaved Caspase-3,"{'string': 'Folfirinox', 'version': 1, 'formatting': [{'range': '0~9', 'attributes': {'horizontalAlignment': 'left'}}]}",3,4,4.6
Manuscript Drafts with Results/Manuscript Final Version/Manuscript Prism Files/Fig.4. Chemo Treat Peritoneum Bx Results/3. Manuscript Peritoneum IHC CC3.prism,Data 1,,Cleaved Caspase-3,"{'string': 'Folfirinox', 'version': 1, 'formatting': [{'range': '0~9', 'attributes': {'horizontalAlignment': 'left'}}]}",4,4,3.7
Manuscript Drafts with Results/Manuscript Final Version/Manuscript Prism Files/Fig.4. Chemo Treat Peritoneum Bx Results/3. Manuscript Peritoneum IHC CC3.prism,Data 1,,Cleaved Caspase-3,Gem/Nab-p,1,4,5.1
Manuscript Drafts with Results/Manuscript Final Version/Manuscript Prism Files/Fig.4. Chemo Treat Peritoneum Bx Results/3. Manuscript Peritoneum IHC CC3.prism,Data 1,,Cleaved Caspase-3,Gem/Nab-p,2,4,3.5
Manuscript Drafts with Results/Manuscript Final Version/Manuscript Prism Files/Fig.4. Chemo Treat Peritoneum Bx Results/3. Manuscript Peritoneum IHC CC3.prism,Data 1,,Cleaved Caspase-3,Gem/Nab-p,3,4,4.8
Manuscript Drafts with Results/Manuscript Final Version/Manuscript Prism Files/Fig.4. Chemo Treat Peritoneum Bx Results/3. Manuscript Peritoneum IHC CC3.prism,Data 1,,Cleaved Caspase-3,Gem/Nab-p,4,4,3.2
Manuscript Drafts with Results/Manuscript Final Version/Manuscript Prism Files/Fig.4. Chemo Treat Peritoneum Bx Results/3. Manuscript Peritoneum IHC CC3.prism,Data 1,,Cleaved Caspase-3,RMC-7977,1,4,7.4
Manuscript Drafts with Results/Manuscript Final Version/Manuscript Prism Files/Fig.4. Chemo Treat Peritoneum Bx Results/3. Manuscript Peritoneum IHC CC3.prism,Data 1,,Cleaved Caspase-3,RMC-7977,2,4,8.5
Manuscript Drafts with Results/Manuscript Final Version/Manuscript Prism Files/Fig.4. Chemo Treat Peritoneum Bx Results/3. Manuscript Peritoneum IHC CC3.prism,Data 1,,Cleaved Caspase-3,RMC-7977,3,4,6.7
Manuscript Drafts with Results/Manuscript Final Version/Manuscript Prism Files/Fig.4. Chemo Treat Peritoneum Bx Results/3. Manuscript Peritoneum IHC CC3.prism,Data 1,,Cleaved Caspase-3,RMC-7977,4,4,7.2
Manuscript Drafts with Results/Manuscript Final Version/Manuscript Prism Files/Fig.4. Chemo Treat Peritoneum Bx Results/3. Manuscript Peritoneum IHC CC3.prism,Data 1,,Cleaved Caspase-3,STS,1,4,6.2
Manuscript Drafts with Results/Manuscript Final Version/Manuscript Prism Files/Fig.4. Chemo Treat Peritoneum Bx Results/3. Manuscript Peritoneum IHC CC3.prism,Data 1,,Cleaved Caspase-3,STS,2,4,3.5
Manuscript Drafts with Results/Manuscript Final Version/Manuscript Prism Files/Fig.4. Chemo Treat Peritoneum Bx Results/3. Manuscript Peritoneum IHC CC3.prism,Data 1,,Cleaved Caspase-3,STS,3,4,8.5
Manuscript Drafts with Results/Manuscript Final Version/Manuscript Prism Files/Fig.4. Chemo Treat Peritoneum Bx Results/3. Manuscript Peritoneum IHC CC3.prism,Data 1,,Cleaved Caspase-3,STS,4,4,5.8
Manuscript Drafts with Results/Manuscript Final Version/Manuscript Prism Files/Fig.4. Chemo Treat Peritoneum Bx Results/4. Manuscript Peritoneum IHC KI67.prism,Data 1,,Ki67,"{'string': 'DMSO', 'version': 1, 'formatting': [{'range': '0~3', 'attributes': {'horizontalAlignment': 'left'}}]}",1,4,29.4
Manuscript Drafts with Results/Manuscript Final Version/Manuscript Prism Files/Fig.4. Chemo Treat Peritoneum Bx Results/4. Manuscript Peritoneum IHC KI67.prism,Data 1,,Ki67,"{'string': 'DMSO', 'version': 1, 'formatting': [{'range': '0~3', 'attributes': {'horizontalAlignment': 'left'}}]}",2,4,17.5
Manuscript Drafts with Results/Manuscript Final Version/Manuscript Prism Files/Fig.4. Chemo Treat Peritoneum Bx Results/4. Manuscript Peritoneum IHC KI67.prism,Data 1,,Ki67,"{'string': 'DMSO', 'version': 1, 'formatting': [{'range': '0~3', 'attributes': {'horizontalAlignment': 'left'}}]}",3,4,19.4
Manuscript Drafts with Results/Manuscript Final Version/Manuscript Prism Files/Fig.4. Chemo Treat Peritoneum Bx Results/4. Manuscript Peritoneum IHC KI67.prism,Data 1,,Ki67,"{'string': 'DMSO', 'version': 1, 'formatting': [{'range': '0~3', 'attributes': {'horizontalAlignment': 'left'}}]}",4,4,14.9
Manuscript Drafts with Results/Manuscript Final Version/Manuscript Prism Files/Fig.4. Chemo Treat Peritoneum Bx Results/4. Manuscript Peritoneum IHC KI67.prism,Data 1,,Ki67,"{'string': 'Folfirinox', 'version': 1, 'formatting': [{'range': '0~9', 'attributes': {'horizontalAlignment': 'left'}}]}",1,4,21.1
Manuscript Drafts with Results/Manuscript Final Version/Manuscript Prism Files/Fig.4. Chemo Treat Peritoneum Bx Results/4. Manuscript Peritoneum IHC KI67.prism,Data 1,,Ki67,"{'string': 'Folfirinox', 'version': 1, 'formatting': [{'range': '0~9', 'attributes': {'horizontalAlignment': 'left'}}]}",2,4,12.6
Manuscript Drafts with Results/Manuscript Final Version/Manuscript Prism Files/Fig.4. Chemo Treat Peritoneum Bx Results/4. Manuscript Peritoneum IHC KI67.prism,Data 1,,Ki67,"{'string': 'Folfirinox', 'version': 1, 'formatting': [{'range': '0~9', 'attributes': {'horizontalAlignment': 'left'}}]}",3,4,7.8
Manuscript Drafts with Results/Manuscript Final Version/Manuscript Prism Files/Fig.4. Chemo Treat Peritoneum Bx Results/4. Manuscript Peritoneum IHC KI67.prism,Data 1,,Ki67,"{'string': 'Folfirinox', 'version': 1, 'formatting': [{'range': '0~9', 'attributes': {'horizontalAlignment': 'left'}}]}",4,4,11.6
Manuscript Drafts with Results/Manuscript Final Version/Manuscript Prism Files/Fig.4. Chemo Treat Peritoneum Bx Results/4. Manuscript Peritoneum IHC KI67.prism,Data 1,,Ki67,Gem/Nab-p,1,4,13.4
Manuscript Drafts with Results/Manuscript Final Version/Manuscript Prism Files/Fig.4. Chemo Treat Peritoneum Bx Results/4. Manuscript Peritoneum IHC KI67.prism,Data 1,,Ki67,Gem/Nab-p,2,4,10.5
Manuscript Drafts with Results/Manuscript Final Version/Manuscript Prism Files/Fig.4. Chemo Treat Peritoneum Bx Results/4. Manuscript Peritoneum IHC KI67.prism,Data 1,,Ki67,Gem/Nab-p,3,4,17.3
Manuscript Drafts with Results/Manuscript Final Version/Manuscript Prism Files/Fig.4. Chemo Treat Peritoneum Bx Results/4. Manuscript Peritoneum IHC KI67.prism,Data 1,,Ki67,Gem/Nab-p,4,4,12.2
Manuscript Drafts with Results/Manuscript Final Version/Manuscript Prism Files/Fig.4. Chemo Treat Peritoneum Bx Results/4. Manuscript Peritoneum IHC KI67.prism,Data 1,,Ki67,RMC-7977,1,4,31.4
Manuscript Drafts with Results/Manuscript Final Version/Manuscript Prism Files/Fig.4. Chemo Treat Peritoneum Bx Results/4. Manuscript Peritoneum IHC KI67.prism,Data 1,,Ki67,RMC-7977,2,4,9.5
Manuscript Drafts with Results/Manuscript Final Version/Manuscript Prism Files/Fig.4. Chemo Treat Peritoneum Bx Results/4. Manuscript Peritoneum IHC KI67.prism,Data 1,,Ki67,RMC-7977,3,4,17.9
Manuscript Drafts with Results/Manuscript Final Version/Manuscript Prism Files/Fig.4. Chemo Treat Peritoneum Bx Results/4. Manuscript Peritoneum IHC KI67.prism,Data 1,,Ki67,RMC-7977,4,4,14.8
Manuscript Drafts with Results/Manuscript Final Version/Manuscript Prism Files/Fig.4. Chemo Treat Peritoneum Bx Results/4. Manuscript Peritoneum IHC KI67.prism,Data 1,,Ki67,STS,1,4,0.4
Manuscript Drafts with Results/Manuscript Final Version/Manuscript Prism Files/Fig.4. Chemo Treat Peritoneum Bx Results/4. Manuscript Peritoneum IHC KI67.prism,Data 1,,Ki67,STS,2,4,5.3
Manuscript Drafts with Results/Manuscript Final Version/Manuscript Prism Files/Fig.4. Chemo Treat Peritoneum Bx Results/4. Manuscript Peritoneum IHC KI67.prism,Data 1,,Ki67,STS,3,4,19.6
Manuscript Drafts with Results/Manuscript Final Version/Manuscript Prism Files/Fig.4. Chemo Treat Peritoneum Bx Results/4. Manuscript Peritoneum IHC KI67.prism,Data 1,,Ki67,STS,4,4,6.8
Manuscript Drafts with Results/Manuscript Final Version/Manuscript Prism Files/Fig.4. Chemo Treat Peritoneum Bx Results/5. Manuscript Peritoneum IHC CD45.prism,Data 1,,CD45,"{'string': 'DMSO', 'version': 1, 'formatting': [{'range': '0~3', 'attributes': {'horizontalAlignment': 'left'}}]}",1,4,22.9
Manuscript Drafts with Results/Manuscript Final Version/Manuscript Prism Files/Fig.4. Chemo Treat Peritoneum Bx Results/5. Manuscript Peritoneum IHC CD45.prism,Data 1,,CD45,"{'string': 'DMSO', 'version': 1, 'formatting': [{'range': '0~3', 'attributes': {'horizontalAlignment': 'left'}}]}",2,4,28.5
Manuscript Drafts with Results/Manuscript Final Version/Manuscript Prism Files/Fig.4. Chemo Treat Peritoneum Bx Results/5. Manuscript Peritoneum IHC CD45.prism,Data 1,,CD45,"{'string': 'DMSO', 'version': 1, 'formatting': [{'range': '0~3', 'attributes': {'horizontalAlignment': 'left'}}]}",3,4,28.6
Manuscript Drafts with Results/Manuscript Final Version/Manuscript Prism Files/Fig.4. Chemo Treat Peritoneum Bx Results/5. Manuscript Peritoneum IHC CD45.prism,Data 1,,CD45,"{'string': 'DMSO', 'version': 1, 'formatting': [{'range': '0~3', 'attributes': {'horizontalAlignment': 'left'}}]}",4,4,28.4
Manuscript Drafts with Results/Manuscript Final Version/Manuscript Prism Files/Fig.4. Chemo Treat Peritoneum Bx Results/5. Manuscript Peritoneum IHC CD45.prism,Data 1,,CD45,"{'string': 'Folfirinox', 'version': 1, 'formatting': [{'range': '0~9', 'attributes': {'horizontalAlignment': 'left'}}]}",1,4,36.5
Manuscript Drafts with Results/Manuscript Final Version/Manuscript Prism Files/Fig.4. Chemo Treat Peritoneum Bx Results/5. Manuscript Peritoneum IHC CD45.prism,Data 1,,CD45,"{'string': 'Folfirinox', 'version': 1, 'formatting': [{'range': '0~9', 'attributes': {'horizontalAlignment': 'left'}}]}",2,4,19.3
Manuscript Drafts with Results/Manuscript Final Version/Manuscript Prism Files/Fig.4. Chemo Treat Peritoneum Bx Results/5. Manuscript Peritoneum IHC CD45.prism,Data 1,,CD45,"{'string': 'Folfirinox', 'version': 1, 'formatting': [{'range': '0~9', 'attributes': {'horizontalAlignment': 'left'}}]}",3,4,20.2
Manuscript Drafts with Results/Manuscript Final Version/Manuscript Prism Files/Fig.4. Chemo Treat Peritoneum Bx Results/5. Manuscript Peritoneum IHC CD45.prism,Data 1,,CD45,"{'string': 'Folfirinox', 'version': 1, 'formatting': [{'range': '0~9', 'attributes': {'horizontalAlignment': 'left'}}]}",4,4,27.0
Manuscript Drafts with Results/Manuscript Final Version/Manuscript Prism Files/Fig.4. Chemo Treat Peritoneum Bx Results/5. Manuscript Peritoneum IHC CD45.prism,Data 1,,CD45,Gem/Nab-p,1,4,19.1
Manuscript Drafts with Results/Manuscript Final Version/Manuscript Prism Files/Fig.4. Chemo Treat Peritoneum Bx Results/5. Manuscript Peritoneum IHC CD45.prism,Data 1,,CD45,Gem/Nab-p,2,4,12.5
Manuscript Drafts with Results/Manuscript Final Version/Manuscript Prism Files/Fig.4. Chemo Treat Peritoneum Bx Results/5. Manuscript Peritoneum IHC CD45.prism,Data 1,,CD45,Gem/Nab-p,3,4,24.9
Manuscript Drafts with Results/Manuscript Final Version/Manuscript Prism Files/Fig.4. Chemo Treat Peritoneum Bx Results/5. Manuscript Peritoneum IHC CD45.prism,Data 1,,CD45,Gem/Nab-p,4,4,19.2
Manuscript Drafts with Results/Manuscript Final Version/Manuscript Prism Files/Fig.4. Chemo Treat Peritoneum Bx Results/5. Manuscript Peritoneum IHC CD45.prism,Data 1,,CD45,RMC-7977,1,4,14.6
Manuscript Drafts with Results/Manuscript Final Version/Manuscript Prism Files/Fig.4. Chemo Treat Peritoneum Bx Results/5. Manuscript Peritoneum IHC CD45.prism,Data 1,,CD45,RMC-7977,2,4,17.1
Manuscript Drafts with Results/Manuscript Final Version/Manuscript Prism Files/Fig.4. Chemo Treat Peritoneum Bx Results/5. Manuscript Peritoneum IHC CD45.prism,Data 1,,CD45,RMC-7977,3,4,22.8
Manuscript Drafts with Results/Manuscript Final Version/Manuscript Prism Files/Fig.4. Chemo Treat Peritoneum Bx Results/5. Manuscript Peritoneum IHC CD45.prism,Data 1,,CD45,RMC-7977,4,4,22.3
Manuscript Drafts with Results/Manuscript Final Version/Manuscript Prism Files/Fig.4. Chemo Treat Peritoneum Bx Results/5. Manuscript Peritoneum IHC CD45.prism,Data 1,,CD45,STS,1,4,23.4
Manuscript Drafts with Results/Manuscript Final Version/Manuscript Prism Files/Fig.4. Chemo Treat Peritoneum Bx Results/5. Manuscript Peritoneum IHC CD45.prism,Data 1,,CD45,STS,2,4,19.4
Manuscript Drafts with Results/Manuscript Final Version/Manuscript Prism Files/Fig.4. Chemo Treat Peritoneum Bx Results/5. Manuscript Peritoneum IHC CD45.prism,Data 1,,CD45,STS,3,4,21.3
Manuscript Drafts with Results/Manuscript Final Version/Manuscript Prism Files/Fig.4. Chemo Treat Peritoneum Bx Results/5. Manuscript Peritoneum IHC CD45.prism,Data 1,,CD45,STS,4,4,28.0
Manuscript Drafts with Results/Manuscript Final Version/Manuscript Prism Files/Fig.4. Chemo Treat Peritoneum Bx Results/6. Manuscript Peritoneum IHC EpCAM.prism,Data 1,,EpCAM,"{'string': 'DMSO', 'version': 1, 'formatting': [{'range': '0~3', 'attributes': {'horizontalAlignment': 'left'}}]}",1,4,36.1
Manuscript Drafts with Results/Manuscript Final Version/Manuscript Prism Files/Fig.4. Chemo Treat Peritoneum Bx Results/6. Manuscript Peritoneum IHC EpCAM.prism,Data 1,,EpCAM,"{'string': 'DMSO', 'version': 1, 'formatting': [{'range': '0~3', 'attributes': {'horizontalAlignment': 'left'}}]}",2,4,45.8
Manuscript Drafts with Results/Manuscript Final Version/Manuscript Prism Files/Fig.4. Chemo Treat Peritoneum Bx Results/6. Manuscript Peritoneum IHC EpCAM.prism,Data 1,,EpCAM,"{'string': 'DMSO', 'version': 1, 'formatting': [{'range': '0~3', 'attributes': {'horizontalAlignment': 'left'}}]}",3,4,28.5
Manuscript Drafts with Results/Manuscript Final Version/Manuscript Prism Files/Fig.4. Chemo Treat Peritoneum Bx Results/6. Manuscript Peritoneum IHC EpCAM.prism,Data 1,,EpCAM,"{'string': 'DMSO', 'version': 1, 'formatting': [{'range': '0~3', 'attributes': {'horizontalAlignment': 'left'}}]}",4,4,31.9
Manuscript Drafts with Results/Manuscript Final Version/Manuscript Prism Files/Fig.4. Chemo Treat Peritoneum Bx Results/6. Manuscript Peritoneum IHC EpCAM.prism,Data 1,,EpCAM,"{'string': 'Folfirinox', 'version': 1, 'formatting': [{'range': '0~9', 'attributes': {'horizontalAlignment': 'left'}}]}",1,4,27.1
Manuscript Drafts with Results/Manuscript Final Version/Manuscript Prism Files/Fig.4. Chemo Treat Peritoneum Bx Results/6. Manuscript Peritoneum IHC EpCAM.prism,Data 1,,EpCAM,"{'string': 'Folfirinox', 'version': 1, 'formatting': [{'range': '0~9', 'attributes': {'horizontalAlignment': 'left'}}]}",2,4,20.7
Manuscript Drafts with Results/Manuscript Final Version/Manuscript Prism Files/Fig.4. Chemo Treat Peritoneum Bx Results/6. Manuscript Peritoneum IHC EpCAM.prism,Data 1,,EpCAM,"{'string': 'Folfirinox', 'version': 1, 'formatting': [{'range': '0~9', 'attributes': {'horizontalAlignment': 'left'}}]}",3,4,21.0
Manuscript Drafts with Results/Manuscript Final Version/Manuscript Prism Files/Fig.4. Chemo Treat Peritoneum Bx Results/6. Manuscript Peritoneum IHC EpCAM.prism,Data 1,,EpCAM,"{'string': 'Folfirinox', 'version': 1, 'formatting': [{'range': '0~9', 'attributes': {'horizontalAlignment': 'left'}}]}",4,4,24.3
Manuscript Drafts with Results/Manuscript Final Version/Manuscript Prism Files/Fig.4. Chemo Treat Peritoneum Bx Results/6. Manuscript Peritoneum IHC EpCAM.prism,Data 1,,EpCAM,Gem/Nab-p,1,4,48.2
Manuscript Drafts with Results/Manuscript Final Version/Manuscript Prism Files/Fig.4. Chemo Treat Peritoneum Bx Results/6. Manuscript Peritoneum IHC EpCAM.prism,Data 1,,EpCAM,Gem/Nab-p,2,4,35.9
Manuscript Drafts with Results/Manuscript Final Version/Manuscript Prism Files/Fig.4. Chemo Treat Peritoneum Bx Results/6. Manuscript Peritoneum IHC EpCAM.prism,Data 1,,EpCAM,Gem/Nab-p,3,4,29.6
Manuscript Drafts with Results/Manuscript Final Version/Manuscript Prism Files/Fig.4. Chemo Treat Peritoneum Bx Results/6. Manuscript Peritoneum IHC EpCAM.prism,Data 1,,EpCAM,Gem/Nab-p,4,4,37.1
Manuscript Drafts with Results/Manuscript Final Version/Manuscript Prism Files/Fig.4. Chemo Treat Peritoneum Bx Results/6. Manuscript Peritoneum IHC EpCAM.prism,Data 1,,EpCAM,RMC-7977,1,4,35.5
Manuscript Drafts with Results/Manuscript Final Version/Manuscript Prism Files/Fig.4. Chemo Treat Peritoneum Bx Results/6. Manuscript Peritoneum IHC EpCAM.prism,Data 1,,EpCAM,RMC-7977,2,4,26.9
Manuscript Drafts with Results/Manuscript Final Version/Manuscript Prism Files/Fig.4. Chemo Treat Peritoneum Bx Results/6. Manuscript Peritoneum IHC EpCAM.prism,Data 1,,EpCAM,RMC-7977,3,4,33.1
Manuscript Drafts with Results/Manuscript Final Version/Manuscript Prism Files/Fig.4. Chemo Treat Peritoneum Bx Results/6. Manuscript Peritoneum IHC EpCAM.prism,Data 1,,EpCAM,RMC-7977,4,4,23.0
Manuscript Drafts with Results/Manuscript Final Version/Manuscript Prism Files/Fig.4. Chemo Treat Peritoneum Bx Results/6. Manuscript Peritoneum IHC EpCAM.prism,Data 1,,EpCAM,STS,1,4,25.6
Manuscript Drafts with Results/Manuscript Final Version/Manuscript Prism Files/Fig.4. Chemo Treat Peritoneum Bx Results/6. Manuscript Peritoneum IHC EpCAM.prism,Data 1,,EpCAM,STS,2,4,33.0
Manuscript Drafts with Results/Manuscript Final Version/Manuscript Prism Files/Fig.4. Chemo Treat Peritoneum Bx Results/6. Manuscript Peritoneum IHC EpCAM.prism,Data 1,,EpCAM,STS,3,4,35.5
Manuscript Drafts with Results/Manuscript Final Version/Manuscript Prism Files/Fig.4. Chemo Treat Peritoneum Bx Results/6. Manuscript Peritoneum IHC EpCAM.prism,Data 1,,EpCAM,STS,4,4,36.6
Manuscript Drafts with Results/Manuscript Final Version/Manuscript Prism Files/Fig.5. Chemo Treat PDAC Bx Results/1. Manuscript PDAC MTS.prism,Data 1,,24hrs,"{'string': 'DMSO', 'version': 1, 'formatting': [{'range': '0~3', 'attributes': {'horizontalAlignment': 'left'}}]}",1,4,2.496
Manuscript Drafts with Results/Manuscript Final Version/Manuscript Prism Files/Fig.5. Chemo Treat PDAC Bx Results/1. Manuscript PDAC MTS.prism,Data 1,,24hrs,"{'string': 'DMSO', 'version': 1, 'formatting': [{'range': '0~3', 'attributes': {'horizontalAlignment': 'left'}}]}",2,4,1.835
Manuscript Drafts with Results/Manuscript Final Version/Manuscript Prism Files/Fig.5. Chemo Treat PDAC Bx Results/1. Manuscript PDAC MTS.prism,Data 1,,24hrs,"{'string': 'DMSO', 'version': 1, 'formatting': [{'range': '0~3', 'attributes': {'horizontalAlignment': 'left'}}]}",3,4,1.125
Manuscript Drafts with Results/Manuscript Final Version/Manuscript Prism Files/Fig.5. Chemo Treat PDAC Bx Results/1. Manuscript PDAC MTS.prism,Data 1,,24hrs,"{'string': 'DMSO', 'version': 1, 'formatting': [{'range': '0~3', 'attributes': {'horizontalAlignment': 'left'}}]}",4,4,1.779
Manuscript Drafts with Results/Manuscript Final Version/Manuscript Prism Files/Fig.5. Chemo Treat PDAC Bx Results/1. Manuscript PDAC MTS.prism,Data 1,,24hrs,"{'string': 'Folfirinox', 'version': 1, 'formatting': [{'range': '0~9', 'attributes': {'horizontalAlignment': 'left'}}]}",1,4,1.576
Manuscript Drafts with Results/Manuscript Final Version/Manuscript Prism Files/Fig.5. Chemo Treat PDAC Bx Results/1. Manuscript PDAC MTS.prism,Data 1,,24hrs,"{'string': 'Folfirinox', 'version': 1, 'formatting': [{'range': '0~9', 'attributes': {'horizontalAlignment': 'left'}}]}",2,4,1.184
Manuscript Drafts with Results/Manuscript Final Version/Manuscript Prism Files/Fig.5. Chemo Treat PDAC Bx Results/1. Manuscript PDAC MTS.prism,Data 1,,24hrs,"{'string': 'Folfirinox', 'version': 1, 'formatting': [{'range': '0~9', 'attributes': {'horizontalAlignment': 'left'}}]}",3,4,1.884
Manuscript Drafts with Results/Manuscript Final Version/Manuscript Prism Files/Fig.5. Chemo Treat PDAC Bx Results/1. Manuscript PDAC MTS.prism,Data 1,,24hrs,"{'string': 'Folfirinox', 'version': 1, 'formatting': [{'range': '0~9', 'attributes': {'horizontalAlignment': 'left'}}]}",4,4,0.755
Manuscript Drafts with Results/Manuscript Final Version/Manuscript Prism Files/Fig.5. Chemo Treat PDAC Bx Results/1. Manuscript PDAC MTS.prism,Data 1,,24hrs,"{'string': 'Gem/Nab-p', 'version': 1, 'formatting': [{'range': '0~8', 'attributes': {'horizontalAlignment': 'left'}}]}",1,4,1.237
Manuscript Drafts with Results/Manuscript Final Version/Manuscript Prism Files/Fig.5. Chemo Treat PDAC Bx Results/1. Manuscript PDAC MTS.prism,Data 1,,24hrs,"{'string': 'Gem/Nab-p', 'version': 1, 'formatting': [{'range': '0~8', 'attributes': {'horizontalAlignment': 'left'}}]}",2,4,1.383
Manuscript Drafts with Results/Manuscript Final Version/Manuscript Prism Files/Fig.5. Chemo Treat PDAC Bx Results/1. Manuscript PDAC MTS.prism,Data 1,,24hrs,"{'string': 'Gem/Nab-p', 'version': 1, 'formatting': [{'range': '0~8', 'attributes': {'horizontalAlignment': 'left'}}]}",3,4,1.218
Manuscript Drafts with Results/Manuscript Final Version/Manuscript Prism Files/Fig.5. Chemo Treat PDAC Bx Results/1. Manuscript PDAC MTS.prism,Data 1,,24hrs,"{'string': 'Gem/Nab-p', 'version': 1, 'formatting': [{'range': '0~8', 'attributes': {'horizontalAlignment': 'left'}}]}",4,4,1.12
Manuscript Drafts with Results/Manuscript Final Version/Manuscript Prism Files/Fig.5. Chemo Treat PDAC Bx Results/1. Manuscript PDAC MTS.prism,Data 1,,24hrs,"{'string': 'RMC-7977', 'version': 1, 'formatting': [{'range': '0~7', 'attributes': {'horizontalAlignment': 'left'}}]}",1,4,1.145
Manuscript Drafts with Results/Manuscript Final Version/Manuscript Prism Files/Fig.5. Chemo Treat PDAC Bx Results/1. Manuscript PDAC MTS.prism,Data 1,,24hrs,"{'string': 'RMC-7977', 'version': 1, 'formatting': [{'range': '0~7', 'attributes': {'horizontalAlignment': 'left'}}]}",2,4,1.139
Manuscript Drafts with Results/Manuscript Final Version/Manuscript Prism Files/Fig.5. Chemo Treat PDAC Bx Results/1. Manuscript PDAC MTS.prism,Data 1,,24hrs,"{'string': 'RMC-7977', 'version': 1, 'formatting': [{'range': '0~7', 'attributes': {'horizontalAlignment': 'left'}}]}",3,4,1.98
Manuscript Drafts with Results/Manuscript Final Version/Manuscript Prism Files/Fig.5. Chemo Treat PDAC Bx Results/1. Manuscript PDAC MTS.prism,Data 1,,24hrs,"{'string': 'RMC-7977', 'version': 1, 'formatting': [{'range': '0~7', 'attributes': {'horizontalAlignment': 'left'}}]}",4,4,1.347
Manuscript Drafts with Results/Manuscript Final Version/Manuscript Prism Files/Fig.5. Chemo Treat PDAC Bx Results/1. Manuscript PDAC MTS.prism,Data 1,,24hrs,"{'string': 'STS', 'version': 1, 'formatting': [{'range': '0~2', 'attributes': {'horizontalAlignment': 'left'}}]}",1,4,1.285
Manuscript Drafts with Results/Manuscript Final Version/Manuscript Prism Files/Fig.5. Chemo Treat PDAC Bx Results/1. Manuscript PDAC MTS.prism,Data 1,,24hrs,"{'string': 'STS', 'version': 1, 'formatting': [{'range': '0~2', 'attributes': {'horizontalAlignment': 'left'}}]}",2,4,1.411
Manuscript Drafts with Results/Manuscript Final Version/Manuscript Prism Files/Fig.5. Chemo Treat PDAC Bx Results/1. Manuscript PDAC MTS.prism,Data 1,,24hrs,"{'string': 'STS', 'version': 1, 'formatting': [{'range': '0~2', 'attributes': {'horizontalAlignment': 'left'}}]}",3,4,0.509
Manuscript Drafts with Results/Manuscript Final Version/Manuscript Prism Files/Fig.5. Chemo Treat PDAC Bx Results/1. Manuscript PDAC MTS.prism,Data 1,,24hrs,"{'string': 'STS', 'version': 1, 'formatting': [{'range': '0~2', 'attributes': {'horizontalAlignment': 'left'}}]}",4,4,1.159
Manuscript Drafts with Results/Manuscript Final Version/Manuscript Prism Files/Fig.5. Chemo Treat PDAC Bx Results/1. Manuscript PDAC MTS.prism,Data 1,,48hrs,"{'string': 'DMSO', 'version': 1, 'formatting': [{'range': '0~3', 'attributes': {'horizontalAlignment': 'left'}}]}",1,4,2.146
Manuscript Drafts with Results/Manuscript Final Version/Manuscript Prism Files/Fig.5. Chemo Treat PDAC Bx Results/1. Manuscript PDAC MTS.prism,Data 1,,48hrs,"{'string': 'DMSO', 'version': 1, 'formatting': [{'range': '0~3', 'attributes': {'horizontalAlignment': 'left'}}]}",2,4,1.607
Manuscript Drafts with Results/Manuscript Final Version/Manuscript Prism Files/Fig.5. Chemo Treat PDAC Bx Results/1. Manuscript PDAC MTS.prism,Data 1,,48hrs,"{'string': 'DMSO', 'version': 1, 'formatting': [{'range': '0~3', 'attributes': {'horizontalAlignment': 'left'}}]}",3,4,0.809
Manuscript Drafts with Results/Manuscript Final Version/Manuscript Prism Files/Fig.5. Chemo Treat PDAC Bx Results/1. Manuscript PDAC MTS.prism,Data 1,,48hrs,"{'string': 'DMSO', 'version': 1, 'formatting': [{'range': '0~3', 'attributes': {'horizontalAlignment': 'left'}}]}",4,4,1.07
Manuscript Drafts with Results/Manuscript Final Version/Manuscript Prism Files/Fig.5. Chemo Treat PDAC Bx Results/1. Manuscript PDAC MTS.prism,Data 1,,48hrs,"{'string': 'Folfirinox', 'version': 1, 'formatting': [{'range': '0~9', 'attributes': {'horizontalAlignment': 'left'}}]}",1,4,1.187
Manuscript Drafts with Results/Manuscript Final Version/Manuscript Prism Files/Fig.5. Chemo Treat PDAC Bx Results/1. Manuscript PDAC MTS.prism,Data 1,,48hrs,"{'string': 'Folfirinox', 'version': 1, 'formatting': [{'range': '0~9', 'attributes': {'horizontalAlignment': 'left'}}]}",2,4,1.155
Manuscript Drafts with Results/Manuscript Final Version/Manuscript Prism Files/Fig.5. Chemo Treat PDAC Bx Results/1. Manuscript PDAC MTS.prism,Data 1,,48hrs,"{'string': 'Folfirinox', 'version': 1, 'formatting': [{'range': '0~9', 'attributes': {'horizontalAlignment': 'left'}}]}",3,4,1.354
Manuscript Drafts with Results/Manuscript Final Version/Manuscript Prism Files/Fig.5. Chemo Treat PDAC Bx Results/1. Manuscript PDAC MTS.prism,Data 1,,48hrs,"{'string': 'Folfirinox', 'version': 1, 'formatting': [{'range': '0~9', 'attributes': {'horizontalAlignment': 'left'}}]}",4,4,0.354
Manuscript Drafts with Results/Manuscript Final Version/Manuscript Prism Files/Fig.5. Chemo Treat PDAC Bx Results/1. Manuscript PDAC MTS.prism,Data 1,,48hrs,"{'string': 'Gem/Nab-p', 'version': 1, 'formatting': [{'range': '0~8', 'attributes': {'horizontalAlignment': 'left'}}]}",1,4,0.752
Manuscript Drafts with Results/Manuscript Final Version/Manuscript Prism Files/Fig.5. Chemo Treat PDAC Bx Results/1. Manuscript PDAC MTS.prism,Data 1,,48hrs,"{'string': 'Gem/Nab-p', 'version': 1, 'formatting': [{'range': '0~8', 'attributes': {'horizontalAlignment': 'left'}}]}",2,4,0.756
Manuscript Drafts with Results/Manuscript Final Version/Manuscript Prism Files/Fig.5. Chemo Treat PDAC Bx Results/1. Manuscript PDAC MTS.prism,Data 1,,48hrs,"{'string': 'Gem/Nab-p', 'version': 1, 'formatting': [{'range': '0~8', 'attributes': {'horizontalAlignment': 'left'}}]}",3,4,0.796
Manuscript Drafts with Results/Manuscript Final Version/Manuscript Prism Files/Fig.5. Chemo Treat PDAC Bx Results/1. Manuscript PDAC MTS.prism,Data 1,,48hrs,"{'string': 'Gem/Nab-p', 'version': 1, 'formatting': [{'range': '0~8', 'attributes': {'horizontalAlignment': 'left'}}]}",4,4,0.829
Manuscript Drafts with Results/Manuscript Final Version/Manuscript Prism Files/Fig.5. Chemo Treat PDAC Bx Results/1. Manuscript PDAC MTS.prism,Data 1,,48hrs,"{'string': 'RMC-7977', 'version': 1, 'formatting': [{'range': '0~7', 'attributes': {'horizontalAlignment': 'left'}}]}",1,4,0.469
Manuscript Drafts with Results/Manuscript Final Version/Manuscript Prism Files/Fig.5. Chemo Treat PDAC Bx Results/1. Manuscript PDAC MTS.prism,Data 1,,48hrs,"{'string': 'RMC-7977', 'version': 1, 'formatting': [{'range': '0~7', 'attributes': {'horizontalAlignment': 'left'}}]}",2,4,0.294
Manuscript Drafts with Results/Manuscript Final Version/Manuscript Prism Files/Fig.5. Chemo Treat PDAC Bx Results/1. Manuscript PDAC MTS.prism,Data 1,,48hrs,"{'string': 'RMC-7977', 'version': 1, 'formatting': [{'range': '0~7', 'attributes': {'horizontalAlignment': 'left'}}]}",3,4,1.731
Manuscript Drafts with Results/Manuscript Final Version/Manuscript Prism Files/Fig.5. Chemo Treat PDAC Bx Results/1. Manuscript PDAC MTS.prism,Data 1,,48hrs,"{'string': 'RMC-7977', 'version': 1, 'formatting': [{'range': '0~7', 'attributes': {'horizontalAlignment': 'left'}}]}",4,4,0.9
Manuscript Drafts with Results/Manuscript Final Version/Manuscript Prism Files/Fig.5. Chemo Treat PDAC Bx Results/1. Manuscript PDAC MTS.prism,Data 1,,48hrs,"{'string': 'STS', 'version': 1, 'formatting': [{'range': '0~2', 'attributes': {'horizontalAlignment': 'left'}}]}",1,4,0.381
Manuscript Drafts with Results/Manuscript Final Version/Manuscript Prism Files/Fig.5. Chemo Treat PDAC Bx Results/1. Manuscript PDAC MTS.prism,Data 1,,48hrs,"{'string': 'STS', 'version': 1, 'formatting': [{'range': '0~2', 'attributes': {'horizontalAlignment': 'left'}}]}",2,4,0.146
Manuscript Drafts with Results/Manuscript Final Version/Manuscript Prism Files/Fig.5. Chemo Treat PDAC Bx Results/1. Manuscript PDAC MTS.prism,Data 1,,48hrs,"{'string': 'STS', 'version': 1, 'formatting': [{'range': '0~2', 'attributes': {'horizontalAlignment': 'left'}}]}",3,4,0.012
Manuscript Drafts with Results/Manuscript Final Version/Manuscript Prism Files/Fig.5. Chemo Treat PDAC Bx Results/1. Manuscript PDAC MTS.prism,Data 1,,48hrs,"{'string': 'STS', 'version': 1, 'formatting': [{'range': '0~2', 'attributes': {'horizontalAlignment': 'left'}}]}",4,4,0.15
Manuscript Drafts with Results/Manuscript Final Version/Manuscript Prism Files/Fig.5. Chemo Treat PDAC Bx Results/2. Manuscript PDAC H&E.prism,Data 1,,1248.3,"{'string': 'DMSO', 'version': 1, 'formatting': [{'range': '0~3', 'attributes': {'horizontalAlignment': 'left'}}]}",1,4,994.4
Manuscript Drafts with Results/Manuscript Final Version/Manuscript Prism Files/Fig.5. Chemo Treat PDAC Bx Results/2. Manuscript PDAC H&E.prism,Data 1,,1248.3,"{'string': 'DMSO', 'version': 1, 'formatting': [{'range': '0~3', 'attributes': {'horizontalAlignment': 'left'}}]}",2,4,1133.7
Manuscript Drafts with Results/Manuscript Final Version/Manuscript Prism Files/Fig.5. Chemo Treat PDAC Bx Results/2. Manuscript PDAC H&E.prism,Data 1,,1248.3,"{'string': 'DMSO', 'version': 1, 'formatting': [{'range': '0~3', 'attributes': {'horizontalAlignment': 'left'}}]}",3,4,908.8
Manuscript Drafts with Results/Manuscript Final Version/Manuscript Prism Files/Fig.5. Chemo Treat PDAC Bx Results/2. Manuscript PDAC H&E.prism,Data 1,,1248.3,"{'string': 'DMSO', 'version': 1, 'formatting': [{'range': '0~3', 'attributes': {'horizontalAlignment': 'left'}}]}",4,4,1213.1
Manuscript Drafts with Results/Manuscript Final Version/Manuscript Prism Files/Fig.5. Chemo Treat PDAC Bx Results/2. Manuscript PDAC H&E.prism,Data 1,,1248.3,"{'string': 'Folfirinox', 'version': 1, 'formatting': [{'range': '0~9', 'attributes': {'horizontalAlignment': 'left'}}]}",1,4,1248.2
Manuscript Drafts with Results/Manuscript Final Version/Manuscript Prism Files/Fig.5. Chemo Treat PDAC Bx Results/2. Manuscript PDAC H&E.prism,Data 1,,1248.3,"{'string': 'Folfirinox', 'version': 1, 'formatting': [{'range': '0~9', 'attributes': {'horizontalAlignment': 'left'}}]}",2,4,1841.4
Manuscript Drafts with Results/Manuscript Final Version/Manuscript Prism Files/Fig.5. Chemo Treat PDAC Bx Results/2. Manuscript PDAC H&E.prism,Data 1,,1248.3,"{'string': 'Folfirinox', 'version': 1, 'formatting': [{'range': '0~9', 'attributes': {'horizontalAlignment': 'left'}}]}",3,4,1046.1
Manuscript Drafts with Results/Manuscript Final Version/Manuscript Prism Files/Fig.5. Chemo Treat PDAC Bx Results/2. Manuscript PDAC H&E.prism,Data 1,,1248.3,"{'string': 'Folfirinox', 'version': 1, 'formatting': [{'range': '0~9', 'attributes': {'horizontalAlignment': 'left'}}]}",4,4,1281.8
Manuscript Drafts with Results/Manuscript Final Version/Manuscript Prism Files/Fig.5. Chemo Treat PDAC Bx Results/2. Manuscript PDAC H&E.prism,Data 1,,1248.3,Gem/Nab-p,1,4,1281.8
Manuscript Drafts with Results/Manuscript Final Version/Manuscript Prism Files/Fig.5. Chemo Treat PDAC Bx Results/2. Manuscript PDAC H&E.prism,Data 1,,1248.3,Gem/Nab-p,2,4,1410.2
Manuscript Drafts with Results/Manuscript Final Version/Manuscript Prism Files/Fig.5. Chemo Treat PDAC Bx Results/2. Manuscript PDAC H&E.prism,Data 1,,1248.3,Gem/Nab-p,3,4,900.4
Manuscript Drafts with Results/Manuscript Final Version/Manuscript Prism Files/Fig.5. Chemo Treat PDAC Bx Results/2. Manuscript PDAC H&E.prism,Data 1,,1248.3,Gem/Nab-p,4,4,339.3
Manuscript Drafts with Results/Manuscript Final Version/Manuscript Prism Files/Fig.5. Chemo Treat PDAC Bx Results/2. Manuscript PDAC H&E.prism,Data 1,,1248.3,RMC-7977,1,4,466.8
Manuscript Drafts with Results/Manuscript Final Version/Manuscript Prism Files/Fig.5. Chemo Treat PDAC Bx Results/2. Manuscript PDAC H&E.prism,Data 1,,1248.3,RMC-7977,2,4,254.8
Manuscript Drafts with Results/Manuscript Final Version/Manuscript Prism Files/Fig.5. Chemo Treat PDAC Bx Results/2. Manuscript PDAC H&E.prism,Data 1,,1248.3,RMC-7977,3,4,222.4
Manuscript Drafts with Results/Manuscript Final Version/Manuscript Prism Files/Fig.5. Chemo Treat PDAC Bx Results/2. Manuscript PDAC H&E.prism,Data 1,,1248.3,RMC-7977,4,4,773.3
Manuscript Drafts with Results/Manuscript Final Version/Manuscript Prism Files/Fig.5. Chemo Treat PDAC Bx Results/2. Manuscript PDAC H&E.prism,Data 1,,1248.3,STS,1,4,844.0
Manuscript Drafts with Results/Manuscript Final Version/Manuscript Prism Files/Fig.5. Chemo Treat PDAC Bx Results/2. Manuscript PDAC H&E.prism,Data 1,,1248.3,STS,2,4,772.3
Manuscript Drafts with Results/Manuscript Final Version/Manuscript Prism Files/Fig.5. Chemo Treat PDAC Bx Results/2. Manuscript PDAC H&E.prism,Data 1,,1248.3,STS,3,4,804.7
Manuscript Drafts with Results/Manuscript Final Version/Manuscript Prism Files/Fig.5. Chemo Treat PDAC Bx Results/3. Manuscript PDAC IHC CC3.prism,Data 1,,Cleaved Caspase-3,"{'string': 'DMSO', 'version': 1, 'formatting': [{'range': '0~3', 'attributes': {'horizontalAlignment': 'left'}}]}",1,4,1.33
Manuscript Drafts with Results/Manuscript Final Version/Manuscript Prism Files/Fig.5. Chemo Treat PDAC Bx Results/3. Manuscript PDAC IHC CC3.prism,Data 1,,Cleaved Caspase-3,"{'string': 'DMSO', 'version': 1, 'formatting': [{'range': '0~3', 'attributes': {'horizontalAlignment': 'left'}}]}",2,4,4.1
Manuscript Drafts with Results/Manuscript Final Version/Manuscript Prism Files/Fig.5. Chemo Treat PDAC Bx Results/3. Manuscript PDAC IHC CC3.prism,Data 1,,Cleaved Caspase-3,"{'string': 'DMSO', 'version': 1, 'formatting': [{'range': '0~3', 'attributes': {'horizontalAlignment': 'left'}}]}",3,4,3.8
Manuscript Drafts with Results/Manuscript Final Version/Manuscript Prism Files/Fig.5. Chemo Treat PDAC Bx Results/3. Manuscript PDAC IHC CC3.prism,Data 1,,Cleaved Caspase-3,"{'string': 'DMSO', 'version': 1, 'formatting': [{'range': '0~3', 'attributes': {'horizontalAlignment': 'left'}}]}",4,4,2.6
Manuscript Drafts with Results/Manuscript Final Version/Manuscript Prism Files/Fig.5. Chemo Treat PDAC Bx Results/3. Manuscript PDAC IHC CC3.prism,Data 1,,Cleaved Caspase-3,"{'string': 'Folfirinox', 'version': 1, 'formatting': [{'range': '0~9', 'attributes': {'horizontalAlignment': 'left'}}]}",1,4,1.8
Manuscript Drafts with Results/Manuscript Final Version/Manuscript Prism Files/Fig.5. Chemo Treat PDAC Bx Results/3. Manuscript PDAC IHC CC3.prism,Data 1,,Cleaved Caspase-3,"{'string': 'Folfirinox', 'version': 1, 'formatting': [{'range': '0~9', 'attributes': {'horizontalAlignment': 'left'}}]}",2,4,3.6
Manuscript Drafts with Results/Manuscript Final Version/Manuscript Prism Files/Fig.5. Chemo Treat PDAC Bx Results/3. Manuscript PDAC IHC CC3.prism,Data 1,,Cleaved Caspase-3,"{'string': 'Folfirinox', 'version': 1, 'formatting': [{'range': '0~9', 'attributes': {'horizontalAlignment': 'left'}}]}",3,4,2.4
Manuscript Drafts with Results/Manuscript Final Version/Manuscript Prism Files/Fig.5. Chemo Treat PDAC Bx Results/3. Manuscript PDAC IHC CC3.prism,Data 1,,Cleaved Caspase-3,"{'string': 'Folfirinox', 'version': 1, 'formatting': [{'range': '0~9', 'attributes': {'horizontalAlignment': 'left'}}]}",4,4,3.2
Manuscript Drafts with Results/Manuscript Final Version/Manuscript Prism Files/Fig.5. Chemo Treat PDAC Bx Results/3. Manuscript PDAC IHC CC3.prism,Data 1,,Cleaved Caspase-3,Gem/Nab-p,1,4,0.7
Manuscript Drafts with Results/Manuscript Final Version/Manuscript Prism Files/Fig.5. Chemo Treat PDAC Bx Results/3. Manuscript PDAC IHC CC3.prism,Data 1,,Cleaved Caspase-3,Gem/Nab-p,2,4,4.2
Manuscript Drafts with Results/Manuscript Final Version/Manuscript Prism Files/Fig.5. Chemo Treat PDAC Bx Results/3. Manuscript PDAC IHC CC3.prism,Data 1,,Cleaved Caspase-3,Gem/Nab-p,3,4,2.7
Manuscript Drafts with Results/Manuscript Final Version/Manuscript Prism Files/Fig.5. Chemo Treat PDAC Bx Results/3. Manuscript PDAC IHC CC3.prism,Data 1,,Cleaved Caspase-3,Gem/Nab-p,4,4,4.0
Manuscript Drafts with Results/Manuscript Final Version/Manuscript Prism Files/Fig.5. Chemo Treat PDAC Bx Results/3. Manuscript PDAC IHC CC3.prism,Data 1,,Cleaved Caspase-3,RMC-7977,1,4,14.7
Manuscript Drafts with Results/Manuscript Final Version/Manuscript Prism Files/Fig.5. Chemo Treat PDAC Bx Results/3. Manuscript PDAC IHC CC3.prism,Data 1,,Cleaved Caspase-3,RMC-7977,2,4,7.9
Manuscript Drafts with Results/Manuscript Final Version/Manuscript Prism Files/Fig.5. Chemo Treat PDAC Bx Results/3. Manuscript PDAC IHC CC3.prism,Data 1,,Cleaved Caspase-3,RMC-7977,3,4,11.5
Manuscript Drafts with Results/Manuscript Final Version/Manuscript Prism Files/Fig.5. Chemo Treat PDAC Bx Results/3. Manuscript PDAC IHC CC3.prism,Data 1,,Cleaved Caspase-3,RMC-7977,4,4,10.0
Manuscript Drafts with Results/Manuscript Final Version/Manuscript Prism Files/Fig.5. Chemo Treat PDAC Bx Results/3. Manuscript PDAC IHC CC3.prism,Data 1,,Cleaved Caspase-3,STS,1,4,3.9
Manuscript Drafts with Results/Manuscript Final Version/Manuscript Prism Files/Fig.5. Chemo Treat PDAC Bx Results/3. Manuscript PDAC IHC CC3.prism,Data 1,,Cleaved Caspase-3,STS,2,4,7.5
Manuscript Drafts with Results/Manuscript Final Version/Manuscript Prism Files/Fig.5. Chemo Treat PDAC Bx Results/3. Manuscript PDAC IHC CC3.prism,Data 1,,Cleaved Caspase-3,STS,3,4,4.7
Manuscript Drafts with Results/Manuscript Final Version/Manuscript Prism Files/Fig.5. Chemo Treat PDAC Bx Results/3. Manuscript PDAC IHC CC3.prism,Data 1,,Cleaved Caspase-3,STS,4,4,6.7
Manuscript Drafts with Results/Manuscript Final Version/Manuscript Prism Files/Fig.5. Chemo Treat PDAC Bx Results/4. Manuscript PDAC IHC Ki67.prism,Data 1,,Ki-67,"{'string': 'DMSO', 'version': 1, 'formatting': [{'range': '0~3', 'attributes': {'horizontalAlignment': 'left'}}]}",1,4,29.8
Manuscript Drafts with Results/Manuscript Final Version/Manuscript Prism Files/Fig.5. Chemo Treat PDAC Bx Results/4. Manuscript PDAC IHC Ki67.prism,Data 1,,Ki-67,"{'string': 'DMSO', 'version': 1, 'formatting': [{'range': '0~3', 'attributes': {'horizontalAlignment': 'left'}}]}",2,4,24.0
Manuscript Drafts with Results/Manuscript Final Version/Manuscript Prism Files/Fig.5. Chemo Treat PDAC Bx Results/4. Manuscript PDAC IHC Ki67.prism,Data 1,,Ki-67,"{'string': 'DMSO', 'version': 1, 'formatting': [{'range': '0~3', 'attributes': {'horizontalAlignment': 'left'}}]}",3,4,18.4
Manuscript Drafts with Results/Manuscript Final Version/Manuscript Prism Files/Fig.5. Chemo Treat PDAC Bx Results/4. Manuscript PDAC IHC Ki67.prism,Data 1,,Ki-67,"{'string': 'DMSO', 'version': 1, 'formatting': [{'range': '0~3', 'attributes': {'horizontalAlignment': 'left'}}]}",4,4,21.3
Manuscript Drafts with Results/Manuscript Final Version/Manuscript Prism Files/Fig.5. Chemo Treat PDAC Bx Results/4. Manuscript PDAC IHC Ki67.prism,Data 1,,Ki-67,"{'string': 'Folfirinox', 'version': 1, 'formatting': [{'range': '0~9', 'attributes': {'horizontalAlignment': 'left'}}]}",1,4,0.0
Manuscript Drafts with Results/Manuscript Final Version/Manuscript Prism Files/Fig.5. Chemo Treat PDAC Bx Results/4. Manuscript PDAC IHC Ki67.prism,Data 1,,Ki-67,"{'string': 'Folfirinox', 'version': 1, 'formatting': [{'range': '0~9', 'attributes': {'horizontalAlignment': 'left'}}]}",2,4,0.4
Manuscript Drafts with Results/Manuscript Final Version/Manuscript Prism Files/Fig.5. Chemo Treat PDAC Bx Results/4. Manuscript PDAC IHC Ki67.prism,Data 1,,Ki-67,"{'string': 'Folfirinox', 'version': 1, 'formatting': [{'range': '0~9', 'attributes': {'horizontalAlignment': 'left'}}]}",3,4,0.2
Manuscript Drafts with Results/Manuscript Final Version/Manuscript Prism Files/Fig.5. Chemo Treat PDAC Bx Results/4. Manuscript PDAC IHC Ki67.prism,Data 1,,Ki-67,"{'string': 'Folfirinox', 'version': 1, 'formatting': [{'range': '0~9', 'attributes': {'horizontalAlignment': 'left'}}]}",4,4,0.2
Manuscript Drafts with Results/Manuscript Final Version/Manuscript Prism Files/Fig.5. Chemo Treat PDAC Bx Results/4. Manuscript PDAC IHC Ki67.prism,Data 1,,Ki-67,Gem/Nab-p,1,4,4.1
Manuscript Drafts with Results/Manuscript Final Version/Manuscript Prism Files/Fig.5. Chemo Treat PDAC Bx Results/4. Manuscript PDAC IHC Ki67.prism,Data 1,,Ki-67,Gem/Nab-p,2,4,4.8
Manuscript Drafts with Results/Manuscript Final Version/Manuscript Prism Files/Fig.5. Chemo Treat PDAC Bx Results/4. Manuscript PDAC IHC Ki67.prism,Data 1,,Ki-67,Gem/Nab-p,3,4,6.3
Manuscript Drafts with Results/Manuscript Final Version/Manuscript Prism Files/Fig.5. Chemo Treat PDAC Bx Results/4. Manuscript PDAC IHC Ki67.prism,Data 1,,Ki-67,Gem/Nab-p,4,4,2.1
Manuscript Drafts with Results/Manuscript Final Version/Manuscript Prism Files/Fig.5. Chemo Treat PDAC Bx Results/4. Manuscript PDAC IHC Ki67.prism,Data 1,,Ki-67,RMC-7977,1,4,1.0
Manuscript Drafts with Results/Manuscript Final Version/Manuscript Prism Files/Fig.5. Chemo Treat PDAC Bx Results/4. Manuscript PDAC IHC Ki67.prism,Data 1,,Ki-67,RMC-7977,2,4,1.0
Manuscript Drafts with Results/Manuscript Final Version/Manuscript Prism Files/Fig.5. Chemo Treat PDAC Bx Results/4. Manuscript PDAC IHC Ki67.prism,Data 1,,Ki-67,RMC-7977,3,4,1.0
Manuscript Drafts with Results/Manuscript Final Version/Manuscript Prism Files/Fig.5. Chemo Treat PDAC Bx Results/4. Manuscript PDAC IHC Ki67.prism,Data 1,,Ki-67,RMC-7977,4,4,1.0
Manuscript Drafts with Results/Manuscript Final Version/Manuscript Prism Files/Fig.5. Chemo Treat PDAC Bx Results/4. Manuscript PDAC IHC Ki67.prism,Data 1,,Ki-67,STS,1,4,1.0
Manuscript Drafts with Results/Manuscript Final Version/Manuscript Prism Files/Fig.5. Chemo Treat PDAC Bx Results/4. Manuscript PDAC IHC Ki67.prism,Data 1,,Ki-67,STS,2,4,1.0
Manuscript Drafts with Results/Manuscript Final Version/Manuscript Prism Files/Fig.5. Chemo Treat PDAC Bx Results/4. Manuscript PDAC IHC Ki67.prism,Data 1,,Ki-67,STS,3,4,0.7
Manuscript Drafts with Results/Manuscript Final Version/Manuscript Prism Files/Fig.5. Chemo Treat PDAC Bx Results/4. Manuscript PDAC IHC Ki67.prism,Data 1,,Ki-67,STS,4,4,0.6
Manuscript Drafts with Results/Manuscript Final Version/Manuscript Prism Files/Fig.5. Chemo Treat PDAC Bx Results/5. Manuscript PDAC IHC CD45.prism,Data 1,,CD-45,"{'string': 'DMSO', 'version': 1, 'formatting': [{'range': '0~3', 'attributes': {'horizontalAlignment': 'left'}}]}",1,4,17.3
Manuscript Drafts with Results/Manuscript Final Version/Manuscript Prism Files/Fig.5. Chemo Treat PDAC Bx Results/5. Manuscript PDAC IHC CD45.prism,Data 1,,CD-45,"{'string': 'DMSO', 'version': 1, 'formatting': [{'range': '0~3', 'attributes': {'horizontalAlignment': 'left'}}]}",2,4,20.6
Manuscript Drafts with Results/Manuscript Final Version/Manuscript Prism Files/Fig.5. Chemo Treat PDAC Bx Results/5. Manuscript PDAC IHC CD45.prism,Data 1,,CD-45,"{'string': 'DMSO', 'version': 1, 'formatting': [{'range': '0~3', 'attributes': {'horizontalAlignment': 'left'}}]}",3,4,14.7
Manuscript Drafts with Results/Manuscript Final Version/Manuscript Prism Files/Fig.5. Chemo Treat PDAC Bx Results/5. Manuscript PDAC IHC CD45.prism,Data 1,,CD-45,"{'string': 'DMSO', 'version': 1, 'formatting': [{'range': '0~3', 'attributes': {'horizontalAlignment': 'left'}}]}",4,4,22.2
Manuscript Drafts with Results/Manuscript Final Version/Manuscript Prism Files/Fig.5. Chemo Treat PDAC Bx Results/5. Manuscript PDAC IHC CD45.prism,Data 1,,CD-45,"{'string': 'Folfirinox', 'version': 1, 'formatting': [{'range': '0~9', 'attributes': {'horizontalAlignment': 'left'}}]}",1,4,16.1
Manuscript Drafts with Results/Manuscript Final Version/Manuscript Prism Files/Fig.5. Chemo Treat PDAC Bx Results/5. Manuscript PDAC IHC CD45.prism,Data 1,,CD-45,"{'string': 'Folfirinox', 'version': 1, 'formatting': [{'range': '0~9', 'attributes': {'horizontalAlignment': 'left'}}]}",2,4,8.9
Manuscript Drafts with Results/Manuscript Final Version/Manuscript Prism Files/Fig.5. Chemo Treat PDAC Bx Results/5. Manuscript PDAC IHC CD45.prism,Data 1,,CD-45,"{'string': 'Folfirinox', 'version': 1, 'formatting': [{'range': '0~9', 'attributes': {'horizontalAlignment': 'left'}}]}",3,4,19.7
Manuscript Drafts with Results/Manuscript Final Version/Manuscript Prism Files/Fig.5. Chemo Treat PDAC Bx Results/5. Manuscript PDAC IHC CD45.prism,Data 1,,CD-45,"{'string': 'Folfirinox', 'version': 1, 'formatting': [{'range': '0~9', 'attributes': {'horizontalAlignment': 'left'}}]}",4,4,19.0
Manuscript Drafts with Results/Manuscript Final Version/Manuscript Prism Files/Fig.5. Chemo Treat PDAC Bx Results/5. Manuscript PDAC IHC CD45.prism,Data 1,,CD-45,Gem/Nab-p,1,4,38.9
Manuscript Drafts with Results/Manuscript Final Version/Manuscript Prism Files/Fig.5. Chemo Treat PDAC Bx Results/5. Manuscript PDAC IHC CD45.prism,Data 1,,CD-45,Gem/Nab-p,2,4,35.2
Manuscript Drafts with Results/Manuscript Final Version/Manuscript Prism Files/Fig.5. Chemo Treat PDAC Bx Results/5. Manuscript PDAC IHC CD45.prism,Data 1,,CD-45,Gem/Nab-p,3,4,31.9
Manuscript Drafts with Results/Manuscript Final Version/Manuscript Prism Files/Fig.5. Chemo Treat PDAC Bx Results/5. Manuscript PDAC IHC CD45.prism,Data 1,,CD-45,Gem/Nab-p,4,4,13.7
Manuscript Drafts with Results/Manuscript Final Version/Manuscript Prism Files/Fig.5. Chemo Treat PDAC Bx Results/5. Manuscript PDAC IHC CD45.prism,Data 1,,CD-45,RMC-7977,1,4,4.9
Manuscript Drafts with Results/Manuscript Final Version/Manuscript Prism Files/Fig.5. Chemo Treat PDAC Bx Results/5. Manuscript PDAC IHC CD45.prism,Data 1,,CD-45,RMC-7977,2,4,15.2
Manuscript Drafts with Results/Manuscript Final Version/Manuscript Prism Files/Fig.5. Chemo Treat PDAC Bx Results/5. Manuscript PDAC IHC CD45.prism,Data 1,,CD-45,RMC-7977,3,4,19.4
Manuscript Drafts with Results/Manuscript Final Version/Manuscript Prism Files/Fig.5. Chemo Treat PDAC Bx Results/5. Manuscript PDAC IHC CD45.prism,Data 1,,CD-45,RMC-7977,4,4,15.8
Manuscript Drafts with Results/Manuscript Final Version/Manuscript Prism Files/Fig.5. Chemo Treat PDAC Bx Results/5. Manuscript PDAC IHC CD45.prism,Data 1,,CD-45,STS,1,4,16.2
Manuscript Drafts with Results/Manuscript Final Version/Manuscript Prism Files/Fig.5. Chemo Treat PDAC Bx Results/5. Manuscript PDAC IHC CD45.prism,Data 1,,CD-45,STS,2,4,19.1
Manuscript Drafts with Results/Manuscript Final Version/Manuscript Prism Files/Fig.5. Chemo Treat PDAC Bx Results/5. Manuscript PDAC IHC CD45.prism,Data 1,,CD-45,STS,3,4,7.6
Manuscript Drafts with Results/Manuscript Final Version/Manuscript Prism Files/Fig.5. Chemo Treat PDAC Bx Results/5. Manuscript PDAC IHC CD45.prism,Data 1,,CD-45,STS,4,4,13.2
Manuscript Drafts with Results/Manuscript Final Version/Manuscript Prism Files/Fig.5. Chemo Treat PDAC Bx Results/6. Manuscript PDAC IHC EpCAM.prism,Data 1,,EpCAM,"{'string': 'DMSO', 'version': 1, 'formatting': [{'range': '0~3', 'attributes': {'horizontalAlignment': 'left'}}]}",1,4,11.0
Manuscript Drafts with Results/Manuscript Final Version/Manuscript Prism Files/Fig.5. Chemo Treat PDAC Bx Results/6. Manuscript PDAC IHC EpCAM.prism,Data 1,,EpCAM,"{'string': 'DMSO', 'version': 1, 'formatting': [{'range': '0~3', 'attributes': {'horizontalAlignment': 'left'}}]}",2,4,3.6
Manuscript Drafts with Results/Manuscript Final Version/Manuscript Prism Files/Fig.5. Chemo Treat PDAC Bx Results/6. Manuscript PDAC IHC EpCAM.prism,Data 1,,EpCAM,"{'string': 'DMSO', 'version': 1, 'formatting': [{'range': '0~3', 'attributes': {'horizontalAlignment': 'left'}}]}",3,4,7.5
Manuscript Drafts with Results/Manuscript Final Version/Manuscript Prism Files/Fig.5. Chemo Treat PDAC Bx Results/6. Manuscript PDAC IHC EpCAM.prism,Data 1,,EpCAM,"{'string': 'DMSO', 'version': 1, 'formatting': [{'range': '0~3', 'attributes': {'horizontalAlignment': 'left'}}]}",4,4,10.5
Manuscript Drafts with Results/Manuscript Final Version/Manuscript Prism Files/Fig.5. Chemo Treat PDAC Bx Results/6. Manuscript PDAC IHC EpCAM.prism,Data 1,,EpCAM,"{'string': 'Folfirinox', 'version': 1, 'formatting': [{'range': '0~9', 'attributes': {'horizontalAlignment': 'left'}}]}",1,4,7.3
Manuscript Drafts with Results/Manuscript Final Version/Manuscript Prism Files/Fig.5. Chemo Treat PDAC Bx Results/6. Manuscript PDAC IHC EpCAM.prism,Data 1,,EpCAM,"{'string': 'Folfirinox', 'version': 1, 'formatting': [{'range': '0~9', 'attributes': {'horizontalAlignment': 'left'}}]}",2,4,10.6
Manuscript Drafts with Results/Manuscript Final Version/Manuscript Prism Files/Fig.5. Chemo Treat PDAC Bx Results/6. Manuscript PDAC IHC EpCAM.prism,Data 1,,EpCAM,"{'string': 'Folfirinox', 'version': 1, 'formatting': [{'range': '0~9', 'attributes': {'horizontalAlignment': 'left'}}]}",3,4,3.4
Manuscript Drafts with Results/Manuscript Final Version/Manuscript Prism Files/Fig.5. Chemo Treat PDAC Bx Results/6. Manuscript PDAC IHC EpCAM.prism,Data 1,,EpCAM,"{'string': 'Folfirinox', 'version': 1, 'formatting': [{'range': '0~9', 'attributes': {'horizontalAlignment': 'left'}}]}",4,4,0.9
Manuscript Drafts with Results/Manuscript Final Version/Manuscript Prism Files/Fig.5. Chemo Treat PDAC Bx Results/6. Manuscript PDAC IHC EpCAM.prism,Data 1,,EpCAM,Gem/Nab-p,1,4,1.3
Manuscript Drafts with Results/Manuscript Final Version/Manuscript Prism Files/Fig.5. Chemo Treat PDAC Bx Results/6. Manuscript PDAC IHC EpCAM.prism,Data 1,,EpCAM,Gem/Nab-p,2,4,0.3
Manuscript Drafts with Results/Manuscript Final Version/Manuscript Prism Files/Fig.5. Chemo Treat PDAC Bx Results/6. Manuscript PDAC IHC EpCAM.prism,Data 1,,EpCAM,Gem/Nab-p,3,4,0.1
Manuscript Drafts with Results/Manuscript Final Version/Manuscript Prism Files/Fig.5. Chemo Treat PDAC Bx Results/6. Manuscript PDAC IHC EpCAM.prism,Data 1,,EpCAM,Gem/Nab-p,4,4,0.3
Manuscript Drafts with Results/Manuscript Final Version/Manuscript Prism Files/Fig.5. Chemo Treat PDAC Bx Results/6. Manuscript PDAC IHC EpCAM.prism,Data 1,,EpCAM,RMC-7977,1,4,1.1
Manuscript Drafts with Results/Manuscript Final Version/Manuscript Prism Files/Fig.5. Chemo Treat PDAC Bx Results/6. Manuscript PDAC IHC EpCAM.prism,Data 1,,EpCAM,RMC-7977,2,4,5.4
Manuscript Drafts with Results/Manuscript Final Version/Manuscript Prism Files/Fig.5. Chemo Treat PDAC Bx Results/6. Manuscript PDAC IHC EpCAM.prism,Data 1,,EpCAM,RMC-7977,3,4,2.4
Manuscript Drafts with Results/Manuscript Final Version/Manuscript Prism Files/Fig.5. Chemo Treat PDAC Bx Results/6. Manuscript PDAC IHC EpCAM.prism,Data 1,,EpCAM,RMC-7977,4,4,1.9
Manuscript Drafts with Results/Manuscript Final Version/Manuscript Prism Files/Fig.5. Chemo Treat PDAC Bx Results/6. Manuscript PDAC IHC EpCAM.prism,Data 1,,EpCAM,STS,1,4,7.9
Manuscript Drafts with Results/Manuscript Final Version/Manuscript Prism Files/Fig.5. Chemo Treat PDAC Bx Results/6. Manuscript PDAC IHC EpCAM.prism,Data 1,,EpCAM,STS,2,4,4.4
Manuscript Drafts with Results/Manuscript Final Version/Manuscript Prism Files/Fig.5. Chemo Treat PDAC Bx Results/6. Manuscript PDAC IHC EpCAM.prism,Data 1,,EpCAM,STS,3,4,1.3
Manuscript Drafts with Results/Manuscript Final Version/Manuscript Prism Files/Fig.5. Chemo Treat PDAC Bx Results/6. Manuscript PDAC IHC EpCAM.prism,Data 1,,EpCAM,STS,4,4,7.6
Manuscript Drafts with Results/Manuscript Final Version/Manuscript Prism Files/Suppl.Fig.1. Viability PDAC Bx Results/1. Manuscript PDAC Viability curve.prism,Data 1,,0.0612,Day1,1,2,0.3137
Manuscript Drafts with Results/Manuscript Final Version/Manuscript Prism Files/Suppl.Fig.1. Viability PDAC Bx Results/1. Manuscript PDAC Viability curve.prism,Data 1,,0.0612,Day1,2,2,0.659
Manuscript Drafts with Results/Manuscript Final Version/Manuscript Prism Files/Suppl.Fig.1. Viability PDAC Bx Results/1. Manuscript PDAC Viability curve.prism,Data 1,,0.0612,Day 3,1,2,0.387
Manuscript Drafts with Results/Manuscript Final Version/Manuscript Prism Files/Suppl.Fig.1. Viability PDAC Bx Results/1. Manuscript PDAC Viability curve.prism,Data 1,,0.0612,Day 3,2,2,0.722
Manuscript Drafts with Results/Manuscript Final Version/Manuscript Prism Files/Suppl.Fig.1. Viability PDAC Bx Results/1. Manuscript PDAC Viability curve.prism,Data 1,,0.0612,Day 5,1,2,0.849
Manuscript Drafts with Results/Manuscript Final Version/Manuscript Prism Files/Suppl.Fig.1. Viability PDAC Bx Results/1. Manuscript PDAC Viability curve.prism,Data 1,,0.0612,Day 5,2,2,1.134
Manuscript Drafts with Results/Manuscript Final Version/Manuscript Prism Files/Suppl.Fig.1. Viability PDAC Bx Results/1. Manuscript PDAC Viability curve.prism,Data 1,,0.0612,Day 7,1,2,1.0
Manuscript Drafts with Results/Manuscript Final Version/Manuscript Prism Files/Suppl.Fig.1. Viability PDAC Bx Results/2. Manuscript PDAC Viability H&E.prism,Data 1,,1572.2,Day 0,1,6,1477.8
Manuscript Drafts with Results/Manuscript Final Version/Manuscript Prism Files/Suppl.Fig.1. Viability PDAC Bx Results/2. Manuscript PDAC Viability H&E.prism,Data 1,,1572.2,Day 0,2,6,1126.5
Manuscript Drafts with Results/Manuscript Final Version/Manuscript Prism Files/Suppl.Fig.1. Viability PDAC Bx Results/2. Manuscript PDAC Viability H&E.prism,Data 1,,1572.2,Day 0,3,6,1008.8
Manuscript Drafts with Results/Manuscript Final Version/Manuscript Prism Files/Suppl.Fig.1. Viability PDAC Bx Results/2. Manuscript PDAC Viability H&E.prism,Data 1,,1572.2,Day 0,4,6,1253.7
Manuscript Drafts with Results/Manuscript Final Version/Manuscript Prism Files/Suppl.Fig.1. Viability PDAC Bx Results/2. Manuscript PDAC Viability H&E.prism,Data 1,,1572.2,Day 0,5,6,1292.5
Manuscript Drafts with Results/Manuscript Final Version/Manuscript Prism Files/Suppl.Fig.1. Viability PDAC Bx Results/2. Manuscript PDAC Viability H&E.prism,Data 1,,1572.2,Day 0,6,6,905.9
Manuscript Drafts with Results/Manuscript Final Version/Manuscript Prism Files/Suppl.Fig.1. Viability PDAC Bx Results/2. Manuscript PDAC Viability H&E.prism,Data 1,,1572.2,Day 2,1,6,1554.6
Manuscript Drafts with Results/Manuscript Final Version/Manuscript Prism Files/Suppl.Fig.1. Viability PDAC Bx Results/2. Manuscript PDAC Viability H&E.prism,Data 1,,1572.2,Day 2,2,6,724.1
Manuscript Drafts with Results/Manuscript Final Version/Manuscript Prism Files/Suppl.Fig.1. Viability PDAC Bx Results/2. Manuscript PDAC Viability H&E.prism,Data 1,,1572.2,Day 2,3,6,1770.9
Manuscript Drafts with Results/Manuscript Final Version/Manuscript Prism Files/Suppl.Fig.1. Viability PDAC Bx Results/2. Manuscript PDAC Viability H&E.prism,Data 1,,1572.2,Day 2,4,6,2376.3
Manuscript Drafts with Results/Manuscript Final Version/Manuscript Prism Files/Suppl.Fig.1. Viability PDAC Bx Results/2. Manuscript PDAC Viability H&E.prism,Data 1,,1572.2,Day 2,5,6,1145.7
Manuscript Drafts with Results/Manuscript Final Version/Manuscript Prism Files/Suppl.Fig.1. Viability PDAC Bx Results/2. Manuscript PDAC Viability H&E.prism,Data 1,,1572.2,Day 2,6,6,1132.3
Manuscript Drafts with Results/Manuscript Final Version/Manuscript Prism Files/Suppl.Fig.1. Viability PDAC Bx Results/2. Manuscript PDAC Viability H&E.prism,Data 1,,1572.2,Day 3,1,6,1745.1
Manuscript Drafts with Results/Manuscript Final Version/Manuscript Prism Files/Suppl.Fig.1. Viability PDAC Bx Results/2. Manuscript PDAC Viability H&E.prism,Data 1,,1572.2,Day 3,2,6,1298.8
Manuscript Drafts with Results/Manuscript Final Version/Manuscript Prism Files/Suppl.Fig.1. Viability PDAC Bx Results/2. Manuscript PDAC Viability H&E.prism,Data 1,,1572.2,Day 3,3,6,1767.0
Manuscript Drafts with Results/Manuscript Final Version/Manuscript Prism Files/Suppl.Fig.1. Viability PDAC Bx Results/2. Manuscript PDAC Viability H&E.prism,Data 1,,1572.2,Day 3,4,6,1464.5
Manuscript Drafts with Results/Manuscript Final Version/Manuscript Prism Files/Suppl.Fig.1. Viability PDAC Bx Results/2. Manuscript PDAC Viability H&E.prism,Data 1,,1572.2,Day 3,5,6,1346.4
Manuscript Drafts with Results/Manuscript Final Version/Manuscript Prism Files/Suppl.Fig.1. Viability PDAC Bx Results/2. Manuscript PDAC Viability H&E.prism,Data 1,,1572.2,Day 3,6,6,1021.3
Manuscript Drafts with Results/Manuscript Final Version/Manuscript Prism Files/Suppl.Fig.1. Viability PDAC Bx Results/2. Manuscript PDAC Viability H&E.prism,Data 1,,1572.2,Day 5,1,6,729.2
Manuscript Drafts with Results/Manuscript Final Version/Manuscript Prism Files/Suppl.Fig.1. Viability PDAC Bx Results/2. Manuscript PDAC Viability H&E.prism,Data 1,,1572.2,Day 5,2,6,1582.7
Manuscript Drafts with Results/Manuscript Final Version/Manuscript Prism Files/Suppl.Fig.1. Viability PDAC Bx Results/2. Manuscript PDAC Viability H&E.prism,Data 1,,1572.2,Day 5,3,6,957.6
Manuscript Drafts with Results/Manuscript Final Version/Manuscript Prism Files/Suppl.Fig.1. Viability PDAC Bx Results/2. Manuscript PDAC Viability H&E.prism,Data 1,,1572.2,Day 5,4,6,1373.4
Manuscript Drafts with Results/Manuscript Final Version/Manuscript Prism Files/Suppl.Fig.1. Viability PDAC Bx Results/2. Manuscript PDAC Viability H&E.prism,Data 1,,1572.2,Day 5,5,6,1187.9
Manuscript Drafts with Results/Manuscript Final Version/Manuscript Prism Files/Suppl.Fig.1. Viability PDAC Bx Results/2. Manuscript PDAC Viability H&E.prism,Data 1,,1572.2,Day 5,6,6,1374.9
Manuscript Drafts with Results/Manuscript Final Version/Manuscript Prism Files/Suppl.Fig.1. Viability PDAC Bx Results/2. Manuscript PDAC Viability H&E.prism,Data 1,,1572.2,Day 7,1,6,1555.8
Manuscript Drafts with Results/Manuscript Final Version/Manuscript Prism Files/Suppl.Fig.1. Viability PDAC Bx Results/2. Manuscript PDAC Viability H&E.prism,Data 1,,1572.2,Day 7,2,6,1308.2
Manuscript Drafts with Results/Manuscript Final Version/Manuscript Prism Files/Suppl.Fig.1. Viability PDAC Bx Results/2. Manuscript PDAC Viability H&E.prism,Data 1,,1572.2,Day 7,3,6,1570.1
Manuscript Drafts with Results/Manuscript Final Version/Manuscript Prism Files/Suppl.Fig.1. Viability PDAC Bx Results/2. Manuscript PDAC Viability H&E.prism,Data 1,,1572.2,Day 7,4,6,1544.1
Manuscript Drafts with Results/Manuscript Final Version/Manuscript Prism Files/Suppl.Fig.1. Viability PDAC Bx Results/2. Manuscript PDAC Viability H&E.prism,Data 1,,1572.2,Day 7,5,6,2012.2
Manuscript Drafts with Results/Manuscript Final Version/Manuscript Prism Files/Suppl.Fig.1. Viability PDAC Bx Results/3. Manuscript PDAC Viability IHC.prism,Data 1,,Day 2,"{'string': 'Cleaved Caspase-3', 'version': 1, 'formatting': [{'range': '0~16', 'attributes': {'horizontalAlignment': 'left'}}]}",1,4,2.0
Manuscript Drafts with Results/Manuscript Final Version/Manuscript Prism Files/Suppl.Fig.1. Viability PDAC Bx Results/3. Manuscript PDAC Viability IHC.prism,Data 1,,Day 2,"{'string': 'Cleaved Caspase-3', 'version': 1, 'formatting': [{'range': '0~16', 'attributes': {'horizontalAlignment': 'left'}}]}",2,4,1.1
Manuscript Drafts with Results/Manuscript Final Version/Manuscript Prism Files/Suppl.Fig.1. Viability PDAC Bx Results/3. Manuscript PDAC Viability IHC.prism,Data 1,,Day 2,"{'string': 'Cleaved Caspase-3', 'version': 1, 'formatting': [{'range': '0~16', 'attributes': {'horizontalAlignment': 'left'}}]}",3,4,3.4
Manuscript Drafts with Results/Manuscript Final Version/Manuscript Prism Files/Suppl.Fig.1. Viability PDAC Bx Results/3. Manuscript PDAC Viability IHC.prism,Data 1,,Day 2,"{'string': 'Cleaved Caspase-3', 'version': 1, 'formatting': [{'range': '0~16', 'attributes': {'horizontalAlignment': 'left'}}]}",4,4,3.0
Manuscript Drafts with Results/Manuscript Final Version/Manuscript Prism Files/Suppl.Fig.1. Viability PDAC Bx Results/3. Manuscript PDAC Viability IHC.prism,Data 1,,Day 2,"{'string': 'Ki-67', 'version': 1, 'formatting': [{'range': '0~4', 'attributes': {'horizontalAlignment': 'left'}}]}",1,4,11.6
Manuscript Drafts with Results/Manuscript Final Version/Manuscript Prism Files/Suppl.Fig.1. Viability PDAC Bx Results/3. Manuscript PDAC Viability IHC.prism,Data 1,,Day 2,"{'string': 'Ki-67', 'version': 1, 'formatting': [{'range': '0~4', 'attributes': {'horizontalAlignment': 'left'}}]}",2,4,4.0
Manuscript Drafts with Results/Manuscript Final Version/Manuscript Prism Files/Suppl.Fig.1. Viability PDAC Bx Results/3. Manuscript PDAC Viability IHC.prism,Data 1,,Day 2,"{'string': 'Ki-67', 'version': 1, 'formatting': [{'range': '0~4', 'attributes': {'horizontalAlignment': 'left'}}]}",3,4,1.5
Manuscript Drafts with Results/Manuscript Final Version/Manuscript Prism Files/Suppl.Fig.1. Viability PDAC Bx Results/3. Manuscript PDAC Viability IHC.prism,Data 1,,Day 2,"{'string': 'Ki-67', 'version': 1, 'formatting': [{'range': '0~4', 'attributes': {'horizontalAlignment': 'left'}}]}",4,4,4.6
Manuscript Drafts with Results/Manuscript Final Version/Manuscript Prism Files/Suppl.Fig.1. Viability PDAC Bx Results/3. Manuscript PDAC Viability IHC.prism,Data 1,,Day 2,"{'string': 'CD-45', 'version': 1, 'formatting': [{'range': '0~4', 'attributes': {'horizontalAlignment': 'left'}}]}",1,4,2.8
Manuscript Drafts with Results/Manuscript Final Version/Manuscript Prism Files/Suppl.Fig.1. Viability PDAC Bx Results/3. Manuscript PDAC Viability IHC.prism,Data 1,,Day 2,"{'string': 'CD-45', 'version': 1, 'formatting': [{'range': '0~4', 'attributes': {'horizontalAlignment': 'left'}}]}",2,4,5.0
Manuscript Drafts with Results/Manuscript Final Version/Manuscript Prism Files/Suppl.Fig.1. Viability PDAC Bx Results/3. Manuscript PDAC Viability IHC.prism,Data 1,,Day 2,"{'string': 'CD-45', 'version': 1, 'formatting': [{'range': '0~4', 'attributes': {'horizontalAlignment': 'left'}}]}",3,4,5.4
Manuscript Drafts with Results/Manuscript Final Version/Manuscript Prism Files/Suppl.Fig.1. Viability PDAC Bx Results/3. Manuscript PDAC Viability IHC.prism,Data 1,,Day 2,"{'string': 'CD-45', 'version': 1, 'formatting': [{'range': '0~4', 'attributes': {'horizontalAlignment': 'left'}}]}",4,4,3.8
Manuscript Drafts with Results/Manuscript Final Version/Manuscript Prism Files/Suppl.Fig.1. Viability PDAC Bx Results/3. Manuscript PDAC Viability IHC.prism,Data 1,,Day 2,"{'string': 'EpCAM', 'version': 1, 'formatting': [{'range': '0~4', 'attributes': {'horizontalAlignment': 'left'}}]}",1,4,0.4
Manuscript Drafts with Results/Manuscript Final Version/Manuscript Prism Files/Suppl.Fig.1. Viability PDAC Bx Results/3. Manuscript PDAC Viability IHC.prism,Data 1,,Day 2,"{'string': 'EpCAM', 'version': 1, 'formatting': [{'range': '0~4', 'attributes': {'horizontalAlignment': 'left'}}]}",2,4,0.2
Manuscript Drafts with Results/Manuscript Final Version/Manuscript Prism Files/Suppl.Fig.1. Viability PDAC Bx Results/3. Manuscript PDAC Viability IHC.prism,Data 1,,Day 2,"{'string': 'EpCAM', 'version': 1, 'formatting': [{'range': '0~4', 'attributes': {'horizontalAlignment': 'left'}}]}",3,4,1.3
Manuscript Drafts with Results/Manuscript Final Version/Manuscript Prism Files/Suppl.Fig.1. Viability PDAC Bx Results/3. Manuscript PDAC Viability IHC.prism,Data 1,,Day 2,"{'string': 'EpCAM', 'version': 1, 'formatting': [{'range': '0~4', 'attributes': {'horizontalAlignment': 'left'}}]}",4,4,0.4
Manuscript Drafts with Results/Manuscript Final Version/Manuscript Prism Files/Suppl.Fig.1. Viability PDAC Bx Results/3. Manuscript PDAC Viability IHC.prism,Data 1,,Day 7,"{'string': 'Cleaved Caspase-3', 'version': 1, 'formatting': [{'range': '0~16', 'attributes': {'horizontalAlignment': 'left'}}]}",1,4,1.5
Manuscript Drafts with Results/Manuscript Final Version/Manuscript Prism Files/Suppl.Fig.1. Viability PDAC Bx Results/3. Manuscript PDAC Viability IHC.prism,Data 1,,Day 7,"{'string': 'Cleaved Caspase-3', 'version': 1, 'formatting': [{'range': '0~16', 'attributes': {'horizontalAlignment': 'left'}}]}",2,4,3.4
Manuscript Drafts with Results/Manuscript Final Version/Manuscript Prism Files/Suppl.Fig.1. Viability PDAC Bx Results/3. Manuscript PDAC Viability IHC.prism,Data 1,,Day 7,"{'string': 'Cleaved Caspase-3', 'version': 1, 'formatting': [{'range': '0~16', 'attributes': {'horizontalAlignment': 'left'}}]}",3,4,1.5
Manuscript Drafts with Results/Manuscript Final Version/Manuscript Prism Files/Suppl.Fig.1. Viability PDAC Bx Results/3. Manuscript PDAC Viability IHC.prism,Data 1,,Day 7,"{'string': 'Cleaved Caspase-3', 'version': 1, 'formatting': [{'range': '0~16', 'attributes': {'horizontalAlignment': 'left'}}]}",4,4,1.5
Manuscript Drafts with Results/Manuscript Final Version/Manuscript Prism Files/Suppl.Fig.1. Viability PDAC Bx Results/3. Manuscript PDAC Viability IHC.prism,Data 1,,Day 7,"{'string': 'Ki-67', 'version': 1, 'formatting': [{'range': '0~4', 'attributes': {'horizontalAlignment': 'left'}}]}",1,4,24.1
Manuscript Drafts with Results/Manuscript Final Version/Manuscript Prism Files/Suppl.Fig.1. Viability PDAC Bx Results/3. Manuscript PDAC Viability IHC.prism,Data 1,,Day 7,"{'string': 'Ki-67', 'version': 1, 'formatting': [{'range': '0~4', 'attributes': {'horizontalAlignment': 'left'}}]}",2,4,19.9
Manuscript Drafts with Results/Manuscript Final Version/Manuscript Prism Files/Suppl.Fig.1. Viability PDAC Bx Results/3. Manuscript PDAC Viability IHC.prism,Data 1,,Day 7,"{'string': 'Ki-67', 'version': 1, 'formatting': [{'range': '0~4', 'attributes': {'horizontalAlignment': 'left'}}]}",3,4,35.6
Manuscript Drafts with Results/Manuscript Final Version/Manuscript Prism Files/Suppl.Fig.1. Viability PDAC Bx Results/3. Manuscript PDAC Viability IHC.prism,Data 1,,Day 7,"{'string': 'Ki-67', 'version': 1, 'formatting': [{'range': '0~4', 'attributes': {'horizontalAlignment': 'left'}}]}",4,4,26.1
Manuscript Drafts with Results/Manuscript Final Version/Manuscript Prism Files/Suppl.Fig.1. Viability PDAC Bx Results/3. Manuscript PDAC Viability IHC.prism,Data 1,,Day 7,"{'string': 'CD-45', 'version': 1, 'formatting': [{'range': '0~4', 'attributes': {'horizontalAlignment': 'left'}}]}",1,4,9.2
Manuscript Drafts with Results/Manuscript Final Version/Manuscript Prism Files/Suppl.Fig.1. Viability PDAC Bx Results/3. Manuscript PDAC Viability IHC.prism,Data 1,,Day 7,"{'string': 'CD-45', 'version': 1, 'formatting': [{'range': '0~4', 'attributes': {'horizontalAlignment': 'left'}}]}",2,4,6.7
Manuscript Drafts with Results/Manuscript Final Version/Manuscript Prism Files/Suppl.Fig.1. Viability PDAC Bx Results/3. Manuscript PDAC Viability IHC.prism,Data 1,,Day 7,"{'string': 'CD-45', 'version': 1, 'formatting': [{'range': '0~4', 'attributes': {'horizontalAlignment': 'left'}}]}",3,4,10.3
Manuscript Drafts with Results/Manuscript Final Version/Manuscript Prism Files/Suppl.Fig.1. Viability PDAC Bx Results/3. Manuscript PDAC Viability IHC.prism,Data 1,,Day 7,"{'string': 'CD-45', 'version': 1, 'formatting': [{'range': '0~4', 'attributes': {'horizontalAlignment': 'left'}}]}",4,4,10.7
Manuscript Drafts with Results/Manuscript Final Version/Manuscript Prism Files/Suppl.Fig.1. Viability PDAC Bx Results/3. Manuscript PDAC Viability IHC.prism,Data 1,,Day 7,"{'string': 'EpCAM', 'version': 1, 'formatting': [{'range': '0~4', 'attributes': {'horizontalAlignment': 'left'}}]}",1,4,17.9
Manuscript Drafts with Results/Manuscript Final Version/Manuscript Prism Files/Suppl.Fig.1. Viability PDAC Bx Results/3. Manuscript PDAC Viability IHC.prism,Data 1,,Day 7,"{'string': 'EpCAM', 'version': 1, 'formatting': [{'range': '0~4', 'attributes': {'horizontalAlignment': 'left'}}]}",2,4,9.9
Manuscript Drafts with Results/Manuscript Final Version/Manuscript Prism Files/Suppl.Fig.1. Viability PDAC Bx Results/3. Manuscript PDAC Viability IHC.prism,Data 1,,Day 7,"{'string': 'EpCAM', 'version': 1, 'formatting': [{'range': '0~4', 'attributes': {'horizontalAlignment': 'left'}}]}",3,4,9.2
Manuscript Drafts with Results/Manuscript Final Version/Manuscript Prism Files/Suppl.Fig.1. Viability PDAC Bx Results/3. Manuscript PDAC Viability IHC.prism,Data 1,,Day 7,"{'string': 'EpCAM', 'version': 1, 'formatting': [{'range': '0~4', 'attributes': {'horizontalAlignment': 'left'}}]}",4,4,10.8
